Sample_ID,Greywater_Source,pH,TEMP_C,SAL_ppt,TUR_NTU,DS_mg_L,TDS_mg_L,TSS_mg_L,COND_uS_cm,DO_mg_L,BOD_mg_L,COD_mg_L,NH4F_mg_L,NO3_mg_L,K_mg_L,E_coli_CFU_100mL,Routing_Class,Routing_Class_Name,Primary_Routing_Reason,Triggered_Parameters,Treatment_Required,Safety_Flag
1,Mixed,7.64,23.74,0.21,45.58,375.34,375.51,82.86,387.27,4.4,68.66,114.4,13.53,6.06,6.33,57843,2,Restricted Irrigation,Moderate Water Quality Profile Suitable for Restricted Irrigation,"BOD_exceeds_indoor(68.7mg/L), TSS_exceeds_indoor(82.9mg/L), TUR_exceeds_indoor(45.6NTU), E_coli_exceeds_indoor(57843CFU), TDS_exceeds_indoor(375.5mg/L)",Secondary Settling / Disc Filtration & Drip Irrigation Barrier Required,Restricted Non-Potable Landscape Irrigation
2,Laundry,6.84,36.43,0.41,46.55,390.32,379.6,93.22,745.51,0.3,316.95,686.97,16.27,3.56,19.34,95656,0,Sewer Bypass,Severe Contamination / Environmental Hazard,"Septic_Anoxic(DO=0.30,BOD=316.9,COD=687.0)",No Treatment Viable - Direct Sewer Bypass,Critical Hazard Failsafe
3,Mixed,7.08,26.9,0.23,50.84,211.78,223.9,66.25,590.83,2.82,205.57,287.79,8.59,8.34,17.01,56642,1,Bio-filtration,Elevated Organic / Particulate / Biological Load,BOD_elevated(205.6mg/L),Biological Oxidation & Sand Bio-filtration Required,Treatment Pathway Mandated
4,Kitchen,7.57,18.0,0.62,118.19,926.25,959.55,216.35,957.16,3.44,70.35,287.83,6.2,8.12,24.82,21673,0,Sewer Bypass,Severe Contamination / Environmental Hazard,"TDS_severe(959.5mg/L), SAL_severe(0.62ppt)",No Treatment Viable - Direct Sewer Bypass,Critical Hazard Failsafe
5,Bathroom,6.56,18.0,0.24,32.13,249.12,264.18,73.44,663.34,4.5,20.0,158.09,9.54,7.73,10.14,149080,1,Bio-filtration,Elevated Organic / Particulate / Biological Load,E_coli_elevated(149080CFU),Biological Oxidation & Sand Bio-filtration Required,Treatment Pathway Mandated
6,Mixed,6.96,30.37,0.34,26.61,242.82,237.9,44.78,656.25,2.15,153.28,443.2,3.18,3.65,18.32,103959,1,Bio-filtration,Elevated Organic / Particulate / Biological Load,"BOD_elevated(153.3mg/L), COD_elevated(443.2mg/L), E_coli_elevated(103959CFU)",Biological Oxidation & Sand Bio-filtration Required,Treatment Pathway Mandated
7,Mixed,6.75,23.74,0.38,51.77,265.9,293.82,78.54,457.83,2.91,211.78,296.5,11.74,4.31,10.67,27337,1,Bio-filtration,Elevated Organic / Particulate / Biological Load,BOD_elevated(211.8mg/L),Biological Oxidation & Sand Bio-filtration Required,Treatment Pathway Mandated
8,Mixed,7.08,21.76,0.35,68.69,360.62,402.24,124.41,522.18,2.65,159.17,222.84,10.51,7.9,6.96,98911,1,Bio-filtration,Elevated Organic / Particulate / Biological Load,"BOD_elevated(159.2mg/L), TSS_elevated(124.4mg/L), TUR_elevated(68.7NTU), E_coli_elevated(98911CFU)",Biological Oxidation & Sand Bio-filtration Required,Treatment Pathway Mandated
9,Bathroom,7.42,26.31,0.33,41.74,211.05,220.94,44.69,239.62,3.24,33.33,109.27,2.86,4.88,11.67,29186,2,Restricted Irrigation,Moderate Water Quality Profile Suitable for Restricted Irrigation,"TUR_exceeds_indoor(41.7NTU), E_coli_exceeds_indoor(29186CFU), SAL_exceeds_indoor(0.33ppt), DO_low_for_indoor(3.24mg/L)",Secondary Settling / Disc Filtration & Drip Irrigation Barrier Required,Restricted Non-Potable Landscape Irrigation
10,Laundry,7.06,28.44,0.5,102.93,581.14,633.53,182.74,831.94,3.2,120.76,480.96,11.84,6.34,20.41,54501,1,Bio-filtration,Elevated Organic / Particulate / Biological Load,"BOD_elevated(120.8mg/L), COD_elevated(481.0mg/L), TSS_elevated(182.7mg/L), TUR_elevated(102.9NTU)",Biological Oxidation & Sand Bio-filtration Required,Treatment Pathway Mandated
11,Laundry,7.0,25.86,0.26,93.58,410.6,440.14,190.86,1102.38,2.81,316.29,442.81,12.93,7.56,24.48,96974,1,Bio-filtration,Elevated Organic / Particulate / Biological Load,"BOD_elevated(316.3mg/L), COD_elevated(442.8mg/L), TSS_elevated(190.9mg/L), TUR_elevated(93.6NTU), E_coli_elevated(96974CFU)",Biological Oxidation & Sand Bio-filtration Required,Treatment Pathway Mandated
12,Mixed,7.7,18.0,0.33,101.18,368.27,367.13,126.59,444.91,3.89,158.91,329.72,3.32,7.21,17.55,57094,1,Bio-filtration,Elevated Organic / Particulate / Biological Load,"BOD_elevated(158.9mg/L), COD_elevated(329.7mg/L), TSS_elevated(126.6mg/L), TUR_elevated(101.2NTU)",Biological Oxidation & Sand Bio-filtration Required,Treatment Pathway Mandated
13,Kitchen,6.89,29.26,0.64,18.61,645.27,716.71,33.94,826.7,1.42,324.99,529.94,17.97,7.51,20.82,118414,0,Sewer Bypass,Severe Contamination / Environmental Hazard,SAL_severe(0.64ppt),No Treatment Viable - Direct Sewer Bypass,Critical Hazard Failsafe
14,Mixed,6.75,28.75,0.31,24.96,390.33,404.43,71.75,410.83,1.89,275.09,425.1,13.02,6.05,19.48,34806,1,Bio-filtration,Elevated Organic / Particulate / Biological Load,"BOD_elevated(275.1mg/L), COD_elevated(425.1mg/L), DO_depleted(1.89mg/L)",Biological Oxidation & Sand Bio-filtration Required,Treatment Pathway Mandated
15,Laundry,6.87,19.81,0.43,99.49,464.09,488.05,106.78,810.06,0.88,198.69,486.97,6.88,4.47,25.46,42204,1,Bio-filtration,Elevated Organic / Particulate / Biological Load,"BOD_elevated(198.7mg/L), COD_elevated(487.0mg/L), TSS_elevated(106.8mg/L), TUR_elevated(99.5NTU), DO_depleted(0.88mg/L)",Biological Oxidation & Sand Bio-filtration Required,Treatment Pathway Mandated
16,Bathroom,7.22,24.58,0.14,38.04,266.76,268.12,59.31,331.93,4.89,43.3,73.17,6.79,10.29,7.33,24516,2,Restricted Irrigation,Moderate Water Quality Profile Suitable for Restricted Irrigation,"TSS_exceeds_indoor(59.3mg/L), TUR_exceeds_indoor(38.0NTU), E_coli_exceeds_indoor(24516CFU)",Secondary Settling / Disc Filtration & Drip Irrigation Barrier Required,Restricted Non-Potable Landscape Irrigation
17,Laundry,6.51,24.78,0.42,99.7,126.06,130.03,264.84,591.17,1.22,394.79,552.71,4.82,6.67,13.38,29059,0,Sewer Bypass,Severe Contamination / Environmental Hazard,TSS_severe(264.8mg/L),No Treatment Viable - Direct Sewer Bypass,Critical Hazard Failsafe
18,Bathroom,7.04,24.37,0.2,28.53,299.97,330.93,64.79,352.84,3.99,97.3,181.29,5.7,4.4,17.33,20764,2,Restricted Irrigation,Moderate Water Quality Profile Suitable for Restricted Irrigation,"BOD_exceeds_indoor(97.3mg/L), COD_exceeds_indoor(181.3mg/L), TSS_exceeds_indoor(64.8mg/L), TUR_exceeds_indoor(28.5NTU), E_coli_exceeds_indoor(20764CFU), TDS_exceeds_indoor(330.9mg/L)",Secondary Settling / Disc Filtration & Drip Irrigation Barrier Required,Restricted Non-Potable Landscape Irrigation
19,Mixed,7.27,26.86,0.3,60.12,175.89,187.24,132.97,376.91,2.82,107.54,311.69,15.52,7.25,8.25,136964,1,Bio-filtration,Elevated Organic / Particulate / Biological Load,"COD_elevated(311.7mg/L), TSS_elevated(133.0mg/L), TUR_elevated(60.1NTU), E_coli_elevated(136964CFU)",Biological Oxidation & Sand Bio-filtration Required,Treatment Pathway Mandated
20,Kitchen,7.13,24.4,0.5,133.18,509.29,511.49,193.31,729.0,0.3,270.81,969.3,18.9,11.05,14.52,160943,0,Sewer Bypass,Severe Contamination / Environmental Hazard,"COD_severe(969.3mg/L), Septic_Anoxic(DO=0.30,BOD=270.8,COD=969.3)",No Treatment Viable - Direct Sewer Bypass,Critical Hazard Failsafe
21,Mixed,6.89,23.5,0.39,50.67,206.85,225.34,87.91,396.09,1.07,101.26,595.0,9.81,3.19,23.91,214432,1,Bio-filtration,Elevated Organic / Particulate / Biological Load,"COD_elevated(595.0mg/L), E_coli_elevated(214432CFU), DO_depleted(1.07mg/L)",Biological Oxidation & Sand Bio-filtration Required,Treatment Pathway Mandated
22,Laundry,7.0,20.94,0.21,102.0,290.61,285.34,220.75,674.49,1.95,169.86,669.99,14.98,3.01,17.79,220862,1,Bio-filtration,Elevated Organic / Particulate / Biological Load,"BOD_elevated(169.9mg/L), COD_elevated(670.0mg/L), TSS_elevated(220.8mg/L), TUR_elevated(102.0NTU), E_coli_elevated(220862CFU), DO_depleted(1.95mg/L)",Biological Oxidation & Sand Bio-filtration Required,Treatment Pathway Mandated
23,Mixed,6.72,26.96,0.31,71.23,265.97,300.22,117.77,508.6,3.45,123.94,253.48,11.63,5.32,14.46,76772,1,Bio-filtration,Elevated Organic / Particulate / Biological Load,"BOD_elevated(123.9mg/L), TSS_elevated(117.8mg/L), TUR_elevated(71.2NTU), E_coli_elevated(76772CFU)",Biological Oxidation & Sand Bio-filtration Required,Treatment Pathway Mandated
24,Mixed,6.63,29.15,0.34,64.99,333.41,333.93,59.87,300.31,2.72,159.54,317.87,13.05,7.91,19.43,53928,1,Bio-filtration,Elevated Organic / Particulate / Biological Load,"BOD_elevated(159.5mg/L), COD_elevated(317.9mg/L), TUR_elevated(65.0NTU)",Biological Oxidation & Sand Bio-filtration Required,Treatment Pathway Mandated
25,Mixed,6.56,30.46,0.44,92.79,364.2,393.81,195.17,658.86,3.94,103.93,276.22,9.79,3.55,19.98,124855,1,Bio-filtration,Elevated Organic / Particulate / Biological Load,"TSS_elevated(195.2mg/L), TUR_elevated(92.8NTU), E_coli_elevated(124855CFU)",Biological Oxidation & Sand Bio-filtration Required,Treatment Pathway Mandated
26,Bathroom,7.03,27.99,0.32,31.83,373.45,404.18,48.88,521.31,2.95,22.06,70.38,8.46,3.44,16.14,38749,2,Restricted Irrigation,Moderate Water Quality Profile Suitable for Restricted Irrigation,"TSS_exceeds_indoor(48.9mg/L), TUR_exceeds_indoor(31.8NTU), E_coli_exceeds_indoor(38749CFU), TDS_exceeds_indoor(404.2mg/L), SAL_exceeds_indoor(0.32ppt), DO_low_for_indoor(2.95mg/L)",Secondary Settling / Disc Filtration & Drip Irrigation Barrier Required,Restricted Non-Potable Landscape Irrigation
27,Laundry,6.68,28.04,0.48,85.05,505.85,516.7,126.6,634.4,2.8,324.06,453.68,8.52,8.51,24.87,106901,1,Bio-filtration,Elevated Organic / Particulate / Biological Load,"BOD_elevated(324.1mg/L), COD_elevated(453.7mg/L), TSS_elevated(126.6mg/L), TUR_elevated(85.0NTU), E_coli_elevated(106901CFU)",Biological Oxidation & Sand Bio-filtration Required,Treatment Pathway Mandated
28,Bathroom,7.06,26.06,0.2,43.31,241.25,248.85,94.96,452.81,3.05,28.72,81.57,11.35,9.53,22.86,3933,1,Bio-filtration,Elevated Organic / Particulate / Biological Load,TSS_elevated(95.0mg/L),Biological Oxidation & Sand Bio-filtration Required,Treatment Pathway Mandated
29,Bathroom,7.25,33.4,0.27,29.4,253.81,288.52,56.46,392.8,4.89,20.65,154.7,5.18,3.14,5.55,15322,2,Restricted Irrigation,Moderate Water Quality Profile Suitable for Restricted Irrigation,"COD_exceeds_indoor(154.7mg/L), TSS_exceeds_indoor(56.5mg/L), TUR_exceeds_indoor(29.4NTU)",Secondary Settling / Disc Filtration & Drip Irrigation Barrier Required,Restricted Non-Potable Landscape Irrigation
30,Kitchen,7.2,20.02,0.6,139.03,475.91,519.01,215.55,1059.44,0.3,331.8,851.68,13.11,6.34,17.44,231850,0,Sewer Bypass,Severe Contamination / Environmental Hazard,"COD_severe(851.7mg/L), Septic_Anoxic(DO=0.30,BOD=331.8,COD=851.7)",No Treatment Viable - Direct Sewer Bypass,Critical Hazard Failsafe
31,Kitchen,7.13,29.29,0.63,143.18,100.76,100.0,61.36,729.56,1.56,305.58,427.81,16.69,2.49,19.14,141958,0,Sewer Bypass,Severe Contamination / Environmental Hazard,"TUR_severe(143.2NTU), SAL_severe(0.63ppt)",No Treatment Viable - Direct Sewer Bypass,Critical Hazard Failsafe
32,Mixed,6.88,24.38,0.25,41.86,411.31,415.76,42.96,498.95,4.24,242.78,339.9,11.51,3.6,14.85,31402,1,Bio-filtration,Elevated Organic / Particulate / Biological Load,"BOD_elevated(242.8mg/L), COD_elevated(339.9mg/L)",Biological Oxidation & Sand Bio-filtration Required,Treatment Pathway Mandated
33,Laundry,6.45,27.43,0.33,54.17,140.52,148.73,53.56,545.82,0.3,182.42,918.18,11.72,2.38,10.96,99218,0,Sewer Bypass,Severe Contamination / Environmental Hazard,"COD_severe(918.2mg/L), Septic_Anoxic(DO=0.30,BOD=182.4,COD=918.2)",No Treatment Viable - Direct Sewer Bypass,Critical Hazard Failsafe
34,Laundry,6.54,31.09,0.38,55.01,368.12,393.06,103.09,562.77,2.98,253.55,401.2,12.76,5.84,15.74,177429,1,Bio-filtration,Elevated Organic / Particulate / Biological Load,"BOD_elevated(253.6mg/L), COD_elevated(401.2mg/L), TSS_elevated(103.1mg/L), E_coli_elevated(177429CFU)",Biological Oxidation & Sand Bio-filtration Required,Treatment Pathway Mandated
35,Laundry,6.82,25.62,0.42,98.48,588.12,648.86,211.38,372.62,1.3,456.41,638.97,12.6,6.07,20.47,36453,0,Sewer Bypass,Severe Contamination / Environmental Hazard,BOD_severe(456.4mg/L),No Treatment Viable - Direct Sewer Bypass,Critical Hazard Failsafe
36,Bathroom,6.9,27.89,0.27,25.6,192.23,212.27,50.58,585.22,4.51,76.23,134.0,10.36,5.65,12.53,183072,1,Bio-filtration,Elevated Organic / Particulate / Biological Load,E_coli_elevated(183072CFU),Biological Oxidation & Sand Bio-filtration Required,Treatment Pathway Mandated
37,Bathroom,6.84,24.0,0.16,40.32,272.19,301.16,92.94,508.73,3.04,81.15,158.47,16.33,7.62,16.47,98096,1,Bio-filtration,Elevated Organic / Particulate / Biological Load,"TSS_elevated(92.9mg/L), E_coli_elevated(98096CFU)",Biological Oxidation & Sand Bio-filtration Required,Treatment Pathway Mandated
38,Laundry,6.96,26.87,0.41,73.05,494.48,505.06,131.96,540.08,1.54,272.18,381.06,14.34,0.94,20.6,49597,1,Bio-filtration,Elevated Organic / Particulate / Biological Load,"BOD_elevated(272.2mg/L), COD_elevated(381.1mg/L), TSS_elevated(132.0mg/L), TUR_elevated(73.0NTU), DO_depleted(1.54mg/L)",Biological Oxidation & Sand Bio-filtration Required,Treatment Pathway Mandated
39,Bathroom,7.46,24.78,0.33,43.08,237.92,246.66,91.83,464.68,4.88,33.14,143.4,11.14,9.72,11.88,5035,1,Bio-filtration,Elevated Organic / Particulate / Biological Load,TSS_elevated(91.8mg/L),Biological Oxidation & Sand Bio-filtration Required,Treatment Pathway Mandated
40,Kitchen,7.05,29.97,0.64,140.91,565.89,618.41,302.27,610.57,0.3,650.0,910.0,15.78,2.64,18.26,50286,0,Sewer Bypass,Severe Contamination / Environmental Hazard,"BOD_severe(650.0mg/L), COD_severe(910.0mg/L), TSS_severe(302.3mg/L), TUR_severe(140.9NTU), SAL_severe(0.64ppt), Septic_Anoxic(DO=0.30,BOD=650.0,COD=910.0)",No Treatment Viable - Direct Sewer Bypass,Critical Hazard Failsafe
41,Laundry,6.39,34.75,0.4,104.07,453.9,478.98,179.23,806.42,1.71,339.44,502.96,7.46,1.64,17.88,84649,1,Bio-filtration,Elevated Organic / Particulate / Biological Load,"BOD_elevated(339.4mg/L), COD_elevated(503.0mg/L), TSS_elevated(179.2mg/L), TUR_elevated(104.1NTU), E_coli_elevated(84649CFU), DO_depleted(1.71mg/L)",Biological Oxidation & Sand Bio-filtration Required,Treatment Pathway Mandated
42,Mixed,6.85,26.84,0.23,66.22,107.63,116.56,131.34,598.96,3.18,170.14,407.35,10.17,4.88,10.6,111755,1,Bio-filtration,Elevated Organic / Particulate / Biological Load,"BOD_elevated(170.1mg/L), COD_elevated(407.4mg/L), TSS_elevated(131.3mg/L), TUR_elevated(66.2NTU), E_coli_elevated(111755CFU)",Biological Oxidation & Sand Bio-filtration Required,Treatment Pathway Mandated
43,Kitchen,7.47,29.83,0.49,125.54,720.31,747.38,270.3,1020.25,0.3,96.86,1000.0,2.59,3.78,27.07,113404,0,Sewer Bypass,Severe Contamination / Environmental Hazard,"COD_severe(1000.0mg/L), TSS_severe(270.3mg/L), Septic_Anoxic(DO=0.30,BOD=96.9,COD=1000.0)",No Treatment Viable - Direct Sewer Bypass,Critical Hazard Failsafe
44,Laundry,6.72,33.3,0.47,60.18,316.72,327.04,118.89,735.34,1.0,302.24,632.49,12.78,6.24,17.98,173220,1,Bio-filtration,Elevated Organic / Particulate / Biological Load,"BOD_elevated(302.2mg/L), COD_elevated(632.5mg/L), TSS_elevated(118.9mg/L), TUR_elevated(60.2NTU), E_coli_elevated(173220CFU), DO_depleted(1.00mg/L)",Biological Oxidation & Sand Bio-filtration Required,Treatment Pathway Mandated
45,Mixed,7.49,27.2,0.28,46.59,322.85,336.7,87.92,829.13,2.61,187.03,412.19,20.16,5.86,18.67,31490,1,Bio-filtration,Elevated Organic / Particulate / Biological Load,"BOD_elevated(187.0mg/L), COD_elevated(412.2mg/L)",Biological Oxidation & Sand Bio-filtration Required,Treatment Pathway Mandated
46,Mixed,7.18,28.12,0.54,84.25,365.34,361.59,148.06,507.98,2.89,185.23,259.32,7.01,7.43,15.6,79508,1,Bio-filtration,Elevated Organic / Particulate / Biological Load,"BOD_elevated(185.2mg/L), TSS_elevated(148.1mg/L), TUR_elevated(84.2NTU), E_coli_elevated(79508CFU)",Biological Oxidation & Sand Bio-filtration Required,Treatment Pathway Mandated
47,Laundry,6.88,30.29,0.34,66.85,282.21,291.25,138.4,710.48,1.59,355.88,498.23,9.56,8.37,19.54,146499,1,Bio-filtration,Elevated Organic / Particulate / Biological Load,"BOD_elevated(355.9mg/L), COD_elevated(498.2mg/L), TSS_elevated(138.4mg/L), TUR_elevated(66.8NTU), E_coli_elevated(146499CFU), DO_depleted(1.59mg/L)",Biological Oxidation & Sand Bio-filtration Required,Treatment Pathway Mandated
48,Bathroom,7.44,38.0,0.23,14.06,203.88,217.98,19.93,391.12,4.17,28.23,145.24,10.35,6.84,18.28,13767,2,Restricted Irrigation,Moderate Water Quality Profile Suitable for Restricted Irrigation,COD_exceeds_indoor(145.2mg/L),Secondary Settling / Disc Filtration & Drip Irrigation Barrier Required,Restricted Non-Potable Landscape Irrigation
49,Kitchen,8.14,28.05,0.51,41.78,373.58,419.57,75.52,826.19,0.3,631.53,884.14,13.75,4.1,18.48,178331,0,Sewer Bypass,Severe Contamination / Environmental Hazard,"BOD_severe(631.5mg/L), COD_severe(884.1mg/L), Septic_Anoxic(DO=0.30,BOD=631.5,COD=884.1)",No Treatment Viable - Direct Sewer Bypass,Critical Hazard Failsafe
50,Bathroom,6.35,26.19,0.26,35.17,242.93,261.93,54.77,498.85,3.69,68.31,179.18,7.2,6.45,18.98,12955,2,Restricted Irrigation,Moderate Water Quality Profile Suitable for Restricted Irrigation,"BOD_exceeds_indoor(68.3mg/L), COD_exceeds_indoor(179.2mg/L), TSS_exceeds_indoor(54.8mg/L), TUR_exceeds_indoor(35.2NTU), pH_outside_indoor(6.35)",Secondary Settling / Disc Filtration & Drip Irrigation Barrier Required,Restricted Non-Potable Landscape Irrigation
51,Bathroom,7.28,31.41,0.24,50.82,397.32,429.38,91.8,521.35,4.7,40.72,62.41,5.54,5.61,14.47,6659,1,Bio-filtration,Elevated Organic / Particulate / Biological Load,TSS_elevated(91.8mg/L),Biological Oxidation & Sand Bio-filtration Required,Treatment Pathway Mandated
52,Bathroom,7.08,27.68,0.15,42.1,450.21,463.61,84.96,391.12,3.41,89.82,125.75,9.19,5.55,14.44,14742,2,Restricted Irrigation,Moderate Water Quality Profile Suitable for Restricted Irrigation,"BOD_exceeds_indoor(89.8mg/L), COD_exceeds_indoor(125.8mg/L), TSS_exceeds_indoor(85.0mg/L), TUR_exceeds_indoor(42.1NTU), TDS_exceeds_indoor(463.6mg/L), DO_low_for_indoor(3.41mg/L)",Secondary Settling / Disc Filtration & Drip Irrigation Barrier Required,Restricted Non-Potable Landscape Irrigation
53,Mixed,7.73,23.37,0.26,33.29,414.72,423.32,50.63,349.86,1.64,156.5,422.4,10.01,7.15,6.44,196818,1,Bio-filtration,Elevated Organic / Particulate / Biological Load,"BOD_elevated(156.5mg/L), COD_elevated(422.4mg/L), E_coli_elevated(196818CFU), DO_depleted(1.64mg/L)",Biological Oxidation & Sand Bio-filtration Required,Treatment Pathway Mandated
54,Kitchen,6.99,28.49,0.56,130.36,780.94,795.23,95.19,696.58,0.73,322.7,817.01,15.27,5.79,14.7,95121,0,Sewer Bypass,Severe Contamination / Environmental Hazard,"COD_severe(817.0mg/L), Septic_Anoxic(DO=0.73,BOD=322.7,COD=817.0)",No Treatment Viable - Direct Sewer Bypass,Critical Hazard Failsafe
55,Kitchen,7.55,22.09,0.7,146.51,736.84,763.51,61.73,600.13,3.69,273.48,382.88,12.16,8.18,24.84,237268,0,Sewer Bypass,Severe Contamination / Environmental Hazard,"TUR_severe(146.5NTU), SAL_severe(0.70ppt)",No Treatment Viable - Direct Sewer Bypass,Critical Hazard Failsafe
56,Mixed,7.43,30.14,0.42,116.81,382.15,426.13,233.74,694.4,3.21,132.7,422.32,20.28,5.12,15.85,51540,1,Bio-filtration,Elevated Organic / Particulate / Biological Load,"BOD_elevated(132.7mg/L), COD_elevated(422.3mg/L), TSS_elevated(233.7mg/L), TUR_elevated(116.8NTU)",Biological Oxidation & Sand Bio-filtration Required,Treatment Pathway Mandated
57,Laundry,6.73,22.99,0.4,5.0,364.49,373.92,10.0,953.79,2.09,424.6,594.43,15.49,8.98,17.89,131387,0,Sewer Bypass,Severe Contamination / Environmental Hazard,BOD_severe(424.6mg/L),No Treatment Viable - Direct Sewer Bypass,Critical Hazard Failsafe
58,Laundry,7.03,25.7,0.49,108.47,681.74,718.24,215.71,850.93,3.05,281.31,393.84,3.34,8.21,23.62,217391,1,Bio-filtration,Elevated Organic / Particulate / Biological Load,"BOD_elevated(281.3mg/L), COD_elevated(393.8mg/L), TSS_elevated(215.7mg/L), TUR_elevated(108.5NTU), E_coli_elevated(217391CFU)",Biological Oxidation & Sand Bio-filtration Required,Treatment Pathway Mandated
59,Bathroom,6.68,20.01,0.32,38.19,260.64,277.18,70.2,850.99,5.17,78.09,168.4,8.41,1.56,15.21,45036,2,Restricted Irrigation,Moderate Water Quality Profile Suitable for Restricted Irrigation,"BOD_exceeds_indoor(78.1mg/L), COD_exceeds_indoor(168.4mg/L), TSS_exceeds_indoor(70.2mg/L), TUR_exceeds_indoor(38.2NTU), E_coli_exceeds_indoor(45036CFU), SAL_exceeds_indoor(0.32ppt)",Secondary Settling / Disc Filtration & Drip Irrigation Barrier Required,Restricted Non-Potable Landscape Irrigation
60,Bathroom,6.66,26.21,0.25,26.53,402.1,406.17,55.52,594.34,2.75,59.35,83.08,9.49,6.41,24.14,96261,1,Bio-filtration,Elevated Organic / Particulate / Biological Load,E_coli_elevated(96261CFU),Biological Oxidation & Sand Bio-filtration Required,Treatment Pathway Mandated
61,Kitchen,7.95,22.51,0.52,105.2,728.52,686.46,259.44,1068.84,0.3,226.35,893.28,10.44,5.61,30.26,105207,0,Sewer Bypass,Severe Contamination / Environmental Hazard,"COD_severe(893.3mg/L), TSS_severe(259.4mg/L), Septic_Anoxic(DO=0.30,BOD=226.3,COD=893.3)",No Treatment Viable - Direct Sewer Bypass,Critical Hazard Failsafe
62,Laundry,6.05,29.27,0.28,71.76,416.57,435.5,120.33,779.97,0.49,222.09,669.28,4.9,6.73,24.15,76480,0,Sewer Bypass,Severe Contamination / Environmental Hazard,"Septic_Anoxic(DO=0.49,BOD=222.1,COD=669.3)",No Treatment Viable - Direct Sewer Bypass,Critical Hazard Failsafe
63,Laundry,6.21,30.18,0.39,39.81,434.36,469.84,50.88,592.92,0.74,207.85,651.26,15.04,6.77,15.56,33652,0,Sewer Bypass,Severe Contamination / Environmental Hazard,"Septic_Anoxic(DO=0.74,BOD=207.8,COD=651.3)",No Treatment Viable - Direct Sewer Bypass,Critical Hazard Failsafe
64,Mixed,6.72,28.31,0.18,56.93,93.86,100.0,79.4,749.32,3.59,67.75,416.55,6.04,4.22,16.58,6830,1,Bio-filtration,Elevated Organic / Particulate / Biological Load,COD_elevated(416.6mg/L),Biological Oxidation & Sand Bio-filtration Required,Treatment Pathway Mandated
65,Kitchen,6.75,25.74,0.5,180.0,502.81,521.57,350.0,1200.0,0.3,347.64,1000.0,17.32,4.35,20.34,117685,0,Sewer Bypass,Severe Contamination / Environmental Hazard,"COD_severe(1000.0mg/L), TSS_severe(350.0mg/L), TUR_severe(180.0NTU), Septic_Anoxic(DO=0.30,BOD=347.6,COD=1000.0)",No Treatment Viable - Direct Sewer Bypass,Critical Hazard Failsafe
66,Laundry,6.56,22.58,0.32,104.19,533.19,558.42,190.83,746.7,2.91,362.85,694.86,11.94,5.04,24.22,181477,1,Bio-filtration,Elevated Organic / Particulate / Biological Load,"BOD_elevated(362.9mg/L), COD_elevated(694.9mg/L), TSS_elevated(190.8mg/L), TUR_elevated(104.2NTU), E_coli_elevated(181477CFU)",Biological Oxidation & Sand Bio-filtration Required,Treatment Pathway Mandated
67,Laundry,6.71,25.19,0.35,112.99,305.0,323.24,207.94,811.18,2.93,73.65,177.76,3.85,5.0,10.9,39617,1,Bio-filtration,Elevated Organic / Particulate / Biological Load,"TSS_elevated(207.9mg/L), TUR_elevated(113.0NTU)",Biological Oxidation & Sand Bio-filtration Required,Treatment Pathway Mandated
68,Laundry,6.63,25.02,0.43,138.97,495.11,515.39,221.32,594.24,2.13,345.43,483.6,5.05,5.83,23.54,60458,1,Bio-filtration,Elevated Organic / Particulate / Biological Load,"BOD_elevated(345.4mg/L), COD_elevated(483.6mg/L), TSS_elevated(221.3mg/L), TUR_elevated(139.0NTU)",Biological Oxidation & Sand Bio-filtration Required,Treatment Pathway Mandated
69,Bathroom,7.64,23.03,0.32,37.66,264.8,276.99,65.86,532.81,4.87,85.31,129.9,6.47,7.05,12.34,59524,2,Restricted Irrigation,Moderate Water Quality Profile Suitable for Restricted Irrigation,"BOD_exceeds_indoor(85.3mg/L), COD_exceeds_indoor(129.9mg/L), TSS_exceeds_indoor(65.9mg/L), TUR_exceeds_indoor(37.7NTU), E_coli_exceeds_indoor(59524CFU), SAL_exceeds_indoor(0.32ppt)",Secondary Settling / Disc Filtration & Drip Irrigation Barrier Required,Restricted Non-Potable Landscape Irrigation
70,Laundry,7.67,26.45,0.48,22.1,362.63,359.3,45.28,697.79,1.11,334.26,770.15,19.1,7.25,21.92,58844,1,Bio-filtration,Elevated Organic / Particulate / Biological Load,"BOD_elevated(334.3mg/L), COD_elevated(770.1mg/L), DO_depleted(1.11mg/L)",Biological Oxidation & Sand Bio-filtration Required,Treatment Pathway Mandated
71,Bathroom,6.79,34.68,0.36,37.65,335.43,347.61,57.83,521.31,4.26,67.22,94.1,16.14,5.86,8.21,132791,1,Bio-filtration,Elevated Organic / Particulate / Biological Load,E_coli_elevated(132791CFU),Biological Oxidation & Sand Bio-filtration Required,Treatment Pathway Mandated
72,Laundry,7.14,26.68,0.42,82.65,534.49,569.62,191.48,742.31,2.79,296.3,506.93,8.98,2.47,23.62,150394,1,Bio-filtration,Elevated Organic / Particulate / Biological Load,"BOD_elevated(296.3mg/L), COD_elevated(506.9mg/L), TSS_elevated(191.5mg/L), TUR_elevated(82.7NTU), E_coli_elevated(150394CFU)",Biological Oxidation & Sand Bio-filtration Required,Treatment Pathway Mandated
73,Mixed,7.47,28.83,0.48,57.71,390.9,407.96,91.22,510.55,1.54,48.96,352.48,8.3,4.8,7.69,103289,1,Bio-filtration,Elevated Organic / Particulate / Biological Load,"COD_elevated(352.5mg/L), TSS_elevated(91.2mg/L), E_coli_elevated(103289CFU), DO_depleted(1.54mg/L)",Biological Oxidation & Sand Bio-filtration Required,Treatment Pathway Mandated
74,Bathroom,6.87,18.0,0.36,45.28,408.39,400.54,88.83,525.51,3.16,92.01,181.58,10.19,6.69,8.96,31979,2,Restricted Irrigation,Moderate Water Quality Profile Suitable for Restricted Irrigation,"BOD_exceeds_indoor(92.0mg/L), COD_exceeds_indoor(181.6mg/L), TSS_exceeds_indoor(88.8mg/L), TUR_exceeds_indoor(45.3NTU), E_coli_exceeds_indoor(31979CFU), TDS_exceeds_indoor(400.5mg/L), SAL_exceeds_indoor(0.36ppt), DO_low_for_indoor(3.16mg/L)",Secondary Settling / Disc Filtration & Drip Irrigation Barrier Required,Restricted Non-Potable Landscape Irrigation
75,Bathroom,7.8,29.88,0.17,53.05,282.69,295.36,104.59,422.43,3.05,82.86,192.44,13.11,5.88,18.13,31688,1,Bio-filtration,Elevated Organic / Particulate / Biological Load,TSS_elevated(104.6mg/L),Biological Oxidation & Sand Bio-filtration Required,Treatment Pathway Mandated
76,Bathroom,7.35,27.37,0.29,52.27,301.39,305.99,74.49,778.18,3.75,70.69,98.96,14.01,6.69,7.02,56487,2,Restricted Irrigation,Moderate Water Quality Profile Suitable for Restricted Irrigation,"BOD_exceeds_indoor(70.7mg/L), TSS_exceeds_indoor(74.5mg/L), TUR_exceeds_indoor(52.3NTU), E_coli_exceeds_indoor(56487CFU), TDS_exceeds_indoor(306.0mg/L), SAL_exceeds_indoor(0.29ppt)",Secondary Settling / Disc Filtration & Drip Irrigation Barrier Required,Restricted Non-Potable Landscape Irrigation
77,Bathroom,6.81,33.35,0.23,33.92,299.32,297.2,47.36,401.26,3.05,73.2,102.48,12.39,4.79,14.5,3123,2,Restricted Irrigation,Moderate Water Quality Profile Suitable for Restricted Irrigation,"BOD_exceeds_indoor(73.2mg/L), TSS_exceeds_indoor(47.4mg/L), TUR_exceeds_indoor(33.9NTU), DO_low_for_indoor(3.05mg/L)",Secondary Settling / Disc Filtration & Drip Irrigation Barrier Required,Restricted Non-Potable Landscape Irrigation
78,Kitchen,7.16,26.97,0.67,159.08,473.31,461.18,237.33,716.46,1.49,379.6,564.75,19.11,9.46,14.83,143768,0,Sewer Bypass,Severe Contamination / Environmental Hazard,"TUR_severe(159.1NTU), SAL_severe(0.67ppt)",No Treatment Viable - Direct Sewer Bypass,Critical Hazard Failsafe
79,Laundry,6.93,22.56,0.38,93.15,433.1,430.69,218.28,610.03,2.49,354.4,496.16,12.96,4.1,13.68,340047,1,Bio-filtration,Elevated Organic / Particulate / Biological Load,"BOD_elevated(354.4mg/L), COD_elevated(496.2mg/L), TSS_elevated(218.3mg/L), TUR_elevated(93.2NTU), E_coli_elevated(340047CFU)",Biological Oxidation & Sand Bio-filtration Required,Treatment Pathway Mandated
80,Mixed,7.25,34.38,0.42,53.31,378.82,358.83,70.6,309.93,2.74,107.08,297.83,10.68,3.95,16.48,109761,1,Bio-filtration,Elevated Organic / Particulate / Biological Load,E_coli_elevated(109761CFU),Biological Oxidation & Sand Bio-filtration Required,Treatment Pathway Mandated
81,Kitchen,7.05,23.85,0.53,105.41,323.31,342.81,195.37,771.89,2.32,347.21,539.34,18.95,5.59,19.57,118039,1,Bio-filtration,Elevated Organic / Particulate / Biological Load,"BOD_elevated(347.2mg/L), COD_elevated(539.3mg/L), TSS_elevated(195.4mg/L), TUR_elevated(105.4NTU), E_coli_elevated(118039CFU)",Biological Oxidation & Sand Bio-filtration Required,Treatment Pathway Mandated
82,Laundry,7.03,34.05,0.48,111.91,196.83,201.23,263.53,626.36,3.41,202.71,283.79,4.01,4.84,21.45,11849,0,Sewer Bypass,Severe Contamination / Environmental Hazard,TSS_severe(263.5mg/L),No Treatment Viable - Direct Sewer Bypass,Critical Hazard Failsafe
83,Mixed,6.85,22.36,0.33,63.56,298.48,293.79,141.7,612.65,4.13,185.17,259.23,6.33,7.18,22.34,86432,1,Bio-filtration,Elevated Organic / Particulate / Biological Load,"BOD_elevated(185.2mg/L), TSS_elevated(141.7mg/L), TUR_elevated(63.6NTU), E_coli_elevated(86432CFU)",Biological Oxidation & Sand Bio-filtration Required,Treatment Pathway Mandated
84,Bathroom,6.94,28.8,0.24,5.0,291.79,305.39,10.0,604.5,4.31,29.92,123.57,8.91,6.04,21.78,6751,2,Restricted Irrigation,Moderate Water Quality Profile Suitable for Restricted Irrigation,TDS_exceeds_indoor(305.4mg/L),Secondary Settling / Disc Filtration & Drip Irrigation Barrier Required,Restricted Non-Potable Landscape Irrigation
85,Bathroom,7.06,32.8,0.24,13.75,276.38,295.09,22.46,411.79,3.26,95.51,133.71,4.22,8.79,14.11,19493,2,Restricted Irrigation,Moderate Water Quality Profile Suitable for Restricted Irrigation,"BOD_exceeds_indoor(95.5mg/L), COD_exceeds_indoor(133.7mg/L), DO_low_for_indoor(3.26mg/L)",Secondary Settling / Disc Filtration & Drip Irrigation Barrier Required,Restricted Non-Potable Landscape Irrigation
86,Bathroom,6.86,22.75,0.18,32.12,494.12,486.49,45.49,597.45,4.87,20.0,176.39,12.48,5.06,18.46,42330,2,Restricted Irrigation,Moderate Water Quality Profile Suitable for Restricted Irrigation,"COD_exceeds_indoor(176.4mg/L), TSS_exceeds_indoor(45.5mg/L), TUR_exceeds_indoor(32.1NTU), E_coli_exceeds_indoor(42330CFU), TDS_exceeds_indoor(486.5mg/L)",Secondary Settling / Disc Filtration & Drip Irrigation Barrier Required,Restricted Non-Potable Landscape Irrigation
87,Kitchen,7.54,25.23,0.58,52.0,622.46,620.5,65.58,974.88,0.3,455.02,913.63,8.36,4.6,25.75,87237,0,Sewer Bypass,Severe Contamination / Environmental Hazard,"BOD_severe(455.0mg/L), COD_severe(913.6mg/L), Septic_Anoxic(DO=0.30,BOD=455.0,COD=913.6)",No Treatment Viable - Direct Sewer Bypass,Critical Hazard Failsafe
88,Laundry,6.66,18.8,0.38,153.28,531.58,536.52,342.64,747.54,4.35,261.66,459.19,14.15,5.2,22.38,29112,0,Sewer Bypass,Severe Contamination / Environmental Hazard,"TSS_severe(342.6mg/L), TUR_severe(153.3NTU)",No Treatment Viable - Direct Sewer Bypass,Critical Hazard Failsafe
89,Bathroom,7.53,24.03,0.25,41.14,360.45,369.54,75.8,521.29,5.53,42.31,109.55,8.2,4.08,14.96,60105,2,Restricted Irrigation,Moderate Water Quality Profile Suitable for Restricted Irrigation,"TSS_exceeds_indoor(75.8mg/L), TUR_exceeds_indoor(41.1NTU), E_coli_exceeds_indoor(60105CFU), TDS_exceeds_indoor(369.5mg/L)",Secondary Settling / Disc Filtration & Drip Irrigation Barrier Required,Restricted Non-Potable Landscape Irrigation
90,Laundry,7.14,29.52,0.47,86.44,470.83,503.96,145.49,807.22,2.82,170.03,378.31,17.45,2.57,20.95,20206,1,Bio-filtration,Elevated Organic / Particulate / Biological Load,"BOD_elevated(170.0mg/L), COD_elevated(378.3mg/L), TSS_elevated(145.5mg/L), TUR_elevated(86.4NTU)",Biological Oxidation & Sand Bio-filtration Required,Treatment Pathway Mandated
91,Bathroom,6.78,25.36,0.31,29.85,225.82,235.16,46.54,345.09,2.76,71.56,168.36,10.27,7.17,10.37,20184,2,Restricted Irrigation,Moderate Water Quality Profile Suitable for Restricted Irrigation,"BOD_exceeds_indoor(71.6mg/L), COD_exceeds_indoor(168.4mg/L), TSS_exceeds_indoor(46.5mg/L), TUR_exceeds_indoor(29.9NTU), E_coli_exceeds_indoor(20184CFU), SAL_exceeds_indoor(0.31ppt), DO_low_for_indoor(2.76mg/L)",Secondary Settling / Disc Filtration & Drip Irrigation Barrier Required,Restricted Non-Potable Landscape Irrigation
92,Kitchen,7.36,35.29,0.63,180.0,318.37,300.42,249.87,1041.72,0.3,210.6,820.85,13.38,6.53,22.49,161747,0,Sewer Bypass,Severe Contamination / Environmental Hazard,"COD_severe(820.9mg/L), TUR_severe(180.0NTU), SAL_severe(0.63ppt), Septic_Anoxic(DO=0.30,BOD=210.6,COD=820.9)",No Treatment Viable - Direct Sewer Bypass,Critical Hazard Failsafe
93,Laundry,6.84,31.93,0.35,114.3,489.49,524.4,151.97,573.82,0.53,368.05,724.46,19.24,9.28,21.08,35167,0,Sewer Bypass,Severe Contamination / Environmental Hazard,"Septic_Anoxic(DO=0.53,BOD=368.1,COD=724.5)",No Treatment Viable - Direct Sewer Bypass,Critical Hazard Failsafe
94,Laundry,7.45,26.73,0.34,99.19,357.0,386.19,112.99,756.07,0.3,622.67,871.73,19.38,9.61,18.12,141778,0,Sewer Bypass,Severe Contamination / Environmental Hazard,"BOD_severe(622.7mg/L), COD_severe(871.7mg/L), Septic_Anoxic(DO=0.30,BOD=622.7,COD=871.7)",No Treatment Viable - Direct Sewer Bypass,Critical Hazard Failsafe
95,Laundry,6.25,23.95,0.36,59.3,178.99,185.54,46.89,459.29,1.55,186.9,614.92,14.38,7.66,20.49,79846,1,Bio-filtration,Elevated Organic / Particulate / Biological Load,"BOD_elevated(186.9mg/L), COD_elevated(614.9mg/L), E_coli_elevated(79846CFU), DO_depleted(1.55mg/L)",Biological Oxidation & Sand Bio-filtration Required,Treatment Pathway Mandated
96,Kitchen,7.51,29.3,0.54,125.95,500.34,528.51,180.37,932.43,0.81,257.16,537.75,15.77,6.42,15.61,336696,1,Bio-filtration,Elevated Organic / Particulate / Biological Load,"BOD_elevated(257.2mg/L), COD_elevated(537.8mg/L), TSS_elevated(180.4mg/L), TUR_elevated(126.0NTU), E_coli_elevated(336696CFU), DO_depleted(0.81mg/L)",Biological Oxidation & Sand Bio-filtration Required,Treatment Pathway Mandated
97,Laundry,6.7,20.67,0.4,128.96,340.39,360.71,234.51,833.45,0.76,145.7,642.79,17.74,6.42,6.24,114364,0,Sewer Bypass,Severe Contamination / Environmental Hazard,"Septic_Anoxic(DO=0.76,BOD=145.7,COD=642.8)",No Treatment Viable - Direct Sewer Bypass,Critical Hazard Failsafe
98,Bathroom,7.68,34.09,0.15,57.43,193.66,194.34,84.71,546.83,5.12,40.82,99.23,11.82,6.5,8.16,14644,2,Restricted Irrigation,Moderate Water Quality Profile Suitable for Restricted Irrigation,"TSS_exceeds_indoor(84.7mg/L), TUR_exceeds_indoor(57.4NTU)",Secondary Settling / Disc Filtration & Drip Irrigation Barrier Required,Restricted Non-Potable Landscape Irrigation
99,Bathroom,6.74,30.91,0.36,49.43,342.85,368.74,28.04,308.67,5.74,46.17,95.84,13.75,6.15,16.06,17525,2,Restricted Irrigation,Moderate Water Quality Profile Suitable for Restricted Irrigation,"BOD_exceeds_indoor(46.2mg/L), TUR_exceeds_indoor(49.4NTU), TDS_exceeds_indoor(368.7mg/L), SAL_exceeds_indoor(0.36ppt)",Secondary Settling / Disc Filtration & Drip Irrigation Barrier Required,Restricted Non-Potable Landscape Irrigation
100,Mixed,7.38,34.2,0.3,74.61,404.6,401.88,95.03,645.49,3.73,20.0,76.54,10.42,6.06,18.95,492472,1,Bio-filtration,Elevated Organic / Particulate / Biological Load,"TSS_elevated(95.0mg/L), TUR_elevated(74.6NTU), E_coli_elevated(492472CFU)",Biological Oxidation & Sand Bio-filtration Required,Treatment Pathway Mandated
101,Mixed,6.86,26.88,0.27,71.93,247.12,257.11,77.68,728.35,3.39,290.01,406.01,12.14,5.91,12.94,78855,1,Bio-filtration,Elevated Organic / Particulate / Biological Load,"BOD_elevated(290.0mg/L), COD_elevated(406.0mg/L), TUR_elevated(71.9NTU), E_coli_elevated(78855CFU)",Biological Oxidation & Sand Bio-filtration Required,Treatment Pathway Mandated
102,Kitchen,7.51,23.47,0.53,114.75,515.67,490.18,201.91,1152.09,1.4,386.3,540.82,14.64,9.34,20.46,598457,0,Sewer Bypass,Severe Contamination / Environmental Hazard,E_coli_severe(598457CFU),No Treatment Viable - Direct Sewer Bypass,Critical Hazard Failsafe
103,Bathroom,7.22,34.32,0.44,34.28,452.21,480.78,49.88,375.28,5.31,73.03,114.8,11.85,9.88,11.47,15338,2,Restricted Irrigation,Moderate Water Quality Profile Suitable for Restricted Irrigation,"BOD_exceeds_indoor(73.0mg/L), TSS_exceeds_indoor(49.9mg/L), TUR_exceeds_indoor(34.3NTU), TDS_exceeds_indoor(480.8mg/L), SAL_exceeds_indoor(0.44ppt)",Secondary Settling / Disc Filtration & Drip Irrigation Barrier Required,Restricted Non-Potable Landscape Irrigation
104,Mixed,7.14,18.12,0.29,89.12,300.07,303.23,255.06,505.31,2.12,167.59,403.66,7.99,7.75,18.44,9059,0,Sewer Bypass,Severe Contamination / Environmental Hazard,TSS_severe(255.1mg/L),No Treatment Viable - Direct Sewer Bypass,Critical Hazard Failsafe
105,Mixed,6.87,33.76,0.21,74.14,242.63,254.54,133.9,643.07,2.95,106.18,328.66,11.88,3.49,17.6,208529,1,Bio-filtration,Elevated Organic / Particulate / Biological Load,"COD_elevated(328.7mg/L), TSS_elevated(133.9mg/L), TUR_elevated(74.1NTU), E_coli_elevated(208529CFU)",Biological Oxidation & Sand Bio-filtration Required,Treatment Pathway Mandated
106,Kitchen,7.57,27.63,0.48,115.97,430.44,449.73,274.49,826.73,0.3,281.09,749.21,14.16,7.18,23.19,622780,0,Sewer Bypass,Severe Contamination / Environmental Hazard,"TSS_severe(274.5mg/L), E_coli_severe(622780CFU), Septic_Anoxic(DO=0.30,BOD=281.1,COD=749.2)",No Treatment Viable - Direct Sewer Bypass,Critical Hazard Failsafe
107,Laundry,7.25,22.8,0.36,64.96,395.83,420.23,83.65,592.95,3.06,204.75,480.32,11.87,10.89,19.16,59857,1,Bio-filtration,Elevated Organic / Particulate / Biological Load,"BOD_elevated(204.8mg/L), COD_elevated(480.3mg/L), TUR_elevated(65.0NTU)",Biological Oxidation & Sand Bio-filtration Required,Treatment Pathway Mandated
108,Bathroom,7.0,28.15,0.12,40.33,420.9,454.44,88.19,544.85,3.19,71.96,187.68,9.04,2.27,12.52,57040,2,Restricted Irrigation,Moderate Water Quality Profile Suitable for Restricted Irrigation,"BOD_exceeds_indoor(72.0mg/L), COD_exceeds_indoor(187.7mg/L), TSS_exceeds_indoor(88.2mg/L), TUR_exceeds_indoor(40.3NTU), E_coli_exceeds_indoor(57040CFU), TDS_exceeds_indoor(454.4mg/L), DO_low_for_indoor(3.19mg/L)",Secondary Settling / Disc Filtration & Drip Irrigation Barrier Required,Restricted Non-Potable Landscape Irrigation
109,Bathroom,6.84,22.01,0.18,37.81,222.23,236.12,80.64,381.06,4.95,58.39,174.11,6.22,7.37,11.62,124206,1,Bio-filtration,Elevated Organic / Particulate / Biological Load,E_coli_elevated(124206CFU),Biological Oxidation & Sand Bio-filtration Required,Treatment Pathway Mandated
110,Mixed,6.9,32.98,0.38,50.06,520.66,529.31,67.23,483.94,3.13,227.37,318.32,14.44,6.42,13.47,31047,1,Bio-filtration,Elevated Organic / Particulate / Biological Load,"BOD_elevated(227.4mg/L), COD_elevated(318.3mg/L)",Biological Oxidation & Sand Bio-filtration Required,Treatment Pathway Mandated
111,Laundry,6.98,32.47,0.39,148.73,515.43,530.56,317.83,558.79,3.44,187.7,303.99,11.56,7.3,22.69,101969,0,Sewer Bypass,Severe Contamination / Environmental Hazard,"TSS_severe(317.8mg/L), TUR_severe(148.7NTU)",No Treatment Viable - Direct Sewer Bypass,Critical Hazard Failsafe
112,Bathroom,7.19,26.81,0.25,40.06,213.48,219.0,84.15,439.91,3.46,41.28,106.04,13.68,8.23,17.97,143728,1,Bio-filtration,Elevated Organic / Particulate / Biological Load,E_coli_elevated(143728CFU),Biological Oxidation & Sand Bio-filtration Required,Treatment Pathway Mandated
113,Laundry,6.83,38.0,0.39,87.43,437.04,462.92,172.03,786.85,1.19,478.99,670.59,11.55,6.76,18.27,43544,0,Sewer Bypass,Severe Contamination / Environmental Hazard,BOD_severe(479.0mg/L),No Treatment Viable - Direct Sewer Bypass,Critical Hazard Failsafe
114,Laundry,6.63,38.0,0.44,86.24,225.61,242.05,153.23,742.98,2.28,355.78,498.09,9.83,4.55,11.04,24376,1,Bio-filtration,Elevated Organic / Particulate / Biological Load,"BOD_elevated(355.8mg/L), COD_elevated(498.1mg/L), TSS_elevated(153.2mg/L), TUR_elevated(86.2NTU)",Biological Oxidation & Sand Bio-filtration Required,Treatment Pathway Mandated
115,Bathroom,7.37,30.1,0.26,46.96,280.77,283.3,47.31,623.23,3.33,68.8,147.29,3.04,3.82,19.07,39877,2,Restricted Irrigation,Moderate Water Quality Profile Suitable for Restricted Irrigation,"BOD_exceeds_indoor(68.8mg/L), COD_exceeds_indoor(147.3mg/L), TSS_exceeds_indoor(47.3mg/L), TUR_exceeds_indoor(47.0NTU), E_coli_exceeds_indoor(39877CFU), DO_low_for_indoor(3.33mg/L)",Secondary Settling / Disc Filtration & Drip Irrigation Barrier Required,Restricted Non-Potable Landscape Irrigation
116,Mixed,6.82,22.59,0.33,48.55,266.79,294.63,56.32,446.04,4.12,84.44,287.84,4.06,4.91,21.54,46072,2,Restricted Irrigation,Moderate Water Quality Profile Suitable for Restricted Irrigation,"BOD_exceeds_indoor(84.4mg/L), COD_exceeds_indoor(287.8mg/L), TSS_exceeds_indoor(56.3mg/L), TUR_exceeds_indoor(48.5NTU), E_coli_exceeds_indoor(46072CFU), SAL_exceeds_indoor(0.33ppt)",Secondary Settling / Disc Filtration & Drip Irrigation Barrier Required,Restricted Non-Potable Landscape Irrigation
117,Mixed,7.1,32.24,0.35,58.03,429.31,439.35,95.51,610.68,3.14,225.34,315.47,11.13,7.3,13.46,193537,1,Bio-filtration,Elevated Organic / Particulate / Biological Load,"BOD_elevated(225.3mg/L), COD_elevated(315.5mg/L), TSS_elevated(95.5mg/L), E_coli_elevated(193537CFU)",Biological Oxidation & Sand Bio-filtration Required,Treatment Pathway Mandated
118,Kitchen,7.56,21.07,0.42,170.75,980.0,1000.0,350.0,866.69,0.3,91.82,762.5,5.72,5.33,30.08,35088,0,Sewer Bypass,Severe Contamination / Environmental Hazard,"TSS_severe(350.0mg/L), TUR_severe(170.8NTU), TDS_severe(1000.0mg/L), Septic_Anoxic(DO=0.30,BOD=91.8,COD=762.5)",No Treatment Viable - Direct Sewer Bypass,Critical Hazard Failsafe
119,Laundry,6.74,33.79,0.46,59.25,510.0,542.2,121.2,826.57,2.68,381.83,534.56,10.32,6.34,21.42,129949,1,Bio-filtration,Elevated Organic / Particulate / Biological Load,"BOD_elevated(381.8mg/L), COD_elevated(534.6mg/L), TSS_elevated(121.2mg/L), E_coli_elevated(129949CFU)",Biological Oxidation & Sand Bio-filtration Required,Treatment Pathway Mandated
120,Kitchen,7.52,23.2,0.44,63.31,732.37,757.02,146.69,841.25,1.2,485.26,679.36,12.69,9.3,18.97,107040,0,Sewer Bypass,Severe Contamination / Environmental Hazard,BOD_severe(485.3mg/L),No Treatment Viable - Direct Sewer Bypass,Critical Hazard Failsafe
121,Laundry,6.94,22.09,0.4,105.99,599.9,637.94,209.63,242.64,3.55,244.94,385.3,10.37,5.47,19.68,11765,1,Bio-filtration,Elevated Organic / Particulate / Biological Load,"BOD_elevated(244.9mg/L), COD_elevated(385.3mg/L), TSS_elevated(209.6mg/L), TUR_elevated(106.0NTU)",Biological Oxidation & Sand Bio-filtration Required,Treatment Pathway Mandated
122,Kitchen,7.0,31.32,0.51,31.38,436.19,462.06,81.11,1000.26,1.33,532.63,745.68,10.55,7.99,16.9,53631,0,Sewer Bypass,Severe Contamination / Environmental Hazard,BOD_severe(532.6mg/L),No Treatment Viable - Direct Sewer Bypass,Critical Hazard Failsafe
123,Bathroom,6.92,28.25,0.25,28.94,305.86,326.53,60.17,572.89,4.62,45.29,136.9,16.93,8.23,21.78,438888,1,Bio-filtration,Elevated Organic / Particulate / Biological Load,E_coli_elevated(438888CFU),Biological Oxidation & Sand Bio-filtration Required,Treatment Pathway Mandated
124,Laundry,7.08,29.18,0.39,118.41,282.53,299.84,186.16,758.31,1.22,295.48,745.53,11.79,4.6,22.17,173454,1,Bio-filtration,Elevated Organic / Particulate / Biological Load,"BOD_elevated(295.5mg/L), COD_elevated(745.5mg/L), TSS_elevated(186.2mg/L), TUR_elevated(118.4NTU), E_coli_elevated(173454CFU), DO_depleted(1.22mg/L)",Biological Oxidation & Sand Bio-filtration Required,Treatment Pathway Mandated
125,Bathroom,6.44,25.59,0.26,37.03,344.18,345.42,71.38,590.0,4.31,40.18,118.11,8.46,1.91,15.19,21156,2,Restricted Irrigation,Moderate Water Quality Profile Suitable for Restricted Irrigation,"TSS_exceeds_indoor(71.4mg/L), TUR_exceeds_indoor(37.0NTU), E_coli_exceeds_indoor(21156CFU), TDS_exceeds_indoor(345.4mg/L), pH_outside_indoor(6.44)",Secondary Settling / Disc Filtration & Drip Irrigation Barrier Required,Restricted Non-Potable Landscape Irrigation
126,Laundry,6.8,25.89,0.54,111.23,260.24,290.81,182.78,775.99,1.73,367.6,514.64,14.54,6.52,19.06,31975,1,Bio-filtration,Elevated Organic / Particulate / Biological Load,"BOD_elevated(367.6mg/L), COD_elevated(514.6mg/L), TSS_elevated(182.8mg/L), TUR_elevated(111.2NTU), DO_depleted(1.73mg/L)",Biological Oxidation & Sand Bio-filtration Required,Treatment Pathway Mandated
127,Laundry,6.92,28.89,0.36,122.45,308.52,326.06,71.42,565.66,1.53,165.81,571.3,1.45,5.55,12.25,130023,1,Bio-filtration,Elevated Organic / Particulate / Biological Load,"BOD_elevated(165.8mg/L), COD_elevated(571.3mg/L), TUR_elevated(122.5NTU), E_coli_elevated(130023CFU), DO_depleted(1.53mg/L)",Biological Oxidation & Sand Bio-filtration Required,Treatment Pathway Mandated
128,Bathroom,6.55,27.14,0.13,31.53,294.77,305.46,53.14,336.26,3.74,42.15,129.62,11.13,5.33,11.76,15144,2,Restricted Irrigation,Moderate Water Quality Profile Suitable for Restricted Irrigation,"COD_exceeds_indoor(129.6mg/L), TSS_exceeds_indoor(53.1mg/L), TUR_exceeds_indoor(31.5NTU), TDS_exceeds_indoor(305.5mg/L)",Secondary Settling / Disc Filtration & Drip Irrigation Barrier Required,Restricted Non-Potable Landscape Irrigation
129,Bathroom,7.08,28.46,0.21,58.01,214.2,223.81,115.54,517.2,3.5,20.92,106.76,1.41,3.52,10.12,35856,1,Bio-filtration,Elevated Organic / Particulate / Biological Load,TSS_elevated(115.5mg/L),Biological Oxidation & Sand Bio-filtration Required,Treatment Pathway Mandated
130,Laundry,7.11,22.93,0.34,86.35,178.91,190.29,170.93,785.23,0.66,397.81,556.93,16.81,9.69,17.32,76836,0,Sewer Bypass,Severe Contamination / Environmental Hazard,"Septic_Anoxic(DO=0.66,BOD=397.8,COD=556.9)",No Treatment Viable - Direct Sewer Bypass,Critical Hazard Failsafe
131,Bathroom,6.23,18.0,0.33,36.59,228.87,249.92,66.93,533.77,3.89,58.01,185.89,8.41,7.8,10.86,333679,1,Bio-filtration,Elevated Organic / Particulate / Biological Load,E_coli_elevated(333679CFU),Biological Oxidation & Sand Bio-filtration Required,Treatment Pathway Mandated
132,Mixed,7.43,28.71,0.29,76.95,511.56,515.84,82.93,727.54,4.02,166.86,233.6,7.9,5.83,18.32,479866,1,Bio-filtration,Elevated Organic / Particulate / Biological Load,"BOD_elevated(166.9mg/L), TUR_elevated(77.0NTU), E_coli_elevated(479866CFU)",Biological Oxidation & Sand Bio-filtration Required,Treatment Pathway Mandated
133,Laundry,7.59,27.21,0.48,97.13,383.44,381.83,160.45,596.04,0.54,219.71,532.86,14.11,10.01,21.33,345097,1,Bio-filtration,Elevated Organic / Particulate / Biological Load,"BOD_elevated(219.7mg/L), COD_elevated(532.9mg/L), TSS_elevated(160.4mg/L), TUR_elevated(97.1NTU), E_coli_elevated(345097CFU), DO_depleted(0.54mg/L)",Biological Oxidation & Sand Bio-filtration Required,Treatment Pathway Mandated
134,Laundry,6.6,28.06,0.29,63.64,396.97,400.62,117.47,445.56,2.85,125.31,632.88,15.33,2.43,25.11,204062,1,Bio-filtration,Elevated Organic / Particulate / Biological Load,"BOD_elevated(125.3mg/L), COD_elevated(632.9mg/L), TSS_elevated(117.5mg/L), TUR_elevated(63.6NTU), E_coli_elevated(204062CFU)",Biological Oxidation & Sand Bio-filtration Required,Treatment Pathway Mandated
135,Laundry,6.36,25.64,0.38,131.43,454.73,501.01,272.69,335.53,1.18,407.45,570.43,17.67,8.36,26.07,191783,0,Sewer Bypass,Severe Contamination / Environmental Hazard,"BOD_severe(407.4mg/L), TSS_severe(272.7mg/L)",No Treatment Viable - Direct Sewer Bypass,Critical Hazard Failsafe
136,Bathroom,7.38,30.3,0.23,38.25,273.29,287.52,47.99,405.74,3.79,60.31,195.56,12.92,8.19,15.16,36249,2,Restricted Irrigation,Moderate Water Quality Profile Suitable for Restricted Irrigation,"BOD_exceeds_indoor(60.3mg/L), COD_exceeds_indoor(195.6mg/L), TSS_exceeds_indoor(48.0mg/L), TUR_exceeds_indoor(38.2NTU), E_coli_exceeds_indoor(36249CFU)",Secondary Settling / Disc Filtration & Drip Irrigation Barrier Required,Restricted Non-Potable Landscape Irrigation
137,Mixed,7.21,32.95,0.36,79.47,205.03,212.14,201.97,527.07,3.77,194.94,272.91,5.35,4.18,20.56,100008,1,Bio-filtration,Elevated Organic / Particulate / Biological Load,"BOD_elevated(194.9mg/L), TSS_elevated(202.0mg/L), TUR_elevated(79.5NTU), E_coli_elevated(100008CFU)",Biological Oxidation & Sand Bio-filtration Required,Treatment Pathway Mandated
138,Laundry,6.79,29.01,0.38,93.0,425.7,431.62,136.96,666.12,4.06,102.41,366.03,11.08,3.24,10.77,71511,1,Bio-filtration,Elevated Organic / Particulate / Biological Load,"COD_elevated(366.0mg/L), TSS_elevated(137.0mg/L), TUR_elevated(93.0NTU)",Biological Oxidation & Sand Bio-filtration Required,Treatment Pathway Mandated
139,Mixed,7.85,26.16,0.29,94.73,357.12,364.84,113.58,668.6,3.33,215.24,301.33,12.64,5.7,19.5,53629,1,Bio-filtration,Elevated Organic / Particulate / Biological Load,"BOD_elevated(215.2mg/L), COD_elevated(301.3mg/L), TSS_elevated(113.6mg/L), TUR_elevated(94.7NTU)",Biological Oxidation & Sand Bio-filtration Required,Treatment Pathway Mandated
140,Bathroom,6.77,34.22,0.33,47.85,212.36,216.09,70.14,378.31,3.76,20.0,172.17,7.45,6.42,18.15,8752,2,Restricted Irrigation,Moderate Water Quality Profile Suitable for Restricted Irrigation,"COD_exceeds_indoor(172.2mg/L), TSS_exceeds_indoor(70.1mg/L), TUR_exceeds_indoor(47.9NTU), SAL_exceeds_indoor(0.33ppt)",Secondary Settling / Disc Filtration & Drip Irrigation Barrier Required,Restricted Non-Potable Landscape Irrigation
141,Laundry,7.15,27.51,0.3,53.24,414.31,408.09,135.99,768.89,1.38,334.95,700.81,16.16,7.02,17.76,43539,1,Bio-filtration,Elevated Organic / Particulate / Biological Load,"BOD_elevated(334.9mg/L), COD_elevated(700.8mg/L), TSS_elevated(136.0mg/L), DO_depleted(1.38mg/L)",Biological Oxidation & Sand Bio-filtration Required,Treatment Pathway Mandated
142,Laundry,6.24,28.53,0.41,101.19,455.0,501.93,211.51,971.88,3.04,273.09,598.4,8.0,6.05,15.53,46294,1,Bio-filtration,Elevated Organic / Particulate / Biological Load,"BOD_elevated(273.1mg/L), COD_elevated(598.4mg/L), TSS_elevated(211.5mg/L), TUR_elevated(101.2NTU)",Biological Oxidation & Sand Bio-filtration Required,Treatment Pathway Mandated
143,Mixed,7.28,33.06,0.27,105.97,353.75,374.37,309.62,495.91,3.1,46.4,446.59,18.37,3.69,24.91,75085,0,Sewer Bypass,Severe Contamination / Environmental Hazard,TSS_severe(309.6mg/L),No Treatment Viable - Direct Sewer Bypass,Critical Hazard Failsafe
144,Laundry,7.18,19.59,0.35,143.81,509.38,531.46,300.61,543.8,3.77,228.09,319.33,16.19,4.89,21.71,61343,0,Sewer Bypass,Severe Contamination / Environmental Hazard,"TSS_severe(300.6mg/L), TUR_severe(143.8NTU)",No Treatment Viable - Direct Sewer Bypass,Critical Hazard Failsafe
145,Laundry,7.01,24.18,0.33,65.63,541.64,565.72,177.84,667.03,1.63,417.42,659.22,19.02,5.22,19.85,67395,0,Sewer Bypass,Severe Contamination / Environmental Hazard,BOD_severe(417.4mg/L),No Treatment Viable - Direct Sewer Bypass,Critical Hazard Failsafe
146,Bathroom,6.55,25.81,0.24,51.37,271.79,299.94,56.5,719.11,3.11,40.76,117.53,14.3,5.36,23.34,21060,2,Restricted Irrigation,Moderate Water Quality Profile Suitable for Restricted Irrigation,"TSS_exceeds_indoor(56.5mg/L), TUR_exceeds_indoor(51.4NTU), E_coli_exceeds_indoor(21060CFU), DO_low_for_indoor(3.11mg/L)",Secondary Settling / Disc Filtration & Drip Irrigation Barrier Required,Restricted Non-Potable Landscape Irrigation
147,Laundry,7.4,28.16,0.55,123.37,514.89,522.76,241.38,624.65,1.77,178.42,540.81,12.29,5.12,21.42,67571,1,Bio-filtration,Elevated Organic / Particulate / Biological Load,"BOD_elevated(178.4mg/L), COD_elevated(540.8mg/L), TSS_elevated(241.4mg/L), TUR_elevated(123.4NTU), DO_depleted(1.77mg/L)",Biological Oxidation & Sand Bio-filtration Required,Treatment Pathway Mandated
148,Laundry,6.35,27.04,0.45,58.41,199.14,206.26,117.95,739.95,4.88,63.55,282.77,4.76,6.6,11.66,86634,1,Bio-filtration,Elevated Organic / Particulate / Biological Load,"TSS_elevated(118.0mg/L), E_coli_elevated(86634CFU)",Biological Oxidation & Sand Bio-filtration Required,Treatment Pathway Mandated
149,Laundry,6.68,29.53,0.43,99.55,341.65,372.17,191.18,475.91,0.75,574.17,803.83,16.27,2.42,10.97,288535,0,Sewer Bypass,Severe Contamination / Environmental Hazard,"BOD_severe(574.2mg/L), COD_severe(803.8mg/L), Septic_Anoxic(DO=0.75,BOD=574.2,COD=803.8)",No Treatment Viable - Direct Sewer Bypass,Critical Hazard Failsafe
150,Bathroom,6.72,23.85,0.19,32.97,173.79,190.79,58.6,413.37,3.89,37.81,153.77,7.85,6.82,14.15,15142,2,Restricted Irrigation,Moderate Water Quality Profile Suitable for Restricted Irrigation,"COD_exceeds_indoor(153.8mg/L), TSS_exceeds_indoor(58.6mg/L), TUR_exceeds_indoor(33.0NTU)",Secondary Settling / Disc Filtration & Drip Irrigation Barrier Required,Restricted Non-Potable Landscape Irrigation
151,Mixed,7.46,30.01,0.36,61.65,313.89,337.98,87.1,647.3,3.06,189.14,329.49,13.62,7.96,21.63,63289,1,Bio-filtration,Elevated Organic / Particulate / Biological Load,"BOD_elevated(189.1mg/L), COD_elevated(329.5mg/L), TUR_elevated(61.6NTU)",Biological Oxidation & Sand Bio-filtration Required,Treatment Pathway Mandated
152,Mixed,7.79,28.03,0.55,79.39,347.15,357.93,116.61,638.72,2.8,136.01,307.45,8.09,8.74,14.0,43572,1,Bio-filtration,Elevated Organic / Particulate / Biological Load,"BOD_elevated(136.0mg/L), COD_elevated(307.4mg/L), TSS_elevated(116.6mg/L), TUR_elevated(79.4NTU)",Biological Oxidation & Sand Bio-filtration Required,Treatment Pathway Mandated
153,Bathroom,6.44,23.59,0.32,14.07,357.05,333.07,23.01,320.66,3.64,39.01,189.12,6.06,5.13,20.78,15931,2,Restricted Irrigation,Moderate Water Quality Profile Suitable for Restricted Irrigation,"COD_exceeds_indoor(189.1mg/L), TDS_exceeds_indoor(333.1mg/L), SAL_exceeds_indoor(0.32ppt), pH_outside_indoor(6.44)",Secondary Settling / Disc Filtration & Drip Irrigation Barrier Required,Restricted Non-Potable Landscape Irrigation
154,Laundry,6.73,26.11,0.42,52.71,427.58,481.22,84.34,775.27,2.77,346.12,527.71,16.89,7.24,23.86,169431,1,Bio-filtration,Elevated Organic / Particulate / Biological Load,"BOD_elevated(346.1mg/L), COD_elevated(527.7mg/L), E_coli_elevated(169431CFU)",Biological Oxidation & Sand Bio-filtration Required,Treatment Pathway Mandated
155,Bathroom,6.85,20.95,0.29,40.15,327.05,325.87,55.35,411.59,4.85,53.43,74.81,1.39,3.22,23.65,124040,1,Bio-filtration,Elevated Organic / Particulate / Biological Load,E_coli_elevated(124040CFU),Biological Oxidation & Sand Bio-filtration Required,Treatment Pathway Mandated
156,Kitchen,6.97,25.52,0.52,121.79,865.65,920.62,193.09,1152.78,1.07,451.11,631.55,8.13,3.54,30.01,142697,0,Sewer Bypass,Severe Contamination / Environmental Hazard,"BOD_severe(451.1mg/L), TDS_severe(920.6mg/L)",No Treatment Viable - Direct Sewer Bypass,Critical Hazard Failsafe
157,Bathroom,6.89,23.63,0.26,32.3,305.08,305.29,19.98,420.52,4.32,52.83,148.35,7.57,4.55,15.35,63084,2,Restricted Irrigation,Moderate Water Quality Profile Suitable for Restricted Irrigation,"BOD_exceeds_indoor(52.8mg/L), COD_exceeds_indoor(148.3mg/L), TUR_exceeds_indoor(32.3NTU), E_coli_exceeds_indoor(63084CFU), TDS_exceeds_indoor(305.3mg/L)",Secondary Settling / Disc Filtration & Drip Irrigation Barrier Required,Restricted Non-Potable Landscape Irrigation
158,Kitchen,7.14,26.72,0.54,127.7,835.05,880.86,284.96,1090.85,1.08,320.5,619.38,16.22,6.76,26.39,48686,0,Sewer Bypass,Severe Contamination / Environmental Hazard,"TSS_severe(285.0mg/L), TDS_severe(880.9mg/L)",No Treatment Viable - Direct Sewer Bypass,Critical Hazard Failsafe
159,Kitchen,7.06,36.65,0.54,112.53,468.48,460.54,216.83,963.03,0.3,305.39,658.45,12.23,6.57,28.16,163470,0,Sewer Bypass,Severe Contamination / Environmental Hazard,"Septic_Anoxic(DO=0.30,BOD=305.4,COD=658.5)",No Treatment Viable - Direct Sewer Bypass,Critical Hazard Failsafe
160,Mixed,6.48,26.58,0.21,127.32,385.65,415.77,263.05,456.14,1.64,137.7,309.61,5.47,5.46,16.2,103887,0,Sewer Bypass,Severe Contamination / Environmental Hazard,TSS_severe(263.1mg/L),No Treatment Viable - Direct Sewer Bypass,Critical Hazard Failsafe
161,Bathroom,6.57,30.21,0.38,20.5,372.58,417.99,26.82,569.92,4.08,61.93,155.61,4.82,4.41,12.21,5567,2,Restricted Irrigation,Moderate Water Quality Profile Suitable for Restricted Irrigation,"BOD_exceeds_indoor(61.9mg/L), COD_exceeds_indoor(155.6mg/L), TDS_exceeds_indoor(418.0mg/L), SAL_exceeds_indoor(0.38ppt)",Secondary Settling / Disc Filtration & Drip Irrigation Barrier Required,Restricted Non-Potable Landscape Irrigation
162,Mixed,7.44,21.95,0.35,72.27,195.46,201.12,114.19,727.94,3.04,239.09,334.73,7.66,4.79,13.71,33873,1,Bio-filtration,Elevated Organic / Particulate / Biological Load,"BOD_elevated(239.1mg/L), COD_elevated(334.7mg/L), TSS_elevated(114.2mg/L), TUR_elevated(72.3NTU)",Biological Oxidation & Sand Bio-filtration Required,Treatment Pathway Mandated
163,Bathroom,6.57,20.64,0.39,6.34,188.42,191.27,10.0,356.37,4.65,41.0,144.61,11.27,2.86,13.71,3964,2,Restricted Irrigation,Moderate Water Quality Profile Suitable for Restricted Irrigation,"COD_exceeds_indoor(144.6mg/L), SAL_exceeds_indoor(0.39ppt)",Secondary Settling / Disc Filtration & Drip Irrigation Barrier Required,Restricted Non-Potable Landscape Irrigation
164,Bathroom,7.86,19.82,0.21,22.16,173.36,192.59,53.39,809.72,4.5,25.95,50.0,7.12,4.27,16.0,29692,2,Restricted Irrigation,Moderate Water Quality Profile Suitable for Restricted Irrigation,"TSS_exceeds_indoor(53.4mg/L), E_coli_exceeds_indoor(29692CFU)",Secondary Settling / Disc Filtration & Drip Irrigation Barrier Required,Restricted Non-Potable Landscape Irrigation
165,Laundry,7.01,25.58,0.29,58.37,495.52,515.89,128.4,779.93,1.77,119.37,397.2,12.81,6.73,25.23,118927,1,Bio-filtration,Elevated Organic / Particulate / Biological Load,"COD_elevated(397.2mg/L), TSS_elevated(128.4mg/L), E_coli_elevated(118927CFU), DO_depleted(1.77mg/L)",Biological Oxidation & Sand Bio-filtration Required,Treatment Pathway Mandated
166,Laundry,6.97,32.4,0.33,110.62,447.22,438.79,204.85,613.8,0.32,358.74,773.8,18.61,2.55,18.3,76855,0,Sewer Bypass,Severe Contamination / Environmental Hazard,"Septic_Anoxic(DO=0.32,BOD=358.7,COD=773.8)",No Treatment Viable - Direct Sewer Bypass,Critical Hazard Failsafe
167,Mixed,7.05,37.73,0.4,63.49,278.35,289.63,57.06,453.88,4.77,119.75,212.97,15.16,7.25,14.07,55093,1,Bio-filtration,Elevated Organic / Particulate / Biological Load,TUR_elevated(63.5NTU),Biological Oxidation & Sand Bio-filtration Required,Treatment Pathway Mandated
168,Mixed,7.02,22.52,0.34,41.24,246.93,268.81,45.21,577.75,2.98,268.85,376.39,13.28,5.56,19.75,151976,1,Bio-filtration,Elevated Organic / Particulate / Biological Load,"BOD_elevated(268.9mg/L), COD_elevated(376.4mg/L), E_coli_elevated(151976CFU)",Biological Oxidation & Sand Bio-filtration Required,Treatment Pathway Mandated
169,Laundry,7.01,25.85,0.44,83.11,235.24,253.56,126.34,489.38,1.75,414.02,579.63,10.07,5.2,12.35,146046,0,Sewer Bypass,Severe Contamination / Environmental Hazard,BOD_severe(414.0mg/L),No Treatment Viable - Direct Sewer Bypass,Critical Hazard Failsafe
170,Mixed,7.06,31.55,0.34,59.41,241.74,265.69,113.71,663.25,2.05,303.29,450.13,11.28,6.84,11.8,224703,1,Bio-filtration,Elevated Organic / Particulate / Biological Load,"BOD_elevated(303.3mg/L), COD_elevated(450.1mg/L), TSS_elevated(113.7mg/L), E_coli_elevated(224703CFU)",Biological Oxidation & Sand Bio-filtration Required,Treatment Pathway Mandated
171,Bathroom,7.13,28.15,0.33,43.42,410.63,424.72,75.94,700.44,4.37,47.94,130.24,10.17,3.1,10.66,8234,2,Restricted Irrigation,Moderate Water Quality Profile Suitable for Restricted Irrigation,"BOD_exceeds_indoor(47.9mg/L), COD_exceeds_indoor(130.2mg/L), TSS_exceeds_indoor(75.9mg/L), TUR_exceeds_indoor(43.4NTU), TDS_exceeds_indoor(424.7mg/L), SAL_exceeds_indoor(0.33ppt)",Secondary Settling / Disc Filtration & Drip Irrigation Barrier Required,Restricted Non-Potable Landscape Irrigation
172,Laundry,6.56,24.1,0.45,116.1,395.09,408.21,145.02,589.92,2.22,346.63,485.29,21.99,6.72,14.66,67239,1,Bio-filtration,Elevated Organic / Particulate / Biological Load,"BOD_elevated(346.6mg/L), COD_elevated(485.3mg/L), TSS_elevated(145.0mg/L), TUR_elevated(116.1NTU)",Biological Oxidation & Sand Bio-filtration Required,Treatment Pathway Mandated
173,Bathroom,7.03,26.32,0.2,34.62,146.29,158.75,59.98,500.23,4.91,51.11,132.78,8.37,6.47,11.67,35439,2,Restricted Irrigation,Moderate Water Quality Profile Suitable for Restricted Irrigation,"BOD_exceeds_indoor(51.1mg/L), COD_exceeds_indoor(132.8mg/L), TSS_exceeds_indoor(60.0mg/L), TUR_exceeds_indoor(34.6NTU), E_coli_exceeds_indoor(35439CFU)",Secondary Settling / Disc Filtration & Drip Irrigation Barrier Required,Restricted Non-Potable Landscape Irrigation
174,Mixed,7.43,30.9,0.27,81.23,371.22,388.28,155.17,684.53,3.42,119.78,319.05,6.5,5.37,17.35,7638,1,Bio-filtration,Elevated Organic / Particulate / Biological Load,"COD_elevated(319.1mg/L), TSS_elevated(155.2mg/L), TUR_elevated(81.2NTU)",Biological Oxidation & Sand Bio-filtration Required,Treatment Pathway Mandated
175,Bathroom,6.92,26.29,0.21,33.04,363.58,398.94,47.21,207.58,5.25,46.3,106.8,12.14,6.13,16.13,55808,2,Restricted Irrigation,Moderate Water Quality Profile Suitable for Restricted Irrigation,"BOD_exceeds_indoor(46.3mg/L), TSS_exceeds_indoor(47.2mg/L), TUR_exceeds_indoor(33.0NTU), E_coli_exceeds_indoor(55808CFU), TDS_exceeds_indoor(398.9mg/L)",Secondary Settling / Disc Filtration & Drip Irrigation Barrier Required,Restricted Non-Potable Landscape Irrigation
176,Bathroom,6.99,23.32,0.19,13.98,240.55,242.93,39.47,527.37,2.66,28.93,155.11,10.64,7.49,17.83,16055,2,Restricted Irrigation,Moderate Water Quality Profile Suitable for Restricted Irrigation,"COD_exceeds_indoor(155.1mg/L), DO_low_for_indoor(2.66mg/L)",Secondary Settling / Disc Filtration & Drip Irrigation Barrier Required,Restricted Non-Potable Landscape Irrigation
177,Laundry,7.1,27.77,0.5,69.13,632.55,668.7,148.56,292.85,1.71,444.5,622.3,16.9,5.07,24.77,35637,0,Sewer Bypass,Severe Contamination / Environmental Hazard,BOD_severe(444.5mg/L),No Treatment Viable - Direct Sewer Bypass,Critical Hazard Failsafe
178,Mixed,7.09,32.07,0.24,87.17,242.03,260.07,131.59,642.68,2.66,182.83,378.42,14.78,5.57,14.83,26344,1,Bio-filtration,Elevated Organic / Particulate / Biological Load,"BOD_elevated(182.8mg/L), COD_elevated(378.4mg/L), TSS_elevated(131.6mg/L), TUR_elevated(87.2NTU)",Biological Oxidation & Sand Bio-filtration Required,Treatment Pathway Mandated
179,Mixed,7.66,23.55,0.34,72.96,296.42,322.94,111.33,724.93,2.89,95.41,332.06,23.25,7.43,14.94,289606,1,Bio-filtration,Elevated Organic / Particulate / Biological Load,"COD_elevated(332.1mg/L), TSS_elevated(111.3mg/L), TUR_elevated(73.0NTU), E_coli_elevated(289606CFU)",Biological Oxidation & Sand Bio-filtration Required,Treatment Pathway Mandated
180,Kitchen,6.76,27.42,0.58,180.0,515.77,579.08,291.93,1134.36,1.36,232.56,532.12,12.93,8.71,25.95,236665,0,Sewer Bypass,Severe Contamination / Environmental Hazard,"TSS_severe(291.9mg/L), TUR_severe(180.0NTU)",No Treatment Viable - Direct Sewer Bypass,Critical Hazard Failsafe
181,Mixed,6.83,21.02,0.24,77.13,187.15,196.8,149.39,406.09,3.73,153.98,352.88,12.74,6.17,11.22,23988,1,Bio-filtration,Elevated Organic / Particulate / Biological Load,"BOD_elevated(154.0mg/L), COD_elevated(352.9mg/L), TSS_elevated(149.4mg/L), TUR_elevated(77.1NTU)",Biological Oxidation & Sand Bio-filtration Required,Treatment Pathway Mandated
182,Mixed,7.12,28.84,0.21,72.66,113.39,122.11,170.17,560.02,2.7,310.77,435.08,14.26,5.41,10.19,584157,0,Sewer Bypass,Severe Contamination / Environmental Hazard,E_coli_severe(584157CFU),No Treatment Viable - Direct Sewer Bypass,Critical Hazard Failsafe
183,Laundry,7.25,30.7,0.27,114.16,303.91,300.57,162.18,703.0,0.75,51.42,600.16,0.81,6.15,27.11,321046,0,Sewer Bypass,Severe Contamination / Environmental Hazard,"Septic_Anoxic(DO=0.75,BOD=51.4,COD=600.2)",No Treatment Viable - Direct Sewer Bypass,Critical Hazard Failsafe
184,Laundry,6.81,27.04,0.44,124.52,543.87,574.75,226.04,705.63,3.0,265.1,517.3,16.81,7.3,29.22,54357,1,Bio-filtration,Elevated Organic / Particulate / Biological Load,"BOD_elevated(265.1mg/L), COD_elevated(517.3mg/L), TSS_elevated(226.0mg/L), TUR_elevated(124.5NTU)",Biological Oxidation & Sand Bio-filtration Required,Treatment Pathway Mandated
185,Mixed,7.87,29.44,0.48,139.42,197.62,211.94,277.22,600.25,3.56,117.22,395.02,12.58,4.08,22.22,239324,0,Sewer Bypass,Severe Contamination / Environmental Hazard,TSS_severe(277.2mg/L),No Treatment Viable - Direct Sewer Bypass,Critical Hazard Failsafe
186,Kitchen,7.61,27.92,0.47,129.5,577.41,585.83,234.91,684.11,0.45,244.71,754.42,12.53,7.0,17.65,649560,0,Sewer Bypass,Severe Contamination / Environmental Hazard,"E_coli_severe(649560CFU), Septic_Anoxic(DO=0.45,BOD=244.7,COD=754.4)",No Treatment Viable - Direct Sewer Bypass,Critical Hazard Failsafe
187,Laundry,6.81,25.05,0.49,111.04,179.26,193.09,248.89,396.26,1.46,449.25,628.95,19.22,5.6,19.24,40889,0,Sewer Bypass,Severe Contamination / Environmental Hazard,BOD_severe(449.2mg/L),No Treatment Viable - Direct Sewer Bypass,Critical Hazard Failsafe
188,Bathroom,6.83,23.4,0.28,39.2,359.4,377.27,48.13,390.51,3.8,95.57,147.91,12.5,5.52,15.77,7669,2,Restricted Irrigation,Moderate Water Quality Profile Suitable for Restricted Irrigation,"BOD_exceeds_indoor(95.6mg/L), COD_exceeds_indoor(147.9mg/L), TSS_exceeds_indoor(48.1mg/L), TUR_exceeds_indoor(39.2NTU), TDS_exceeds_indoor(377.3mg/L)",Secondary Settling / Disc Filtration & Drip Irrigation Barrier Required,Restricted Non-Potable Landscape Irrigation
189,Kitchen,7.89,18.0,0.5,153.51,487.39,516.53,350.0,710.39,0.3,331.74,801.39,6.68,3.8,26.15,161646,0,Sewer Bypass,Severe Contamination / Environmental Hazard,"COD_severe(801.4mg/L), TSS_severe(350.0mg/L), TUR_severe(153.5NTU), Septic_Anoxic(DO=0.30,BOD=331.7,COD=801.4)",No Treatment Viable - Direct Sewer Bypass,Critical Hazard Failsafe
190,Bathroom,7.16,25.82,0.19,26.92,400.91,420.92,43.09,651.1,4.22,41.92,130.47,9.67,9.96,19.99,1854,2,Restricted Irrigation,Moderate Water Quality Profile Suitable for Restricted Irrigation,"COD_exceeds_indoor(130.5mg/L), TUR_exceeds_indoor(26.9NTU), TDS_exceeds_indoor(420.9mg/L)",Secondary Settling / Disc Filtration & Drip Irrigation Barrier Required,Restricted Non-Potable Landscape Irrigation
191,Mixed,7.41,27.17,0.28,65.99,339.77,354.35,117.22,627.55,0.72,99.35,617.5,9.89,2.8,17.9,27529,0,Sewer Bypass,Severe Contamination / Environmental Hazard,"Septic_Anoxic(DO=0.72,BOD=99.3,COD=617.5)",No Treatment Viable - Direct Sewer Bypass,Critical Hazard Failsafe
192,Bathroom,6.85,31.7,0.37,40.78,291.42,327.75,107.12,377.45,3.38,77.47,156.27,9.77,4.84,17.06,15578,1,Bio-filtration,Elevated Organic / Particulate / Biological Load,TSS_elevated(107.1mg/L),Biological Oxidation & Sand Bio-filtration Required,Treatment Pathway Mandated
193,Bathroom,6.29,32.05,0.07,34.01,224.34,239.28,66.7,413.11,3.92,63.96,153.62,4.37,5.53,8.27,7159,2,Restricted Irrigation,Moderate Water Quality Profile Suitable for Restricted Irrigation,"BOD_exceeds_indoor(64.0mg/L), COD_exceeds_indoor(153.6mg/L), TSS_exceeds_indoor(66.7mg/L), TUR_exceeds_indoor(34.0NTU), pH_outside_indoor(6.29)",Secondary Settling / Disc Filtration & Drip Irrigation Barrier Required,Restricted Non-Potable Landscape Irrigation
194,Mixed,7.04,30.8,0.29,56.75,296.57,285.66,111.15,592.88,4.75,121.83,170.57,11.62,5.57,15.6,146150,1,Bio-filtration,Elevated Organic / Particulate / Biological Load,"BOD_elevated(121.8mg/L), TSS_elevated(111.2mg/L), E_coli_elevated(146150CFU)",Biological Oxidation & Sand Bio-filtration Required,Treatment Pathway Mandated
195,Bathroom,6.46,24.35,0.24,21.08,426.67,428.81,17.05,338.95,6.14,44.61,69.74,9.92,6.74,14.97,41182,2,Restricted Irrigation,Moderate Water Quality Profile Suitable for Restricted Irrigation,"E_coli_exceeds_indoor(41182CFU), TDS_exceeds_indoor(428.8mg/L), pH_outside_indoor(6.46)",Secondary Settling / Disc Filtration & Drip Irrigation Barrier Required,Restricted Non-Potable Landscape Irrigation
196,Bathroom,6.87,25.72,0.16,42.48,146.58,143.16,79.96,673.2,4.74,34.69,77.13,8.78,4.77,9.08,5635,2,Restricted Irrigation,Moderate Water Quality Profile Suitable for Restricted Irrigation,"TSS_exceeds_indoor(80.0mg/L), TUR_exceeds_indoor(42.5NTU)",Secondary Settling / Disc Filtration & Drip Irrigation Barrier Required,Restricted Non-Potable Landscape Irrigation
197,Laundry,6.88,24.9,0.42,72.2,602.32,629.57,171.23,579.05,3.84,273.79,383.3,11.57,7.42,17.68,67842,1,Bio-filtration,Elevated Organic / Particulate / Biological Load,"BOD_elevated(273.8mg/L), COD_elevated(383.3mg/L), TSS_elevated(171.2mg/L), TUR_elevated(72.2NTU)",Biological Oxidation & Sand Bio-filtration Required,Treatment Pathway Mandated
198,Mixed,7.0,32.56,0.21,72.08,371.59,366.34,167.26,646.82,4.41,115.48,194.59,10.41,3.05,16.55,15711,1,Bio-filtration,Elevated Organic / Particulate / Biological Load,"TSS_elevated(167.3mg/L), TUR_elevated(72.1NTU)",Biological Oxidation & Sand Bio-filtration Required,Treatment Pathway Mandated
199,Bathroom,6.98,19.55,0.32,41.48,323.07,311.75,90.49,469.42,4.75,24.25,86.21,0.1,4.93,11.57,22132,1,Bio-filtration,Elevated Organic / Particulate / Biological Load,TSS_elevated(90.5mg/L),Biological Oxidation & Sand Bio-filtration Required,Treatment Pathway Mandated
200,Laundry,6.52,28.91,0.29,95.64,586.39,610.65,139.07,622.52,3.07,325.49,651.48,10.39,5.3,18.28,98903,1,Bio-filtration,Elevated Organic / Particulate / Biological Load,"BOD_elevated(325.5mg/L), COD_elevated(651.5mg/L), TSS_elevated(139.1mg/L), TUR_elevated(95.6NTU), E_coli_elevated(98903CFU)",Biological Oxidation & Sand Bio-filtration Required,Treatment Pathway Mandated
201,Mixed,7.43,26.76,0.29,89.71,268.77,268.92,183.22,548.48,2.59,315.31,441.43,9.73,9.35,20.47,35521,1,Bio-filtration,Elevated Organic / Particulate / Biological Load,"BOD_elevated(315.3mg/L), COD_elevated(441.4mg/L), TSS_elevated(183.2mg/L), TUR_elevated(89.7NTU)",Biological Oxidation & Sand Bio-filtration Required,Treatment Pathway Mandated
202,Mixed,7.48,28.16,0.35,53.25,395.16,405.06,101.01,544.7,2.65,174.68,306.2,17.4,4.29,20.21,50818,1,Bio-filtration,Elevated Organic / Particulate / Biological Load,"BOD_elevated(174.7mg/L), COD_elevated(306.2mg/L), TSS_elevated(101.0mg/L)",Biological Oxidation & Sand Bio-filtration Required,Treatment Pathway Mandated
203,Laundry,7.52,22.93,0.23,70.55,296.64,304.89,83.4,587.36,1.14,306.93,445.46,16.95,3.74,20.56,39685,1,Bio-filtration,Elevated Organic / Particulate / Biological Load,"BOD_elevated(306.9mg/L), COD_elevated(445.5mg/L), TUR_elevated(70.5NTU), DO_depleted(1.14mg/L)",Biological Oxidation & Sand Bio-filtration Required,Treatment Pathway Mandated
204,Bathroom,7.56,30.37,0.35,22.65,199.76,202.97,38.1,499.75,4.96,38.53,134.15,11.81,5.63,13.6,3514,2,Restricted Irrigation,Moderate Water Quality Profile Suitable for Restricted Irrigation,"COD_exceeds_indoor(134.2mg/L), SAL_exceeds_indoor(0.35ppt)",Secondary Settling / Disc Filtration & Drip Irrigation Barrier Required,Restricted Non-Potable Landscape Irrigation
205,Bathroom,6.63,28.43,0.27,33.31,286.74,286.29,42.16,491.75,4.56,39.51,195.13,9.75,9.37,8.8,19846,2,Restricted Irrigation,Moderate Water Quality Profile Suitable for Restricted Irrigation,"COD_exceeds_indoor(195.1mg/L), TUR_exceeds_indoor(33.3NTU)",Secondary Settling / Disc Filtration & Drip Irrigation Barrier Required,Restricted Non-Potable Landscape Irrigation
206,Bathroom,7.13,22.88,0.1,38.68,184.73,187.05,88.05,552.57,4.08,33.73,155.69,0.1,7.49,15.49,8816,2,Restricted Irrigation,Moderate Water Quality Profile Suitable for Restricted Irrigation,"COD_exceeds_indoor(155.7mg/L), TSS_exceeds_indoor(88.0mg/L), TUR_exceeds_indoor(38.7NTU)",Secondary Settling / Disc Filtration & Drip Irrigation Barrier Required,Restricted Non-Potable Landscape Irrigation
207,Bathroom,7.35,23.95,0.29,26.57,319.79,310.1,67.23,563.02,4.91,72.41,101.38,6.15,6.13,15.51,33014,2,Restricted Irrigation,Moderate Water Quality Profile Suitable for Restricted Irrigation,"BOD_exceeds_indoor(72.4mg/L), TSS_exceeds_indoor(67.2mg/L), TUR_exceeds_indoor(26.6NTU), E_coli_exceeds_indoor(33014CFU), TDS_exceeds_indoor(310.1mg/L), SAL_exceeds_indoor(0.29ppt)",Secondary Settling / Disc Filtration & Drip Irrigation Barrier Required,Restricted Non-Potable Landscape Irrigation
208,Kitchen,7.44,18.0,0.57,127.51,699.73,715.59,223.64,1171.04,0.3,411.27,955.9,10.58,0.97,20.35,321044,0,Sewer Bypass,Severe Contamination / Environmental Hazard,"BOD_severe(411.3mg/L), COD_severe(955.9mg/L), Septic_Anoxic(DO=0.30,BOD=411.3,COD=955.9)",No Treatment Viable - Direct Sewer Bypass,Critical Hazard Failsafe
209,Bathroom,6.88,30.61,0.37,36.82,368.09,388.2,74.03,580.5,5.02,20.0,109.14,14.48,6.64,16.36,42642,2,Restricted Irrigation,Moderate Water Quality Profile Suitable for Restricted Irrigation,"TSS_exceeds_indoor(74.0mg/L), TUR_exceeds_indoor(36.8NTU), E_coli_exceeds_indoor(42642CFU), TDS_exceeds_indoor(388.2mg/L), SAL_exceeds_indoor(0.37ppt)",Secondary Settling / Disc Filtration & Drip Irrigation Barrier Required,Restricted Non-Potable Landscape Irrigation
210,Laundry,7.2,25.38,0.4,105.98,603.03,582.29,226.19,666.7,2.04,342.43,518.14,8.9,8.31,15.03,51930,1,Bio-filtration,Elevated Organic / Particulate / Biological Load,"BOD_elevated(342.4mg/L), COD_elevated(518.1mg/L), TSS_elevated(226.2mg/L), TUR_elevated(106.0NTU)",Biological Oxidation & Sand Bio-filtration Required,Treatment Pathway Mandated
211,Kitchen,7.43,35.96,0.47,102.25,450.33,480.12,260.37,300.19,0.3,650.0,910.0,17.58,6.54,23.43,944010,0,Sewer Bypass,Severe Contamination / Environmental Hazard,"BOD_severe(650.0mg/L), COD_severe(910.0mg/L), TSS_severe(260.4mg/L), E_coli_severe(944010CFU), Septic_Anoxic(DO=0.30,BOD=650.0,COD=910.0)",No Treatment Viable - Direct Sewer Bypass,Critical Hazard Failsafe
212,Laundry,7.04,24.57,0.33,121.17,312.28,339.93,122.14,422.41,0.45,148.09,599.2,0.1,2.92,14.74,43666,1,Bio-filtration,Elevated Organic / Particulate / Biological Load,"BOD_elevated(148.1mg/L), COD_elevated(599.2mg/L), TSS_elevated(122.1mg/L), TUR_elevated(121.2NTU), DO_depleted(0.45mg/L)",Biological Oxidation & Sand Bio-filtration Required,Treatment Pathway Mandated
213,Bathroom,7.53,24.24,0.19,45.79,266.8,278.41,65.21,512.97,3.53,58.74,119.25,12.85,6.88,13.94,23132,2,Restricted Irrigation,Moderate Water Quality Profile Suitable for Restricted Irrigation,"BOD_exceeds_indoor(58.7mg/L), TSS_exceeds_indoor(65.2mg/L), TUR_exceeds_indoor(45.8NTU), E_coli_exceeds_indoor(23132CFU)",Secondary Settling / Disc Filtration & Drip Irrigation Barrier Required,Restricted Non-Potable Landscape Irrigation
214,Mixed,7.27,23.1,0.37,66.6,247.63,268.52,71.25,504.64,2.32,115.54,564.67,14.95,7.79,25.29,31864,1,Bio-filtration,Elevated Organic / Particulate / Biological Load,"COD_elevated(564.7mg/L), TUR_elevated(66.6NTU)",Biological Oxidation & Sand Bio-filtration Required,Treatment Pathway Mandated
215,Kitchen,6.5,24.99,0.61,143.45,609.09,627.27,343.47,924.69,3.7,218.46,431.63,11.68,4.69,18.3,78375,0,Sewer Bypass,Severe Contamination / Environmental Hazard,"TSS_severe(343.5mg/L), TUR_severe(143.4NTU), SAL_severe(0.61ppt)",No Treatment Viable - Direct Sewer Bypass,Critical Hazard Failsafe
216,Kitchen,7.15,21.23,0.57,56.98,528.91,564.9,130.96,907.3,1.27,245.96,670.35,14.55,5.98,25.87,151203,1,Bio-filtration,Elevated Organic / Particulate / Biological Load,"BOD_elevated(246.0mg/L), COD_elevated(670.4mg/L), TSS_elevated(131.0mg/L), E_coli_elevated(151203CFU), DO_depleted(1.27mg/L)",Biological Oxidation & Sand Bio-filtration Required,Treatment Pathway Mandated
217,Bathroom,7.28,24.8,0.22,12.8,299.22,302.54,26.35,570.49,4.41,37.25,155.1,6.32,7.72,12.12,11158,2,Restricted Irrigation,Moderate Water Quality Profile Suitable for Restricted Irrigation,"COD_exceeds_indoor(155.1mg/L), TDS_exceeds_indoor(302.5mg/L)",Secondary Settling / Disc Filtration & Drip Irrigation Barrier Required,Restricted Non-Potable Landscape Irrigation
218,Bathroom,7.57,30.91,0.25,30.61,293.86,304.14,17.28,411.59,5.06,47.15,141.24,7.42,3.48,18.19,14427,2,Restricted Irrigation,Moderate Water Quality Profile Suitable for Restricted Irrigation,"BOD_exceeds_indoor(47.1mg/L), COD_exceeds_indoor(141.2mg/L), TUR_exceeds_indoor(30.6NTU), TDS_exceeds_indoor(304.1mg/L)",Secondary Settling / Disc Filtration & Drip Irrigation Barrier Required,Restricted Non-Potable Landscape Irrigation
219,Mixed,7.25,25.69,0.39,116.0,102.16,108.17,208.61,451.19,3.0,212.05,296.87,10.73,5.65,13.23,58003,1,Bio-filtration,Elevated Organic / Particulate / Biological Load,"BOD_elevated(212.1mg/L), TSS_elevated(208.6mg/L), TUR_elevated(116.0NTU)",Biological Oxidation & Sand Bio-filtration Required,Treatment Pathway Mandated
220,Laundry,6.99,30.39,0.44,54.09,262.09,294.46,118.46,698.0,0.3,119.9,877.36,10.47,7.55,11.48,46325,0,Sewer Bypass,Severe Contamination / Environmental Hazard,"COD_severe(877.4mg/L), Septic_Anoxic(DO=0.30,BOD=119.9,COD=877.4)",No Treatment Viable - Direct Sewer Bypass,Critical Hazard Failsafe
221,Laundry,6.96,38.0,0.48,105.01,642.46,637.22,206.41,509.84,0.3,112.21,842.57,0.1,4.33,24.83,63117,0,Sewer Bypass,Severe Contamination / Environmental Hazard,"COD_severe(842.6mg/L), Septic_Anoxic(DO=0.30,BOD=112.2,COD=842.6)",No Treatment Viable - Direct Sewer Bypass,Critical Hazard Failsafe
222,Laundry,7.15,23.17,0.33,51.58,404.48,420.78,84.75,846.3,0.44,315.07,552.85,7.45,5.62,28.22,142778,0,Sewer Bypass,Severe Contamination / Environmental Hazard,"Septic_Anoxic(DO=0.44,BOD=315.1,COD=552.9)",No Treatment Viable - Direct Sewer Bypass,Critical Hazard Failsafe
223,Kitchen,6.8,18.0,0.62,150.79,585.97,582.68,211.66,918.47,1.45,287.36,595.61,14.48,6.13,25.61,94509,0,Sewer Bypass,Severe Contamination / Environmental Hazard,"TUR_severe(150.8NTU), SAL_severe(0.62ppt)",No Treatment Viable - Direct Sewer Bypass,Critical Hazard Failsafe
224,Mixed,6.84,35.9,0.32,51.24,262.05,273.72,93.79,501.08,1.2,157.46,318.36,17.89,6.14,19.01,17643,1,Bio-filtration,Elevated Organic / Particulate / Biological Load,"BOD_elevated(157.5mg/L), COD_elevated(318.4mg/L), TSS_elevated(93.8mg/L), DO_depleted(1.20mg/L)",Biological Oxidation & Sand Bio-filtration Required,Treatment Pathway Mandated
225,Bathroom,6.84,23.97,0.23,53.0,228.56,230.79,79.89,465.87,3.25,83.24,116.54,1.46,2.94,11.4,3979,2,Restricted Irrigation,Moderate Water Quality Profile Suitable for Restricted Irrigation,"BOD_exceeds_indoor(83.2mg/L), TSS_exceeds_indoor(79.9mg/L), TUR_exceeds_indoor(53.0NTU), DO_low_for_indoor(3.25mg/L)",Secondary Settling / Disc Filtration & Drip Irrigation Barrier Required,Restricted Non-Potable Landscape Irrigation
226,Mixed,7.04,18.0,0.2,41.84,438.13,448.84,78.84,423.15,3.92,87.09,295.46,12.92,7.29,15.04,71739,2,Restricted Irrigation,Moderate Water Quality Profile Suitable for Restricted Irrigation,"BOD_exceeds_indoor(87.1mg/L), COD_exceeds_indoor(295.5mg/L), TSS_exceeds_indoor(78.8mg/L), TUR_exceeds_indoor(41.8NTU), E_coli_exceeds_indoor(71739CFU), TDS_exceeds_indoor(448.8mg/L)",Secondary Settling / Disc Filtration & Drip Irrigation Barrier Required,Restricted Non-Potable Landscape Irrigation
227,Bathroom,6.89,26.09,0.2,59.95,125.47,131.99,140.61,344.68,3.0,43.36,119.84,11.03,7.22,16.52,8375,1,Bio-filtration,Elevated Organic / Particulate / Biological Load,TSS_elevated(140.6mg/L),Biological Oxidation & Sand Bio-filtration Required,Treatment Pathway Mandated
228,Laundry,6.93,22.95,0.29,83.94,682.19,707.8,106.24,687.37,2.59,145.71,343.23,13.93,7.27,25.23,26658,1,Bio-filtration,Elevated Organic / Particulate / Biological Load,"BOD_elevated(145.7mg/L), COD_elevated(343.2mg/L), TSS_elevated(106.2mg/L), TUR_elevated(83.9NTU)",Biological Oxidation & Sand Bio-filtration Required,Treatment Pathway Mandated
229,Kitchen,7.21,28.22,0.68,93.61,537.61,549.89,153.81,894.19,0.3,325.94,988.94,7.02,3.36,16.08,63803,0,Sewer Bypass,Severe Contamination / Environmental Hazard,"COD_severe(988.9mg/L), SAL_severe(0.68ppt), Septic_Anoxic(DO=0.30,BOD=325.9,COD=988.9)",No Treatment Viable - Direct Sewer Bypass,Critical Hazard Failsafe
230,Bathroom,6.97,29.77,0.25,50.38,288.2,305.89,43.47,528.44,4.64,59.02,225.83,12.03,4.04,14.02,18190,2,Restricted Irrigation,Moderate Water Quality Profile Suitable for Restricted Irrigation,"BOD_exceeds_indoor(59.0mg/L), COD_exceeds_indoor(225.8mg/L), TUR_exceeds_indoor(50.4NTU), TDS_exceeds_indoor(305.9mg/L)",Secondary Settling / Disc Filtration & Drip Irrigation Barrier Required,Restricted Non-Potable Landscape Irrigation
231,Bathroom,6.73,29.25,0.25,39.37,190.07,188.58,72.68,313.2,3.68,61.19,174.26,12.23,6.35,8.25,4857,2,Restricted Irrigation,Moderate Water Quality Profile Suitable for Restricted Irrigation,"BOD_exceeds_indoor(61.2mg/L), COD_exceeds_indoor(174.3mg/L), TSS_exceeds_indoor(72.7mg/L), TUR_exceeds_indoor(39.4NTU)",Secondary Settling / Disc Filtration & Drip Irrigation Barrier Required,Restricted Non-Potable Landscape Irrigation
232,Laundry,7.29,32.38,0.54,105.74,624.36,622.95,222.85,521.66,1.61,340.07,476.09,14.13,2.79,24.84,30829,1,Bio-filtration,Elevated Organic / Particulate / Biological Load,"BOD_elevated(340.1mg/L), COD_elevated(476.1mg/L), TSS_elevated(222.8mg/L), TUR_elevated(105.7NTU), DO_depleted(1.61mg/L)",Biological Oxidation & Sand Bio-filtration Required,Treatment Pathway Mandated
233,Mixed,7.43,24.65,0.35,58.98,243.22,255.07,156.32,725.21,3.57,158.38,388.64,7.06,5.41,6.72,215206,1,Bio-filtration,Elevated Organic / Particulate / Biological Load,"BOD_elevated(158.4mg/L), COD_elevated(388.6mg/L), TSS_elevated(156.3mg/L), E_coli_elevated(215206CFU)",Biological Oxidation & Sand Bio-filtration Required,Treatment Pathway Mandated
234,Laundry,7.62,27.36,0.42,24.34,469.81,508.55,36.55,755.11,2.6,225.33,417.22,9.74,3.56,17.97,112350,1,Bio-filtration,Elevated Organic / Particulate / Biological Load,"BOD_elevated(225.3mg/L), COD_elevated(417.2mg/L), E_coli_elevated(112350CFU)",Biological Oxidation & Sand Bio-filtration Required,Treatment Pathway Mandated
235,Mixed,7.24,20.64,0.36,87.5,94.21,100.0,133.08,568.74,3.52,232.11,324.96,12.26,2.56,23.0,16605,1,Bio-filtration,Elevated Organic / Particulate / Biological Load,"BOD_elevated(232.1mg/L), COD_elevated(325.0mg/L), TSS_elevated(133.1mg/L), TUR_elevated(87.5NTU)",Biological Oxidation & Sand Bio-filtration Required,Treatment Pathway Mandated
236,Mixed,7.45,28.75,0.27,71.27,279.09,281.04,78.24,541.67,3.79,116.65,345.02,8.38,7.23,16.46,28667,1,Bio-filtration,Elevated Organic / Particulate / Biological Load,"COD_elevated(345.0mg/L), TUR_elevated(71.3NTU)",Biological Oxidation & Sand Bio-filtration Required,Treatment Pathway Mandated
237,Laundry,6.81,25.65,0.43,71.84,470.42,485.27,77.89,409.3,2.04,188.69,597.09,5.75,2.64,27.65,113703,1,Bio-filtration,Elevated Organic / Particulate / Biological Load,"BOD_elevated(188.7mg/L), COD_elevated(597.1mg/L), TUR_elevated(71.8NTU), E_coli_elevated(113703CFU)",Biological Oxidation & Sand Bio-filtration Required,Treatment Pathway Mandated
238,Mixed,7.15,22.8,0.29,53.39,211.14,212.13,77.44,688.33,1.37,93.23,255.24,8.92,5.37,19.31,10614,1,Bio-filtration,Elevated Organic / Particulate / Biological Load,DO_depleted(1.37mg/L),Biological Oxidation & Sand Bio-filtration Required,Treatment Pathway Mandated
239,Bathroom,7.41,30.69,0.19,50.34,275.72,275.57,57.28,605.28,4.53,20.0,78.85,5.0,6.15,7.09,2383,2,Restricted Irrigation,Moderate Water Quality Profile Suitable for Restricted Irrigation,"TSS_exceeds_indoor(57.3mg/L), TUR_exceeds_indoor(50.3NTU)",Secondary Settling / Disc Filtration & Drip Irrigation Barrier Required,Restricted Non-Potable Landscape Irrigation
240,Bathroom,7.48,31.07,0.34,22.15,279.97,279.75,44.04,537.73,4.2,38.92,131.42,7.49,4.82,16.56,20700,2,Restricted Irrigation,Moderate Water Quality Profile Suitable for Restricted Irrigation,"COD_exceeds_indoor(131.4mg/L), E_coli_exceeds_indoor(20700CFU), SAL_exceeds_indoor(0.34ppt)",Secondary Settling / Disc Filtration & Drip Irrigation Barrier Required,Restricted Non-Potable Landscape Irrigation
241,Mixed,6.93,30.61,0.39,42.79,292.42,308.39,83.91,281.93,2.05,116.67,428.1,9.55,9.59,15.24,241614,1,Bio-filtration,Elevated Organic / Particulate / Biological Load,"COD_elevated(428.1mg/L), E_coli_elevated(241614CFU)",Biological Oxidation & Sand Bio-filtration Required,Treatment Pathway Mandated
242,Mixed,7.31,28.87,0.33,66.59,386.03,413.94,90.38,469.22,3.8,145.87,374.58,6.28,4.03,11.03,533184,0,Sewer Bypass,Severe Contamination / Environmental Hazard,E_coli_severe(533184CFU),No Treatment Viable - Direct Sewer Bypass,Critical Hazard Failsafe
243,Bathroom,7.11,29.16,0.43,18.58,274.41,279.9,31.33,648.65,3.8,34.16,83.5,14.94,8.28,15.52,20744,2,Restricted Irrigation,Moderate Water Quality Profile Suitable for Restricted Irrigation,"E_coli_exceeds_indoor(20744CFU), SAL_exceeds_indoor(0.43ppt)",Secondary Settling / Disc Filtration & Drip Irrigation Barrier Required,Restricted Non-Potable Landscape Irrigation
244,Laundry,6.61,31.01,0.4,82.37,390.25,396.45,141.29,624.33,0.36,369.08,851.19,16.75,5.94,14.41,153855,0,Sewer Bypass,Severe Contamination / Environmental Hazard,"COD_severe(851.2mg/L), Septic_Anoxic(DO=0.36,BOD=369.1,COD=851.2)",No Treatment Viable - Direct Sewer Bypass,Critical Hazard Failsafe
245,Kitchen,7.46,20.6,0.66,106.22,549.73,585.08,262.02,943.81,0.3,386.88,719.94,13.85,6.13,13.94,87453,0,Sewer Bypass,Severe Contamination / Environmental Hazard,"TSS_severe(262.0mg/L), SAL_severe(0.66ppt), Septic_Anoxic(DO=0.30,BOD=386.9,COD=719.9)",No Treatment Viable - Direct Sewer Bypass,Critical Hazard Failsafe
246,Mixed,7.19,28.86,0.28,75.5,266.66,272.45,129.71,200.0,3.17,229.06,320.68,17.78,4.9,16.1,19000,1,Bio-filtration,Elevated Organic / Particulate / Biological Load,"BOD_elevated(229.1mg/L), COD_elevated(320.7mg/L), TSS_elevated(129.7mg/L), TUR_elevated(75.5NTU)",Biological Oxidation & Sand Bio-filtration Required,Treatment Pathway Mandated
247,Kitchen,7.97,26.63,0.59,121.96,832.35,843.77,171.47,723.46,2.75,262.62,367.67,6.02,8.71,25.54,60670,0,Sewer Bypass,Severe Contamination / Environmental Hazard,TDS_severe(843.8mg/L),No Treatment Viable - Direct Sewer Bypass,Critical Hazard Failsafe
248,Laundry,6.66,18.5,0.37,58.44,588.75,561.11,124.3,646.03,0.3,172.87,929.3,19.06,9.31,11.71,41102,0,Sewer Bypass,Severe Contamination / Environmental Hazard,"COD_severe(929.3mg/L), Septic_Anoxic(DO=0.30,BOD=172.9,COD=929.3)",No Treatment Viable - Direct Sewer Bypass,Critical Hazard Failsafe
249,Laundry,6.67,26.64,0.4,92.99,748.67,816.51,176.97,753.59,2.63,292.34,409.28,14.43,6.81,27.1,328532,0,Sewer Bypass,Severe Contamination / Environmental Hazard,TDS_severe(816.5mg/L),No Treatment Viable - Direct Sewer Bypass,Critical Hazard Failsafe
250,Laundry,7.23,27.32,0.33,56.04,335.4,352.6,107.23,587.39,3.44,146.92,227.93,4.33,3.34,15.32,21033,1,Bio-filtration,Elevated Organic / Particulate / Biological Load,"BOD_elevated(146.9mg/L), TSS_elevated(107.2mg/L)",Biological Oxidation & Sand Bio-filtration Required,Treatment Pathway Mandated
251,Kitchen,7.53,30.33,0.65,96.92,511.69,521.34,143.32,696.98,0.66,473.79,847.38,7.2,8.28,21.78,412162,0,Sewer Bypass,Severe Contamination / Environmental Hazard,"BOD_severe(473.8mg/L), COD_severe(847.4mg/L), SAL_severe(0.65ppt), Septic_Anoxic(DO=0.66,BOD=473.8,COD=847.4)",No Treatment Viable - Direct Sewer Bypass,Critical Hazard Failsafe
252,Mixed,7.44,27.22,0.28,58.74,347.13,366.35,128.67,349.31,2.37,290.87,407.22,8.83,6.38,13.81,58141,1,Bio-filtration,Elevated Organic / Particulate / Biological Load,"BOD_elevated(290.9mg/L), COD_elevated(407.2mg/L), TSS_elevated(128.7mg/L)",Biological Oxidation & Sand Bio-filtration Required,Treatment Pathway Mandated
253,Laundry,7.2,23.86,0.48,121.22,537.25,536.07,225.86,1152.02,2.26,316.39,442.94,18.45,9.9,27.43,175426,1,Bio-filtration,Elevated Organic / Particulate / Biological Load,"BOD_elevated(316.4mg/L), COD_elevated(442.9mg/L), TSS_elevated(225.9mg/L), TUR_elevated(121.2NTU), E_coli_elevated(175426CFU)",Biological Oxidation & Sand Bio-filtration Required,Treatment Pathway Mandated
254,Bathroom,6.56,29.19,0.29,19.79,150.33,155.05,40.29,628.04,4.36,66.69,93.37,2.97,1.23,18.03,9417,2,Restricted Irrigation,Moderate Water Quality Profile Suitable for Restricted Irrigation,"BOD_exceeds_indoor(66.7mg/L), SAL_exceeds_indoor(0.29ppt)",Secondary Settling / Disc Filtration & Drip Irrigation Barrier Required,Restricted Non-Potable Landscape Irrigation
255,Bathroom,7.31,31.99,0.21,27.41,307.69,329.59,26.57,534.75,2.46,45.32,219.88,10.21,3.83,21.49,26954,2,Restricted Irrigation,Moderate Water Quality Profile Suitable for Restricted Irrigation,"BOD_exceeds_indoor(45.3mg/L), COD_exceeds_indoor(219.9mg/L), TUR_exceeds_indoor(27.4NTU), E_coli_exceeds_indoor(26954CFU), TDS_exceeds_indoor(329.6mg/L), DO_low_for_indoor(2.46mg/L)",Secondary Settling / Disc Filtration & Drip Irrigation Barrier Required,Restricted Non-Potable Landscape Irrigation
256,Kitchen,7.53,22.75,0.58,87.85,790.55,766.91,177.11,674.55,0.71,650.0,910.0,14.79,6.1,26.6,223176,0,Sewer Bypass,Severe Contamination / Environmental Hazard,"BOD_severe(650.0mg/L), COD_severe(910.0mg/L), Septic_Anoxic(DO=0.71,BOD=650.0,COD=910.0)",No Treatment Viable - Direct Sewer Bypass,Critical Hazard Failsafe
257,Mixed,7.03,23.36,0.3,87.48,457.14,447.96,228.49,567.03,1.96,246.46,374.87,7.56,6.59,17.83,68174,1,Bio-filtration,Elevated Organic / Particulate / Biological Load,"BOD_elevated(246.5mg/L), COD_elevated(374.9mg/L), TSS_elevated(228.5mg/L), TUR_elevated(87.5NTU), DO_depleted(1.96mg/L)",Biological Oxidation & Sand Bio-filtration Required,Treatment Pathway Mandated
258,Bathroom,7.38,30.42,0.2,51.29,114.23,117.75,108.36,337.42,5.52,36.51,130.99,16.64,4.7,16.4,34971,1,Bio-filtration,Elevated Organic / Particulate / Biological Load,TSS_elevated(108.4mg/L),Biological Oxidation & Sand Bio-filtration Required,Treatment Pathway Mandated
259,Bathroom,7.14,28.8,0.32,38.72,423.48,421.76,51.22,615.17,4.06,61.93,181.48,9.73,6.02,8.24,18454,2,Restricted Irrigation,Moderate Water Quality Profile Suitable for Restricted Irrigation,"BOD_exceeds_indoor(61.9mg/L), COD_exceeds_indoor(181.5mg/L), TSS_exceeds_indoor(51.2mg/L), TUR_exceeds_indoor(38.7NTU), TDS_exceeds_indoor(421.8mg/L), SAL_exceeds_indoor(0.32ppt)",Secondary Settling / Disc Filtration & Drip Irrigation Barrier Required,Restricted Non-Potable Landscape Irrigation
260,Laundry,6.67,21.66,0.48,142.68,474.65,495.04,220.56,704.96,2.46,187.38,539.09,3.07,5.13,17.28,69979,0,Sewer Bypass,Severe Contamination / Environmental Hazard,TUR_severe(142.7NTU),No Treatment Viable - Direct Sewer Bypass,Critical Hazard Failsafe
261,Bathroom,6.82,27.62,0.4,58.56,245.63,252.79,157.99,454.22,4.33,55.12,211.08,10.06,5.67,12.67,21574,1,Bio-filtration,Elevated Organic / Particulate / Biological Load,TSS_elevated(158.0mg/L),Biological Oxidation & Sand Bio-filtration Required,Treatment Pathway Mandated
262,Mixed,7.61,26.94,0.27,57.8,305.08,305.17,135.9,465.61,3.15,184.28,460.39,5.76,4.93,11.92,53569,1,Bio-filtration,Elevated Organic / Particulate / Biological Load,"BOD_elevated(184.3mg/L), COD_elevated(460.4mg/L), TSS_elevated(135.9mg/L)",Biological Oxidation & Sand Bio-filtration Required,Treatment Pathway Mandated
263,Laundry,7.46,20.6,0.49,41.17,313.91,323.12,85.61,726.4,0.3,82.53,764.6,12.16,3.33,16.87,101321,0,Sewer Bypass,Severe Contamination / Environmental Hazard,"Septic_Anoxic(DO=0.30,BOD=82.5,COD=764.6)",No Treatment Viable - Direct Sewer Bypass,Critical Hazard Failsafe
264,Bathroom,7.4,19.87,0.21,35.38,185.1,188.84,76.05,673.95,2.53,75.4,191.92,11.58,7.84,13.54,5959,2,Restricted Irrigation,Moderate Water Quality Profile Suitable for Restricted Irrigation,"BOD_exceeds_indoor(75.4mg/L), COD_exceeds_indoor(191.9mg/L), TSS_exceeds_indoor(76.0mg/L), TUR_exceeds_indoor(35.4NTU), DO_low_for_indoor(2.53mg/L)",Secondary Settling / Disc Filtration & Drip Irrigation Barrier Required,Restricted Non-Potable Landscape Irrigation
265,Mixed,7.63,21.6,0.33,60.94,322.32,326.03,92.51,463.4,0.55,224.41,540.18,12.63,3.84,21.98,27383,1,Bio-filtration,Elevated Organic / Particulate / Biological Load,"BOD_elevated(224.4mg/L), COD_elevated(540.2mg/L), TSS_elevated(92.5mg/L), TUR_elevated(60.9NTU), DO_depleted(0.55mg/L)",Biological Oxidation & Sand Bio-filtration Required,Treatment Pathway Mandated
266,Bathroom,6.76,24.35,0.31,34.07,300.81,307.15,61.23,360.95,3.34,53.83,182.86,2.4,5.12,23.09,23492,2,Restricted Irrigation,Moderate Water Quality Profile Suitable for Restricted Irrigation,"BOD_exceeds_indoor(53.8mg/L), COD_exceeds_indoor(182.9mg/L), TSS_exceeds_indoor(61.2mg/L), TUR_exceeds_indoor(34.1NTU), E_coli_exceeds_indoor(23492CFU), TDS_exceeds_indoor(307.1mg/L), SAL_exceeds_indoor(0.31ppt), DO_low_for_indoor(3.34mg/L)",Secondary Settling / Disc Filtration & Drip Irrigation Barrier Required,Restricted Non-Potable Landscape Irrigation
267,Bathroom,6.93,23.08,0.35,56.53,180.16,193.51,116.26,298.02,4.42,68.73,170.92,8.39,3.54,14.2,7542,1,Bio-filtration,Elevated Organic / Particulate / Biological Load,TSS_elevated(116.3mg/L),Biological Oxidation & Sand Bio-filtration Required,Treatment Pathway Mandated
268,Bathroom,7.17,30.63,0.29,53.09,310.29,311.23,88.46,462.8,3.3,46.5,142.25,5.17,6.68,21.1,7463,2,Restricted Irrigation,Moderate Water Quality Profile Suitable for Restricted Irrigation,"BOD_exceeds_indoor(46.5mg/L), COD_exceeds_indoor(142.2mg/L), TSS_exceeds_indoor(88.5mg/L), TUR_exceeds_indoor(53.1NTU), TDS_exceeds_indoor(311.2mg/L), SAL_exceeds_indoor(0.29ppt), DO_low_for_indoor(3.30mg/L)",Secondary Settling / Disc Filtration & Drip Irrigation Barrier Required,Restricted Non-Potable Landscape Irrigation
269,Bathroom,7.23,24.6,0.19,35.2,395.95,399.02,75.97,748.29,4.21,33.31,97.14,0.1,4.59,15.26,43793,2,Restricted Irrigation,Moderate Water Quality Profile Suitable for Restricted Irrigation,"TSS_exceeds_indoor(76.0mg/L), TUR_exceeds_indoor(35.2NTU), E_coli_exceeds_indoor(43793CFU), TDS_exceeds_indoor(399.0mg/L)",Secondary Settling / Disc Filtration & Drip Irrigation Barrier Required,Restricted Non-Potable Landscape Irrigation
270,Bathroom,7.12,24.3,0.16,42.23,316.65,340.75,66.64,253.85,3.44,38.67,133.37,6.53,3.07,17.97,30613,2,Restricted Irrigation,Moderate Water Quality Profile Suitable for Restricted Irrigation,"COD_exceeds_indoor(133.4mg/L), TSS_exceeds_indoor(66.6mg/L), TUR_exceeds_indoor(42.2NTU), E_coli_exceeds_indoor(30613CFU), TDS_exceeds_indoor(340.8mg/L), DO_low_for_indoor(3.44mg/L)",Secondary Settling / Disc Filtration & Drip Irrigation Barrier Required,Restricted Non-Potable Landscape Irrigation
271,Bathroom,7.14,27.06,0.36,16.12,215.09,227.92,26.09,528.97,4.93,72.87,102.01,11.65,4.32,19.66,17036,2,Restricted Irrigation,Moderate Water Quality Profile Suitable for Restricted Irrigation,"BOD_exceeds_indoor(72.9mg/L), SAL_exceeds_indoor(0.36ppt)",Secondary Settling / Disc Filtration & Drip Irrigation Barrier Required,Restricted Non-Potable Landscape Irrigation
272,Bathroom,6.51,29.05,0.25,37.66,250.05,260.88,55.6,592.97,3.2,58.66,146.25,5.3,1.0,18.74,5950,2,Restricted Irrigation,Moderate Water Quality Profile Suitable for Restricted Irrigation,"BOD_exceeds_indoor(58.7mg/L), COD_exceeds_indoor(146.2mg/L), TSS_exceeds_indoor(55.6mg/L), TUR_exceeds_indoor(37.7NTU), DO_low_for_indoor(3.20mg/L)",Secondary Settling / Disc Filtration & Drip Irrigation Barrier Required,Restricted Non-Potable Landscape Irrigation
273,Bathroom,7.05,28.67,0.33,42.38,171.24,178.86,108.13,725.03,5.05,62.42,87.39,8.3,6.79,11.52,16823,1,Bio-filtration,Elevated Organic / Particulate / Biological Load,TSS_elevated(108.1mg/L),Biological Oxidation & Sand Bio-filtration Required,Treatment Pathway Mandated
274,Laundry,6.96,28.11,0.44,111.42,321.98,355.28,282.01,1037.87,3.04,131.71,393.87,15.34,3.8,16.71,97315,0,Sewer Bypass,Severe Contamination / Environmental Hazard,TSS_severe(282.0mg/L),No Treatment Viable - Direct Sewer Bypass,Critical Hazard Failsafe
275,Kitchen,7.7,25.45,0.51,54.32,715.37,711.82,95.76,929.22,0.3,231.59,951.47,13.44,9.08,17.4,86367,0,Sewer Bypass,Severe Contamination / Environmental Hazard,"COD_severe(951.5mg/L), Septic_Anoxic(DO=0.30,BOD=231.6,COD=951.5)",No Treatment Viable - Direct Sewer Bypass,Critical Hazard Failsafe
276,Laundry,6.96,24.46,0.47,121.04,373.48,405.83,221.45,685.86,1.49,324.03,627.16,12.11,4.54,19.53,57334,1,Bio-filtration,Elevated Organic / Particulate / Biological Load,"BOD_elevated(324.0mg/L), COD_elevated(627.2mg/L), TSS_elevated(221.4mg/L), TUR_elevated(121.0NTU), DO_depleted(1.49mg/L)",Biological Oxidation & Sand Bio-filtration Required,Treatment Pathway Mandated
277,Laundry,7.49,33.04,0.41,116.04,457.98,478.82,143.02,627.19,1.96,305.7,628.74,9.82,4.42,26.44,172950,1,Bio-filtration,Elevated Organic / Particulate / Biological Load,"BOD_elevated(305.7mg/L), COD_elevated(628.7mg/L), TSS_elevated(143.0mg/L), TUR_elevated(116.0NTU), E_coli_elevated(172950CFU), DO_depleted(1.96mg/L)",Biological Oxidation & Sand Bio-filtration Required,Treatment Pathway Mandated
278,Laundry,6.76,26.52,0.45,91.58,424.92,434.07,269.33,688.81,3.29,91.11,448.35,10.98,0.1,21.88,544675,0,Sewer Bypass,Severe Contamination / Environmental Hazard,"TSS_severe(269.3mg/L), E_coli_severe(544675CFU)",No Treatment Viable - Direct Sewer Bypass,Critical Hazard Failsafe
279,Mixed,6.6,33.84,0.41,5.0,405.8,422.86,10.0,606.44,2.5,183.29,361.41,3.3,6.65,27.09,216605,1,Bio-filtration,Elevated Organic / Particulate / Biological Load,"BOD_elevated(183.3mg/L), COD_elevated(361.4mg/L), E_coli_elevated(216605CFU)",Biological Oxidation & Sand Bio-filtration Required,Treatment Pathway Mandated
280,Mixed,6.6,20.18,0.38,45.75,165.71,172.3,90.46,369.07,3.19,198.47,277.86,3.18,4.59,14.62,82867,1,Bio-filtration,Elevated Organic / Particulate / Biological Load,"BOD_elevated(198.5mg/L), TSS_elevated(90.5mg/L), E_coli_elevated(82867CFU)",Biological Oxidation & Sand Bio-filtration Required,Treatment Pathway Mandated
281,Bathroom,7.13,28.1,0.24,31.76,304.07,304.04,55.81,557.98,3.63,40.77,153.79,10.16,5.87,15.04,14405,2,Restricted Irrigation,Moderate Water Quality Profile Suitable for Restricted Irrigation,"COD_exceeds_indoor(153.8mg/L), TSS_exceeds_indoor(55.8mg/L), TUR_exceeds_indoor(31.8NTU), TDS_exceeds_indoor(304.0mg/L)",Secondary Settling / Disc Filtration & Drip Irrigation Barrier Required,Restricted Non-Potable Landscape Irrigation
282,Bathroom,6.82,19.59,0.22,39.69,297.65,299.45,61.95,746.69,3.1,35.75,84.79,14.67,8.92,19.5,8163,2,Restricted Irrigation,Moderate Water Quality Profile Suitable for Restricted Irrigation,"TSS_exceeds_indoor(62.0mg/L), TUR_exceeds_indoor(39.7NTU), DO_low_for_indoor(3.10mg/L)",Secondary Settling / Disc Filtration & Drip Irrigation Barrier Required,Restricted Non-Potable Landscape Irrigation
283,Bathroom,7.63,25.42,0.22,31.7,395.26,400.73,88.47,549.75,4.43,41.54,58.16,13.2,7.25,18.11,7394,2,Restricted Irrigation,Moderate Water Quality Profile Suitable for Restricted Irrigation,"TSS_exceeds_indoor(88.5mg/L), TUR_exceeds_indoor(31.7NTU), TDS_exceeds_indoor(400.7mg/L)",Secondary Settling / Disc Filtration & Drip Irrigation Barrier Required,Restricted Non-Potable Landscape Irrigation
284,Bathroom,7.08,31.56,0.28,40.28,272.87,294.01,88.21,200.0,3.87,111.55,156.17,9.64,4.85,21.59,32078,2,Restricted Irrigation,Moderate Water Quality Profile Suitable for Restricted Irrigation,"BOD_exceeds_indoor(111.5mg/L), COD_exceeds_indoor(156.2mg/L), TSS_exceeds_indoor(88.2mg/L), TUR_exceeds_indoor(40.3NTU), E_coli_exceeds_indoor(32078CFU)",Secondary Settling / Disc Filtration & Drip Irrigation Barrier Required,Restricted Non-Potable Landscape Irrigation
285,Laundry,6.95,30.59,0.36,95.56,811.68,840.2,180.4,400.35,0.3,408.51,571.91,14.26,8.88,24.81,57162,0,Sewer Bypass,Severe Contamination / Environmental Hazard,"BOD_severe(408.5mg/L), TDS_severe(840.2mg/L), Septic_Anoxic(DO=0.30,BOD=408.5,COD=571.9)",No Treatment Viable - Direct Sewer Bypass,Critical Hazard Failsafe
286,Laundry,6.25,29.04,0.45,116.99,201.23,200.16,250.89,831.89,1.86,353.21,638.42,6.02,2.48,11.32,70260,0,Sewer Bypass,Severe Contamination / Environmental Hazard,TSS_severe(250.9mg/L),No Treatment Viable - Direct Sewer Bypass,Critical Hazard Failsafe
287,Bathroom,7.14,28.46,0.23,48.68,348.28,376.47,92.86,418.6,6.41,62.08,86.91,11.2,4.7,27.28,14130,1,Bio-filtration,Elevated Organic / Particulate / Biological Load,TSS_elevated(92.9mg/L),Biological Oxidation & Sand Bio-filtration Required,Treatment Pathway Mandated
288,Laundry,6.95,24.81,0.4,149.93,402.29,416.46,350.0,748.82,0.3,404.36,1000.0,14.53,6.5,24.8,43940,0,Sewer Bypass,Severe Contamination / Environmental Hazard,"BOD_severe(404.4mg/L), COD_severe(1000.0mg/L), TSS_severe(350.0mg/L), TUR_severe(149.9NTU), Septic_Anoxic(DO=0.30,BOD=404.4,COD=1000.0)",No Treatment Viable - Direct Sewer Bypass,Critical Hazard Failsafe
289,Laundry,6.8,20.08,0.33,55.64,347.86,363.2,144.44,741.36,1.1,198.47,799.83,11.09,5.0,23.07,29627,1,Bio-filtration,Elevated Organic / Particulate / Biological Load,"BOD_elevated(198.5mg/L), COD_elevated(799.8mg/L), TSS_elevated(144.4mg/L), DO_depleted(1.10mg/L)",Biological Oxidation & Sand Bio-filtration Required,Treatment Pathway Mandated
290,Bathroom,7.14,37.23,0.31,37.52,209.78,214.85,59.59,353.26,4.0,79.59,115.85,5.35,5.13,12.41,7276,2,Restricted Irrigation,Moderate Water Quality Profile Suitable for Restricted Irrigation,"BOD_exceeds_indoor(79.6mg/L), TSS_exceeds_indoor(59.6mg/L), TUR_exceeds_indoor(37.5NTU), SAL_exceeds_indoor(0.31ppt)",Secondary Settling / Disc Filtration & Drip Irrigation Barrier Required,Restricted Non-Potable Landscape Irrigation
291,Mixed,7.96,29.1,0.3,78.02,413.63,417.46,125.94,584.48,2.68,188.06,335.88,5.5,5.73,17.24,10571,1,Bio-filtration,Elevated Organic / Particulate / Biological Load,"BOD_elevated(188.1mg/L), COD_elevated(335.9mg/L), TSS_elevated(125.9mg/L), TUR_elevated(78.0NTU)",Biological Oxidation & Sand Bio-filtration Required,Treatment Pathway Mandated
292,Bathroom,7.18,31.34,0.27,65.97,231.93,247.14,85.81,544.95,2.68,37.15,122.04,12.26,4.44,15.53,4802,1,Bio-filtration,Elevated Organic / Particulate / Biological Load,TUR_elevated(66.0NTU),Biological Oxidation & Sand Bio-filtration Required,Treatment Pathway Mandated
293,Mixed,7.1,25.74,0.44,64.74,384.12,377.49,137.88,671.71,4.03,196.46,296.15,15.24,7.52,10.39,30175,1,Bio-filtration,Elevated Organic / Particulate / Biological Load,"BOD_elevated(196.5mg/L), TSS_elevated(137.9mg/L), TUR_elevated(64.7NTU)",Biological Oxidation & Sand Bio-filtration Required,Treatment Pathway Mandated
294,Bathroom,6.9,30.51,0.17,34.74,380.23,375.5,81.28,664.18,3.07,65.62,102.36,7.83,8.28,19.94,150436,1,Bio-filtration,Elevated Organic / Particulate / Biological Load,E_coli_elevated(150436CFU),Biological Oxidation & Sand Bio-filtration Required,Treatment Pathway Mandated
295,Mixed,7.36,38.0,0.27,69.04,301.93,332.23,158.77,486.48,3.38,242.0,421.61,10.18,5.71,16.68,153088,1,Bio-filtration,Elevated Organic / Particulate / Biological Load,"BOD_elevated(242.0mg/L), COD_elevated(421.6mg/L), TSS_elevated(158.8mg/L), TUR_elevated(69.0NTU), E_coli_elevated(153088CFU)",Biological Oxidation & Sand Bio-filtration Required,Treatment Pathway Mandated
296,Mixed,7.84,28.66,0.48,109.93,398.14,418.82,238.87,765.8,2.84,235.96,330.35,13.84,9.46,20.45,110280,1,Bio-filtration,Elevated Organic / Particulate / Biological Load,"BOD_elevated(236.0mg/L), COD_elevated(330.4mg/L), TSS_elevated(238.9mg/L), TUR_elevated(109.9NTU), E_coli_elevated(110280CFU)",Biological Oxidation & Sand Bio-filtration Required,Treatment Pathway Mandated
297,Mixed,7.32,25.52,0.25,61.31,353.27,343.41,103.75,556.66,3.64,205.86,443.5,11.9,7.1,16.38,118689,1,Bio-filtration,Elevated Organic / Particulate / Biological Load,"BOD_elevated(205.9mg/L), COD_elevated(443.5mg/L), TSS_elevated(103.8mg/L), TUR_elevated(61.3NTU), E_coli_elevated(118689CFU)",Biological Oxidation & Sand Bio-filtration Required,Treatment Pathway Mandated
298,Mixed,7.41,27.26,0.54,68.13,355.34,374.74,115.21,765.98,3.23,82.92,167.76,8.83,7.5,20.58,83140,1,Bio-filtration,Elevated Organic / Particulate / Biological Load,"TSS_elevated(115.2mg/L), TUR_elevated(68.1NTU), E_coli_elevated(83140CFU)",Biological Oxidation & Sand Bio-filtration Required,Treatment Pathway Mandated
299,Mixed,7.49,23.89,0.38,59.45,294.1,328.01,75.94,408.12,1.34,175.7,364.16,4.7,6.7,3.03,238203,1,Bio-filtration,Elevated Organic / Particulate / Biological Load,"BOD_elevated(175.7mg/L), COD_elevated(364.2mg/L), E_coli_elevated(238203CFU), DO_depleted(1.34mg/L)",Biological Oxidation & Sand Bio-filtration Required,Treatment Pathway Mandated
300,Kitchen,6.76,30.8,0.41,82.68,858.47,788.8,64.25,985.95,1.21,409.75,649.34,10.5,7.4,16.59,519191,0,Sewer Bypass,Severe Contamination / Environmental Hazard,"BOD_severe(409.8mg/L), E_coli_severe(519191CFU)",No Treatment Viable - Direct Sewer Bypass,Critical Hazard Failsafe
301,Mixed,7.16,20.69,0.31,101.28,335.07,323.33,237.98,449.03,2.59,167.75,460.26,11.22,5.5,16.6,258032,1,Bio-filtration,Elevated Organic / Particulate / Biological Load,"BOD_elevated(167.8mg/L), COD_elevated(460.3mg/L), TSS_elevated(238.0mg/L), TUR_elevated(101.3NTU), E_coli_elevated(258032CFU)",Biological Oxidation & Sand Bio-filtration Required,Treatment Pathway Mandated
302,Bathroom,7.0,25.22,0.23,28.08,211.05,233.48,41.07,699.21,4.86,70.5,98.7,8.41,4.71,16.41,12181,2,Restricted Irrigation,Moderate Water Quality Profile Suitable for Restricted Irrigation,"BOD_exceeds_indoor(70.5mg/L), TUR_exceeds_indoor(28.1NTU)",Secondary Settling / Disc Filtration & Drip Irrigation Barrier Required,Restricted Non-Potable Landscape Irrigation
303,Laundry,6.16,31.15,0.53,103.08,358.87,389.5,117.36,693.99,2.64,302.75,423.86,12.33,7.71,20.88,4039,1,Bio-filtration,Elevated Organic / Particulate / Biological Load,"BOD_elevated(302.8mg/L), COD_elevated(423.9mg/L), TSS_elevated(117.4mg/L), TUR_elevated(103.1NTU)",Biological Oxidation & Sand Bio-filtration Required,Treatment Pathway Mandated
304,Laundry,7.09,22.48,0.46,47.73,396.13,405.69,50.67,766.95,1.82,285.26,399.37,16.38,3.29,23.41,67817,1,Bio-filtration,Elevated Organic / Particulate / Biological Load,"BOD_elevated(285.3mg/L), COD_elevated(399.4mg/L), DO_depleted(1.82mg/L)",Biological Oxidation & Sand Bio-filtration Required,Treatment Pathway Mandated
305,Mixed,7.27,19.31,0.27,61.66,354.23,390.74,124.83,561.26,3.47,214.7,300.58,17.7,9.3,19.81,51770,1,Bio-filtration,Elevated Organic / Particulate / Biological Load,"BOD_elevated(214.7mg/L), COD_elevated(300.6mg/L), TSS_elevated(124.8mg/L), TUR_elevated(61.7NTU)",Biological Oxidation & Sand Bio-filtration Required,Treatment Pathway Mandated
306,Laundry,6.68,25.64,0.29,113.08,322.7,325.87,312.1,650.61,0.83,129.39,686.77,13.45,5.01,21.04,68287,0,Sewer Bypass,Severe Contamination / Environmental Hazard,"TSS_severe(312.1mg/L), Septic_Anoxic(DO=0.83,BOD=129.4,COD=686.8)",No Treatment Viable - Direct Sewer Bypass,Critical Hazard Failsafe
307,Laundry,6.64,25.2,0.32,55.2,656.52,686.63,115.37,578.5,0.3,253.81,748.13,8.32,5.98,24.79,413589,0,Sewer Bypass,Severe Contamination / Environmental Hazard,"Septic_Anoxic(DO=0.30,BOD=253.8,COD=748.1)",No Treatment Viable - Direct Sewer Bypass,Critical Hazard Failsafe
308,Kitchen,7.52,29.9,0.61,150.21,361.64,392.46,197.11,589.57,0.3,390.61,719.48,22.08,4.98,28.15,35212,0,Sewer Bypass,Severe Contamination / Environmental Hazard,"TUR_severe(150.2NTU), SAL_severe(0.61ppt), Septic_Anoxic(DO=0.30,BOD=390.6,COD=719.5)",No Treatment Viable - Direct Sewer Bypass,Critical Hazard Failsafe
309,Bathroom,6.72,18.0,0.31,39.44,171.95,187.49,46.63,612.97,4.38,94.86,132.81,4.27,4.67,12.22,31822,2,Restricted Irrigation,Moderate Water Quality Profile Suitable for Restricted Irrigation,"BOD_exceeds_indoor(94.9mg/L), COD_exceeds_indoor(132.8mg/L), TSS_exceeds_indoor(46.6mg/L), TUR_exceeds_indoor(39.4NTU), E_coli_exceeds_indoor(31822CFU), SAL_exceeds_indoor(0.31ppt)",Secondary Settling / Disc Filtration & Drip Irrigation Barrier Required,Restricted Non-Potable Landscape Irrigation
310,Bathroom,7.36,31.46,0.21,24.68,348.67,363.87,40.81,435.26,4.28,93.33,143.99,8.35,10.56,23.98,9724,2,Restricted Irrigation,Moderate Water Quality Profile Suitable for Restricted Irrigation,"BOD_exceeds_indoor(93.3mg/L), COD_exceeds_indoor(144.0mg/L), TDS_exceeds_indoor(363.9mg/L)",Secondary Settling / Disc Filtration & Drip Irrigation Barrier Required,Restricted Non-Potable Landscape Irrigation
311,Laundry,6.8,26.04,0.31,99.85,331.92,339.54,244.98,460.59,3.85,225.89,457.45,15.4,8.12,15.77,60082,1,Bio-filtration,Elevated Organic / Particulate / Biological Load,"BOD_elevated(225.9mg/L), COD_elevated(457.4mg/L), TSS_elevated(245.0mg/L), TUR_elevated(99.8NTU)",Biological Oxidation & Sand Bio-filtration Required,Treatment Pathway Mandated
312,Laundry,6.39,30.52,0.47,111.33,567.03,595.89,193.29,685.81,0.91,115.34,679.11,5.5,1.27,20.26,340270,0,Sewer Bypass,Severe Contamination / Environmental Hazard,"Septic_Anoxic(DO=0.91,BOD=115.3,COD=679.1)",No Treatment Viable - Direct Sewer Bypass,Critical Hazard Failsafe
313,Bathroom,7.59,28.6,0.2,59.03,275.88,276.39,94.28,458.45,3.36,20.0,188.56,5.09,3.05,15.12,116655,1,Bio-filtration,Elevated Organic / Particulate / Biological Load,"TSS_elevated(94.3mg/L), E_coli_elevated(116655CFU)",Biological Oxidation & Sand Bio-filtration Required,Treatment Pathway Mandated
314,Laundry,7.63,19.53,0.41,83.21,296.43,296.57,160.52,563.37,0.37,226.53,845.09,14.08,0.79,16.11,642416,0,Sewer Bypass,Severe Contamination / Environmental Hazard,"COD_severe(845.1mg/L), E_coli_severe(642416CFU), Septic_Anoxic(DO=0.37,BOD=226.5,COD=845.1)",No Treatment Viable - Direct Sewer Bypass,Critical Hazard Failsafe
315,Laundry,7.36,18.69,0.4,84.58,282.83,275.0,161.54,543.45,3.02,20.0,334.94,11.68,2.05,14.22,219579,1,Bio-filtration,Elevated Organic / Particulate / Biological Load,"COD_elevated(334.9mg/L), TSS_elevated(161.5mg/L), TUR_elevated(84.6NTU), E_coli_elevated(219579CFU)",Biological Oxidation & Sand Bio-filtration Required,Treatment Pathway Mandated
316,Laundry,6.39,28.03,0.29,97.19,619.11,651.16,167.44,789.78,2.17,255.26,453.87,15.22,7.33,18.02,91718,1,Bio-filtration,Elevated Organic / Particulate / Biological Load,"BOD_elevated(255.3mg/L), COD_elevated(453.9mg/L), TSS_elevated(167.4mg/L), TUR_elevated(97.2NTU), E_coli_elevated(91718CFU)",Biological Oxidation & Sand Bio-filtration Required,Treatment Pathway Mandated
317,Laundry,7.42,23.26,0.34,99.83,387.86,405.08,106.44,874.15,1.18,394.92,552.89,18.78,8.49,19.12,171259,1,Bio-filtration,Elevated Organic / Particulate / Biological Load,"BOD_elevated(394.9mg/L), COD_elevated(552.9mg/L), TSS_elevated(106.4mg/L), TUR_elevated(99.8NTU), E_coli_elevated(171259CFU), DO_depleted(1.18mg/L)",Biological Oxidation & Sand Bio-filtration Required,Treatment Pathway Mandated
318,Kitchen,7.3,26.96,0.55,92.21,711.07,762.73,227.61,788.25,0.53,456.22,705.85,14.72,7.97,20.13,132210,0,Sewer Bypass,Severe Contamination / Environmental Hazard,"BOD_severe(456.2mg/L), Septic_Anoxic(DO=0.53,BOD=456.2,COD=705.9)",No Treatment Viable - Direct Sewer Bypass,Critical Hazard Failsafe
319,Bathroom,7.0,30.89,0.14,33.78,411.92,431.9,57.19,499.54,5.27,32.19,105.85,8.35,4.7,24.61,94340,1,Bio-filtration,Elevated Organic / Particulate / Biological Load,E_coli_elevated(94340CFU),Biological Oxidation & Sand Bio-filtration Required,Treatment Pathway Mandated
320,Mixed,7.74,23.16,0.4,53.73,494.09,509.56,90.25,640.87,3.8,123.43,323.04,5.21,5.44,14.07,26177,1,Bio-filtration,Elevated Organic / Particulate / Biological Load,"BOD_elevated(123.4mg/L), COD_elevated(323.0mg/L), TSS_elevated(90.2mg/L)",Biological Oxidation & Sand Bio-filtration Required,Treatment Pathway Mandated
321,Mixed,7.1,29.15,0.41,57.67,255.72,265.81,74.05,604.24,3.63,154.93,278.72,2.21,6.25,31.5,61918,1,Bio-filtration,Elevated Organic / Particulate / Biological Load,BOD_elevated(154.9mg/L),Biological Oxidation & Sand Bio-filtration Required,Treatment Pathway Mandated
322,Laundry,6.86,30.35,0.45,149.71,485.62,555.77,307.43,1050.42,0.42,150.68,593.27,15.19,4.3,20.71,33928,0,Sewer Bypass,Severe Contamination / Environmental Hazard,"TSS_severe(307.4mg/L), TUR_severe(149.7NTU)",No Treatment Viable - Direct Sewer Bypass,Critical Hazard Failsafe
323,Laundry,6.71,33.69,0.41,98.44,327.15,357.86,94.28,470.06,2.98,389.79,545.7,10.98,5.4,11.97,215462,1,Bio-filtration,Elevated Organic / Particulate / Biological Load,"BOD_elevated(389.8mg/L), COD_elevated(545.7mg/L), TSS_elevated(94.3mg/L), TUR_elevated(98.4NTU), E_coli_elevated(215462CFU)",Biological Oxidation & Sand Bio-filtration Required,Treatment Pathway Mandated
324,Laundry,7.63,19.07,0.41,83.49,535.1,593.16,171.57,845.42,1.32,341.63,872.81,12.88,4.97,16.3,212510,0,Sewer Bypass,Severe Contamination / Environmental Hazard,COD_severe(872.8mg/L),No Treatment Viable - Direct Sewer Bypass,Critical Hazard Failsafe
325,Mixed,6.82,25.86,0.29,67.34,272.13,280.2,198.91,534.62,4.2,224.98,325.16,12.03,5.47,7.28,13856,1,Bio-filtration,Elevated Organic / Particulate / Biological Load,"BOD_elevated(225.0mg/L), COD_elevated(325.2mg/L), TSS_elevated(198.9mg/L), TUR_elevated(67.3NTU)",Biological Oxidation & Sand Bio-filtration Required,Treatment Pathway Mandated
326,Kitchen,6.76,28.71,0.6,62.79,793.96,826.0,106.11,685.03,3.2,237.37,458.58,12.98,5.57,27.6,151345,0,Sewer Bypass,Severe Contamination / Environmental Hazard,TDS_severe(826.0mg/L),No Treatment Viable - Direct Sewer Bypass,Critical Hazard Failsafe
327,Mixed,7.43,23.32,0.38,112.1,278.68,272.62,192.26,652.1,3.9,233.4,326.76,18.89,5.99,16.26,41473,1,Bio-filtration,Elevated Organic / Particulate / Biological Load,"BOD_elevated(233.4mg/L), COD_elevated(326.8mg/L), TSS_elevated(192.3mg/L), TUR_elevated(112.1NTU)",Biological Oxidation & Sand Bio-filtration Required,Treatment Pathway Mandated
328,Laundry,6.78,34.7,0.36,61.61,316.0,308.47,128.21,981.87,2.62,294.14,415.13,5.32,6.8,18.24,75525,1,Bio-filtration,Elevated Organic / Particulate / Biological Load,"BOD_elevated(294.1mg/L), COD_elevated(415.1mg/L), TSS_elevated(128.2mg/L), TUR_elevated(61.6NTU), E_coli_elevated(75525CFU)",Biological Oxidation & Sand Bio-filtration Required,Treatment Pathway Mandated
329,Kitchen,7.26,22.97,0.43,150.56,381.6,389.2,350.0,1140.42,0.3,274.86,803.26,6.53,6.29,17.79,1017354,0,Sewer Bypass,Severe Contamination / Environmental Hazard,"COD_severe(803.3mg/L), TSS_severe(350.0mg/L), TUR_severe(150.6NTU), E_coli_severe(1017354CFU), Septic_Anoxic(DO=0.30,BOD=274.9,COD=803.3)",No Treatment Viable - Direct Sewer Bypass,Critical Hazard Failsafe
330,Bathroom,6.91,32.26,0.25,19.48,191.49,193.65,44.56,405.5,4.94,24.61,121.75,6.63,5.03,9.26,10458,3,Indoor Reuse,Low-Risk Domestic Influent Suitable for Indoor Non-Potable Package Train,All parameters compliant with Indoor Reuse Influent Envelope,Onsite Package Microfiltration & Chlorination/UV Disinfection Required,Low-Risk Non-Potable Reuse
331,Kitchen,8.02,27.33,0.54,77.9,486.89,543.34,104.67,1115.95,0.3,614.7,860.58,19.78,1.24,21.17,142829,0,Sewer Bypass,Severe Contamination / Environmental Hazard,"BOD_severe(614.7mg/L), COD_severe(860.6mg/L), Septic_Anoxic(DO=0.30,BOD=614.7,COD=860.6)",No Treatment Viable - Direct Sewer Bypass,Critical Hazard Failsafe
332,Bathroom,7.52,31.34,0.23,21.11,364.93,384.34,29.41,543.57,4.29,88.85,145.5,12.94,8.22,21.68,82698,1,Bio-filtration,Elevated Organic / Particulate / Biological Load,E_coli_elevated(82698CFU),Biological Oxidation & Sand Bio-filtration Required,Treatment Pathway Mandated
333,Kitchen,7.61,27.75,0.55,172.05,561.07,583.64,350.0,1167.09,0.3,286.5,1000.0,13.56,5.44,22.41,146778,0,Sewer Bypass,Severe Contamination / Environmental Hazard,"COD_severe(1000.0mg/L), TSS_severe(350.0mg/L), TUR_severe(172.1NTU), Septic_Anoxic(DO=0.30,BOD=286.5,COD=1000.0)",No Treatment Viable - Direct Sewer Bypass,Critical Hazard Failsafe
334,Mixed,7.07,27.58,0.3,71.04,291.71,292.84,169.07,672.69,2.16,208.37,308.19,13.82,6.4,29.36,300595,1,Bio-filtration,Elevated Organic / Particulate / Biological Load,"BOD_elevated(208.4mg/L), COD_elevated(308.2mg/L), TSS_elevated(169.1mg/L), TUR_elevated(71.0NTU), E_coli_elevated(300595CFU)",Biological Oxidation & Sand Bio-filtration Required,Treatment Pathway Mandated
335,Bathroom,7.25,28.12,0.08,37.01,174.25,195.69,52.08,514.29,4.12,43.02,118.73,6.0,4.8,23.55,38778,2,Restricted Irrigation,Moderate Water Quality Profile Suitable for Restricted Irrigation,"TSS_exceeds_indoor(52.1mg/L), TUR_exceeds_indoor(37.0NTU), E_coli_exceeds_indoor(38778CFU)",Secondary Settling / Disc Filtration & Drip Irrigation Barrier Required,Restricted Non-Potable Landscape Irrigation
336,Kitchen,7.2,26.69,0.46,118.81,429.09,461.77,267.89,767.93,0.3,343.96,728.91,13.0,7.78,21.18,1394694,0,Sewer Bypass,Severe Contamination / Environmental Hazard,"TSS_severe(267.9mg/L), E_coli_severe(1394694CFU), Septic_Anoxic(DO=0.30,BOD=344.0,COD=728.9)",No Treatment Viable - Direct Sewer Bypass,Critical Hazard Failsafe
337,Bathroom,7.44,33.52,0.26,69.3,332.18,343.69,155.11,453.12,3.59,40.75,148.11,5.86,6.3,16.47,2910,1,Bio-filtration,Elevated Organic / Particulate / Biological Load,"TSS_elevated(155.1mg/L), TUR_elevated(69.3NTU)",Biological Oxidation & Sand Bio-filtration Required,Treatment Pathway Mandated
338,Kitchen,6.89,21.84,0.64,82.92,653.52,674.6,188.99,997.17,1.37,435.18,751.37,18.21,7.21,28.47,14365,0,Sewer Bypass,Severe Contamination / Environmental Hazard,"BOD_severe(435.2mg/L), SAL_severe(0.64ppt)",No Treatment Viable - Direct Sewer Bypass,Critical Hazard Failsafe
339,Bathroom,6.9,25.62,0.16,49.12,371.62,412.0,119.61,379.9,3.06,49.85,115.52,11.35,7.27,23.45,12965,1,Bio-filtration,Elevated Organic / Particulate / Biological Load,TSS_elevated(119.6mg/L),Biological Oxidation & Sand Bio-filtration Required,Treatment Pathway Mandated
340,Mixed,7.29,26.86,0.3,103.4,92.17,100.0,186.38,412.68,3.67,151.93,230.94,12.79,5.55,11.23,59307,1,Bio-filtration,Elevated Organic / Particulate / Biological Load,"BOD_elevated(151.9mg/L), TSS_elevated(186.4mg/L), TUR_elevated(103.4NTU)",Biological Oxidation & Sand Bio-filtration Required,Treatment Pathway Mandated
341,Bathroom,7.0,19.17,0.17,40.65,244.65,242.12,83.99,659.94,4.0,46.83,73.47,13.71,9.07,9.89,12647,2,Restricted Irrigation,Moderate Water Quality Profile Suitable for Restricted Irrigation,"BOD_exceeds_indoor(46.8mg/L), TSS_exceeds_indoor(84.0mg/L), TUR_exceeds_indoor(40.6NTU)",Secondary Settling / Disc Filtration & Drip Irrigation Barrier Required,Restricted Non-Potable Landscape Irrigation
342,Mixed,7.27,29.64,0.33,24.96,167.81,171.3,23.04,493.48,3.0,186.6,285.12,14.18,6.7,11.33,72691,1,Bio-filtration,Elevated Organic / Particulate / Biological Load,BOD_elevated(186.6mg/L),Biological Oxidation & Sand Bio-filtration Required,Treatment Pathway Mandated
343,Mixed,7.43,34.73,0.31,82.89,421.23,450.24,129.65,520.22,3.11,95.49,432.92,8.21,6.94,19.87,143785,1,Bio-filtration,Elevated Organic / Particulate / Biological Load,"COD_elevated(432.9mg/L), TSS_elevated(129.7mg/L), TUR_elevated(82.9NTU), E_coli_elevated(143785CFU)",Biological Oxidation & Sand Bio-filtration Required,Treatment Pathway Mandated
344,Laundry,6.43,26.34,0.4,93.07,477.2,510.45,62.83,495.8,0.32,287.16,858.23,12.63,5.95,25.18,44341,0,Sewer Bypass,Severe Contamination / Environmental Hazard,"COD_severe(858.2mg/L), Septic_Anoxic(DO=0.32,BOD=287.2,COD=858.2)",No Treatment Viable - Direct Sewer Bypass,Critical Hazard Failsafe
345,Mixed,7.25,22.1,0.3,97.28,343.66,368.86,170.09,614.47,3.88,125.79,231.3,8.45,4.77,10.85,75651,1,Bio-filtration,Elevated Organic / Particulate / Biological Load,"BOD_elevated(125.8mg/L), TSS_elevated(170.1mg/L), TUR_elevated(97.3NTU), E_coli_elevated(75651CFU)",Biological Oxidation & Sand Bio-filtration Required,Treatment Pathway Mandated
346,Mixed,7.24,25.55,0.27,69.52,399.23,404.05,142.43,519.56,3.59,93.19,237.72,6.25,5.69,13.23,13296,1,Bio-filtration,Elevated Organic / Particulate / Biological Load,"TSS_elevated(142.4mg/L), TUR_elevated(69.5NTU)",Biological Oxidation & Sand Bio-filtration Required,Treatment Pathway Mandated
347,Mixed,7.59,24.87,0.3,45.96,216.59,221.71,111.16,499.01,4.65,228.58,320.02,21.21,1.28,14.84,34108,1,Bio-filtration,Elevated Organic / Particulate / Biological Load,"BOD_elevated(228.6mg/L), COD_elevated(320.0mg/L), TSS_elevated(111.2mg/L)",Biological Oxidation & Sand Bio-filtration Required,Treatment Pathway Mandated
348,Bathroom,6.91,25.12,0.16,44.94,249.86,270.54,77.42,581.57,3.16,20.0,220.67,7.75,4.82,18.8,117745,1,Bio-filtration,Elevated Organic / Particulate / Biological Load,E_coli_elevated(117745CFU),Biological Oxidation & Sand Bio-filtration Required,Treatment Pathway Mandated
349,Laundry,7.1,20.17,0.31,48.98,359.33,378.53,50.21,784.38,0.3,447.25,884.1,16.46,3.85,20.8,48610,0,Sewer Bypass,Severe Contamination / Environmental Hazard,"BOD_severe(447.2mg/L), COD_severe(884.1mg/L), Septic_Anoxic(DO=0.30,BOD=447.2,COD=884.1)",No Treatment Viable - Direct Sewer Bypass,Critical Hazard Failsafe
350,Bathroom,6.62,25.7,0.14,29.29,252.18,252.69,42.38,727.51,4.24,90.54,126.76,7.4,4.9,19.8,89618,1,Bio-filtration,Elevated Organic / Particulate / Biological Load,E_coli_elevated(89618CFU),Biological Oxidation & Sand Bio-filtration Required,Treatment Pathway Mandated
351,Kitchen,7.82,25.18,0.57,127.74,422.64,459.23,164.04,764.45,2.08,82.35,688.64,13.72,4.93,11.9,237570,1,Bio-filtration,Elevated Organic / Particulate / Biological Load,"COD_elevated(688.6mg/L), TSS_elevated(164.0mg/L), TUR_elevated(127.7NTU), E_coli_elevated(237570CFU)",Biological Oxidation & Sand Bio-filtration Required,Treatment Pathway Mandated
352,Bathroom,6.19,32.0,0.22,32.38,386.51,433.83,71.67,507.98,4.6,24.86,157.11,15.51,8.26,15.54,7329,2,Restricted Irrigation,Moderate Water Quality Profile Suitable for Restricted Irrigation,"COD_exceeds_indoor(157.1mg/L), TSS_exceeds_indoor(71.7mg/L), TUR_exceeds_indoor(32.4NTU), TDS_exceeds_indoor(433.8mg/L), pH_outside_indoor(6.19)",Secondary Settling / Disc Filtration & Drip Irrigation Barrier Required,Restricted Non-Potable Landscape Irrigation
353,Laundry,6.42,33.63,0.45,69.13,609.15,620.95,134.69,613.42,2.74,278.27,470.22,11.6,4.33,24.31,75041,1,Bio-filtration,Elevated Organic / Particulate / Biological Load,"BOD_elevated(278.3mg/L), COD_elevated(470.2mg/L), TSS_elevated(134.7mg/L), TUR_elevated(69.1NTU), E_coli_elevated(75041CFU)",Biological Oxidation & Sand Bio-filtration Required,Treatment Pathway Mandated
354,Laundry,7.07,24.96,0.38,54.8,668.12,653.82,120.43,601.13,0.84,434.82,608.75,22.01,6.67,30.65,19759,0,Sewer Bypass,Severe Contamination / Environmental Hazard,"BOD_severe(434.8mg/L), Septic_Anoxic(DO=0.84,BOD=434.8,COD=608.8)",No Treatment Viable - Direct Sewer Bypass,Critical Hazard Failsafe
355,Laundry,7.08,36.32,0.39,95.99,361.61,395.94,219.53,543.09,0.92,141.74,834.25,10.0,3.49,25.62,55484,0,Sewer Bypass,Severe Contamination / Environmental Hazard,"COD_severe(834.2mg/L), Septic_Anoxic(DO=0.92,BOD=141.7,COD=834.2)",No Treatment Viable - Direct Sewer Bypass,Critical Hazard Failsafe
356,Laundry,6.51,19.07,0.43,73.52,226.62,242.35,156.97,603.01,3.22,198.99,552.32,9.59,6.54,7.81,365816,1,Bio-filtration,Elevated Organic / Particulate / Biological Load,"BOD_elevated(199.0mg/L), COD_elevated(552.3mg/L), TSS_elevated(157.0mg/L), TUR_elevated(73.5NTU), E_coli_elevated(365816CFU)",Biological Oxidation & Sand Bio-filtration Required,Treatment Pathway Mandated
357,Mixed,7.13,31.73,0.26,62.2,385.41,390.55,99.29,688.13,3.52,209.79,293.7,9.3,5.84,12.48,89662,1,Bio-filtration,Elevated Organic / Particulate / Biological Load,"BOD_elevated(209.8mg/L), TSS_elevated(99.3mg/L), TUR_elevated(62.2NTU), E_coli_elevated(89662CFU)",Biological Oxidation & Sand Bio-filtration Required,Treatment Pathway Mandated
358,Mixed,7.32,24.57,0.51,63.75,321.07,343.27,111.05,422.8,3.97,227.78,328.67,3.5,0.16,15.15,17635,1,Bio-filtration,Elevated Organic / Particulate / Biological Load,"BOD_elevated(227.8mg/L), COD_elevated(328.7mg/L), TSS_elevated(111.0mg/L), TUR_elevated(63.8NTU)",Biological Oxidation & Sand Bio-filtration Required,Treatment Pathway Mandated
359,Laundry,6.82,27.93,0.36,125.6,276.36,283.16,226.9,712.75,2.77,434.91,608.88,11.36,7.39,15.95,57643,0,Sewer Bypass,Severe Contamination / Environmental Hazard,BOD_severe(434.9mg/L),No Treatment Viable - Direct Sewer Bypass,Critical Hazard Failsafe
360,Laundry,7.12,25.65,0.4,6.49,101.09,100.0,15.27,946.5,2.24,135.22,460.7,6.0,8.78,24.7,129063,1,Bio-filtration,Elevated Organic / Particulate / Biological Load,"BOD_elevated(135.2mg/L), COD_elevated(460.7mg/L), E_coli_elevated(129063CFU)",Biological Oxidation & Sand Bio-filtration Required,Treatment Pathway Mandated
361,Mixed,7.3,21.17,0.33,100.18,320.15,337.55,202.02,475.91,2.43,67.68,414.14,13.65,5.69,16.38,20825,1,Bio-filtration,Elevated Organic / Particulate / Biological Load,"COD_elevated(414.1mg/L), TSS_elevated(202.0mg/L), TUR_elevated(100.2NTU)",Biological Oxidation & Sand Bio-filtration Required,Treatment Pathway Mandated
362,Bathroom,7.27,23.06,0.31,29.04,270.24,280.09,29.98,492.4,4.41,46.68,119.77,8.2,3.59,16.02,54044,2,Restricted Irrigation,Moderate Water Quality Profile Suitable for Restricted Irrigation,"BOD_exceeds_indoor(46.7mg/L), TUR_exceeds_indoor(29.0NTU), E_coli_exceeds_indoor(54044CFU), SAL_exceeds_indoor(0.31ppt)",Secondary Settling / Disc Filtration & Drip Irrigation Barrier Required,Restricted Non-Potable Landscape Irrigation
363,Bathroom,6.63,25.31,0.15,18.08,343.39,359.08,25.62,531.03,3.77,32.26,63.56,13.91,4.65,19.72,8666,2,Restricted Irrigation,Moderate Water Quality Profile Suitable for Restricted Irrigation,TDS_exceeds_indoor(359.1mg/L),Secondary Settling / Disc Filtration & Drip Irrigation Barrier Required,Restricted Non-Potable Landscape Irrigation
364,Bathroom,7.27,22.38,0.3,35.48,299.55,284.44,73.93,449.09,3.47,102.04,142.86,8.58,4.85,14.6,5427,2,Restricted Irrigation,Moderate Water Quality Profile Suitable for Restricted Irrigation,"BOD_exceeds_indoor(102.0mg/L), COD_exceeds_indoor(142.9mg/L), TSS_exceeds_indoor(73.9mg/L), TUR_exceeds_indoor(35.5NTU), SAL_exceeds_indoor(0.30ppt), DO_low_for_indoor(3.47mg/L)",Secondary Settling / Disc Filtration & Drip Irrigation Barrier Required,Restricted Non-Potable Landscape Irrigation
365,Kitchen,7.89,20.6,0.53,111.59,755.77,788.25,151.68,586.33,0.3,244.02,750.28,14.91,6.42,24.77,633786,0,Sewer Bypass,Severe Contamination / Environmental Hazard,"E_coli_severe(633786CFU), Septic_Anoxic(DO=0.30,BOD=244.0,COD=750.3)",No Treatment Viable - Direct Sewer Bypass,Critical Hazard Failsafe
366,Laundry,6.75,23.73,0.36,76.79,387.48,405.16,109.51,352.9,2.57,320.3,565.75,20.63,8.17,24.99,172224,1,Bio-filtration,Elevated Organic / Particulate / Biological Load,"BOD_elevated(320.3mg/L), COD_elevated(565.8mg/L), TSS_elevated(109.5mg/L), TUR_elevated(76.8NTU), E_coli_elevated(172224CFU)",Biological Oxidation & Sand Bio-filtration Required,Treatment Pathway Mandated
367,Mixed,7.9,35.33,0.37,86.64,380.65,399.93,154.34,507.26,1.44,113.9,279.93,16.6,5.89,20.28,300750,1,Bio-filtration,Elevated Organic / Particulate / Biological Load,"TSS_elevated(154.3mg/L), TUR_elevated(86.6NTU), E_coli_elevated(300750CFU), DO_depleted(1.44mg/L)",Biological Oxidation & Sand Bio-filtration Required,Treatment Pathway Mandated
368,Kitchen,7.51,33.5,0.46,67.85,980.0,1000.0,128.51,1128.6,0.3,309.59,1000.0,14.89,7.26,36.85,30805,0,Sewer Bypass,Severe Contamination / Environmental Hazard,"COD_severe(1000.0mg/L), TDS_severe(1000.0mg/L), Septic_Anoxic(DO=0.30,BOD=309.6,COD=1000.0)",No Treatment Viable - Direct Sewer Bypass,Critical Hazard Failsafe
369,Laundry,7.46,24.48,0.46,80.14,249.62,272.36,158.8,491.15,2.71,205.75,310.74,12.43,5.44,16.26,160490,1,Bio-filtration,Elevated Organic / Particulate / Biological Load,"BOD_elevated(205.8mg/L), COD_elevated(310.7mg/L), TSS_elevated(158.8mg/L), TUR_elevated(80.1NTU), E_coli_elevated(160490CFU)",Biological Oxidation & Sand Bio-filtration Required,Treatment Pathway Mandated
370,Mixed,7.68,25.6,0.26,41.24,330.39,337.53,47.13,437.34,4.25,146.7,220.09,3.78,2.14,15.39,58723,1,Bio-filtration,Elevated Organic / Particulate / Biological Load,BOD_elevated(146.7mg/L),Biological Oxidation & Sand Bio-filtration Required,Treatment Pathway Mandated
371,Mixed,6.79,24.27,0.36,55.88,281.19,291.06,83.94,736.95,3.24,108.34,309.92,14.48,4.96,20.2,72991,1,Bio-filtration,Elevated Organic / Particulate / Biological Load,COD_elevated(309.9mg/L),Biological Oxidation & Sand Bio-filtration Required,Treatment Pathway Mandated
372,Bathroom,7.52,32.81,0.26,37.41,252.88,257.97,64.31,720.96,3.38,46.08,109.09,10.92,4.23,21.36,5489,2,Restricted Irrigation,Moderate Water Quality Profile Suitable for Restricted Irrigation,"BOD_exceeds_indoor(46.1mg/L), TSS_exceeds_indoor(64.3mg/L), TUR_exceeds_indoor(37.4NTU), DO_low_for_indoor(3.38mg/L)",Secondary Settling / Disc Filtration & Drip Irrigation Barrier Required,Restricted Non-Potable Landscape Irrigation
373,Laundry,6.94,32.18,0.46,23.44,651.0,690.36,43.68,746.75,1.04,310.68,728.51,19.7,7.62,32.18,196980,1,Bio-filtration,Elevated Organic / Particulate / Biological Load,"BOD_elevated(310.7mg/L), COD_elevated(728.5mg/L), E_coli_elevated(196980CFU), DO_depleted(1.04mg/L)",Biological Oxidation & Sand Bio-filtration Required,Treatment Pathway Mandated
374,Laundry,6.27,38.0,0.45,75.9,598.68,622.93,172.87,555.49,0.32,251.64,838.43,15.52,1.91,20.92,120611,0,Sewer Bypass,Severe Contamination / Environmental Hazard,"COD_severe(838.4mg/L), Septic_Anoxic(DO=0.32,BOD=251.6,COD=838.4)",No Treatment Viable - Direct Sewer Bypass,Critical Hazard Failsafe
375,Bathroom,7.08,31.33,0.22,30.52,286.16,284.1,23.64,590.49,5.11,34.93,145.31,12.68,5.74,20.64,47646,2,Restricted Irrigation,Moderate Water Quality Profile Suitable for Restricted Irrigation,"COD_exceeds_indoor(145.3mg/L), TUR_exceeds_indoor(30.5NTU), E_coli_exceeds_indoor(47646CFU)",Secondary Settling / Disc Filtration & Drip Irrigation Barrier Required,Restricted Non-Potable Landscape Irrigation
376,Bathroom,6.97,23.88,0.32,27.22,335.77,350.38,36.18,318.49,5.12,42.97,145.03,3.41,5.18,16.4,29238,2,Restricted Irrigation,Moderate Water Quality Profile Suitable for Restricted Irrigation,"COD_exceeds_indoor(145.0mg/L), TUR_exceeds_indoor(27.2NTU), E_coli_exceeds_indoor(29238CFU), TDS_exceeds_indoor(350.4mg/L), SAL_exceeds_indoor(0.32ppt)",Secondary Settling / Disc Filtration & Drip Irrigation Barrier Required,Restricted Non-Potable Landscape Irrigation
377,Mixed,7.73,21.02,0.35,77.96,411.61,432.12,135.51,602.93,2.06,197.27,358.93,14.92,8.53,19.41,15710,1,Bio-filtration,Elevated Organic / Particulate / Biological Load,"BOD_elevated(197.3mg/L), COD_elevated(358.9mg/L), TSS_elevated(135.5mg/L), TUR_elevated(78.0NTU)",Biological Oxidation & Sand Bio-filtration Required,Treatment Pathway Mandated
378,Laundry,6.86,27.87,0.27,56.94,346.58,383.54,118.06,685.19,2.24,319.36,529.32,11.22,4.29,13.9,46705,1,Bio-filtration,Elevated Organic / Particulate / Biological Load,"BOD_elevated(319.4mg/L), COD_elevated(529.3mg/L), TSS_elevated(118.1mg/L)",Biological Oxidation & Sand Bio-filtration Required,Treatment Pathway Mandated
379,Laundry,6.91,27.67,0.36,88.66,355.1,375.39,259.63,543.0,0.3,648.91,908.48,21.1,4.87,22.18,64784,0,Sewer Bypass,Severe Contamination / Environmental Hazard,"BOD_severe(648.9mg/L), COD_severe(908.5mg/L), TSS_severe(259.6mg/L), Septic_Anoxic(DO=0.30,BOD=648.9,COD=908.5)",No Treatment Viable - Direct Sewer Bypass,Critical Hazard Failsafe
380,Kitchen,7.25,34.24,0.65,143.79,757.62,775.14,230.06,969.52,0.3,368.86,1000.0,14.38,6.65,24.31,42922,0,Sewer Bypass,Severe Contamination / Environmental Hazard,"COD_severe(1000.0mg/L), TUR_severe(143.8NTU), SAL_severe(0.65ppt), Septic_Anoxic(DO=0.30,BOD=368.9,COD=1000.0)",No Treatment Viable - Direct Sewer Bypass,Critical Hazard Failsafe
381,Laundry,6.87,28.0,0.41,81.17,455.02,473.56,174.36,760.66,0.3,126.87,878.45,9.58,5.08,16.66,374684,0,Sewer Bypass,Severe Contamination / Environmental Hazard,"COD_severe(878.5mg/L), Septic_Anoxic(DO=0.30,BOD=126.9,COD=878.5)",No Treatment Viable - Direct Sewer Bypass,Critical Hazard Failsafe
382,Mixed,7.79,29.0,0.28,62.55,376.8,391.29,107.24,592.77,3.55,176.14,321.44,8.17,7.07,13.34,39485,1,Bio-filtration,Elevated Organic / Particulate / Biological Load,"BOD_elevated(176.1mg/L), COD_elevated(321.4mg/L), TSS_elevated(107.2mg/L), TUR_elevated(62.5NTU)",Biological Oxidation & Sand Bio-filtration Required,Treatment Pathway Mandated
383,Mixed,7.11,22.18,0.3,88.11,218.16,234.06,208.37,477.82,3.35,95.23,387.46,12.38,7.07,15.88,41434,1,Bio-filtration,Elevated Organic / Particulate / Biological Load,"COD_elevated(387.5mg/L), TSS_elevated(208.4mg/L), TUR_elevated(88.1NTU)",Biological Oxidation & Sand Bio-filtration Required,Treatment Pathway Mandated
384,Laundry,6.61,32.8,0.41,120.43,327.48,340.56,200.51,488.74,1.66,233.46,359.97,5.25,4.68,16.68,33338,1,Bio-filtration,Elevated Organic / Particulate / Biological Load,"BOD_elevated(233.5mg/L), COD_elevated(360.0mg/L), TSS_elevated(200.5mg/L), TUR_elevated(120.4NTU), DO_depleted(1.66mg/L)",Biological Oxidation & Sand Bio-filtration Required,Treatment Pathway Mandated
385,Laundry,7.13,26.71,0.44,114.18,377.35,406.4,211.39,468.33,0.45,175.04,713.55,14.88,3.94,14.71,117092,0,Sewer Bypass,Severe Contamination / Environmental Hazard,"Septic_Anoxic(DO=0.45,BOD=175.0,COD=713.5)",No Treatment Viable - Direct Sewer Bypass,Critical Hazard Failsafe
386,Mixed,7.71,34.5,0.35,65.94,485.53,511.94,151.3,430.81,4.28,20.0,182.23,3.05,6.1,24.21,42401,1,Bio-filtration,Elevated Organic / Particulate / Biological Load,"TSS_elevated(151.3mg/L), TUR_elevated(65.9NTU)",Biological Oxidation & Sand Bio-filtration Required,Treatment Pathway Mandated
387,Kitchen,7.06,24.87,0.49,79.44,560.89,581.78,132.05,1177.34,0.48,544.8,762.72,20.9,8.94,18.63,261309,0,Sewer Bypass,Severe Contamination / Environmental Hazard,"BOD_severe(544.8mg/L), Septic_Anoxic(DO=0.48,BOD=544.8,COD=762.7)",No Treatment Viable - Direct Sewer Bypass,Critical Hazard Failsafe
388,Mixed,7.45,24.57,0.2,79.01,503.52,514.39,162.36,635.03,2.94,189.45,265.24,19.49,6.05,16.01,221645,1,Bio-filtration,Elevated Organic / Particulate / Biological Load,"BOD_elevated(189.4mg/L), TSS_elevated(162.4mg/L), TUR_elevated(79.0NTU), E_coli_elevated(221645CFU)",Biological Oxidation & Sand Bio-filtration Required,Treatment Pathway Mandated
389,Bathroom,6.67,24.99,0.37,50.3,254.53,283.59,102.86,472.58,5.35,41.66,177.83,5.22,5.03,18.2,8485,1,Bio-filtration,Elevated Organic / Particulate / Biological Load,TSS_elevated(102.9mg/L),Biological Oxidation & Sand Bio-filtration Required,Treatment Pathway Mandated
390,Mixed,7.39,25.99,0.28,59.42,322.41,334.84,111.35,474.25,2.88,152.41,295.3,11.58,2.3,13.37,52908,1,Bio-filtration,Elevated Organic / Particulate / Biological Load,"BOD_elevated(152.4mg/L), TSS_elevated(111.3mg/L)",Biological Oxidation & Sand Bio-filtration Required,Treatment Pathway Mandated
391,Kitchen,7.1,34.33,0.54,120.79,594.33,631.82,216.57,612.42,0.3,218.82,632.04,6.77,8.47,25.63,560974,0,Sewer Bypass,Severe Contamination / Environmental Hazard,"E_coli_severe(560974CFU), Septic_Anoxic(DO=0.30,BOD=218.8,COD=632.0)",No Treatment Viable - Direct Sewer Bypass,Critical Hazard Failsafe
392,Bathroom,7.49,30.03,0.22,29.45,194.0,192.87,53.87,818.29,5.24,98.4,137.77,16.26,4.26,12.47,7118,2,Restricted Irrigation,Moderate Water Quality Profile Suitable for Restricted Irrigation,"BOD_exceeds_indoor(98.4mg/L), COD_exceeds_indoor(137.8mg/L), TSS_exceeds_indoor(53.9mg/L), TUR_exceeds_indoor(29.4NTU)",Secondary Settling / Disc Filtration & Drip Irrigation Barrier Required,Restricted Non-Potable Landscape Irrigation
393,Laundry,6.47,30.0,0.37,88.46,429.0,436.76,85.29,855.33,2.15,339.63,657.31,12.68,1.77,18.84,97781,1,Bio-filtration,Elevated Organic / Particulate / Biological Load,"BOD_elevated(339.6mg/L), COD_elevated(657.3mg/L), TUR_elevated(88.5NTU), E_coli_elevated(97781CFU)",Biological Oxidation & Sand Bio-filtration Required,Treatment Pathway Mandated
394,Kitchen,7.04,27.66,0.51,104.84,353.6,358.3,162.11,770.55,0.67,522.97,732.15,14.08,7.05,24.12,286717,0,Sewer Bypass,Severe Contamination / Environmental Hazard,"BOD_severe(523.0mg/L), Septic_Anoxic(DO=0.67,BOD=523.0,COD=732.1)",No Treatment Viable - Direct Sewer Bypass,Critical Hazard Failsafe
395,Bathroom,7.24,29.73,0.1,18.09,196.46,206.41,26.66,392.68,4.23,25.38,118.33,5.21,5.57,12.93,59519,2,Restricted Irrigation,Moderate Water Quality Profile Suitable for Restricted Irrigation,E_coli_exceeds_indoor(59519CFU),Secondary Settling / Disc Filtration & Drip Irrigation Barrier Required,Restricted Non-Potable Landscape Irrigation
396,Laundry,6.84,30.13,0.34,101.76,238.26,249.13,126.58,643.59,2.3,322.78,451.89,15.13,8.03,11.92,81432,1,Bio-filtration,Elevated Organic / Particulate / Biological Load,"BOD_elevated(322.8mg/L), COD_elevated(451.9mg/L), TSS_elevated(126.6mg/L), TUR_elevated(101.8NTU), E_coli_elevated(81432CFU)",Biological Oxidation & Sand Bio-filtration Required,Treatment Pathway Mandated
397,Mixed,7.36,33.96,0.27,31.3,257.11,239.8,52.49,310.79,3.7,20.0,325.3,4.65,4.43,20.22,12161,1,Bio-filtration,Elevated Organic / Particulate / Biological Load,COD_elevated(325.3mg/L),Biological Oxidation & Sand Bio-filtration Required,Treatment Pathway Mandated
398,Bathroom,6.54,25.97,0.29,25.78,232.2,255.32,48.9,502.15,3.01,59.41,139.4,10.86,5.21,15.0,57053,2,Restricted Irrigation,Moderate Water Quality Profile Suitable for Restricted Irrigation,"BOD_exceeds_indoor(59.4mg/L), COD_exceeds_indoor(139.4mg/L), TSS_exceeds_indoor(48.9mg/L), TUR_exceeds_indoor(25.8NTU), E_coli_exceeds_indoor(57053CFU), SAL_exceeds_indoor(0.29ppt), DO_low_for_indoor(3.01mg/L)",Secondary Settling / Disc Filtration & Drip Irrigation Barrier Required,Restricted Non-Potable Landscape Irrigation
399,Laundry,6.65,33.08,0.41,143.03,485.35,527.11,116.74,823.77,0.3,196.54,761.8,9.25,6.79,14.34,71703,0,Sewer Bypass,Severe Contamination / Environmental Hazard,"TUR_severe(143.0NTU), Septic_Anoxic(DO=0.30,BOD=196.5,COD=761.8)",No Treatment Viable - Direct Sewer Bypass,Critical Hazard Failsafe
400,Laundry,7.28,27.95,0.46,136.48,553.36,576.23,102.15,492.14,2.4,106.37,478.26,15.47,5.09,17.43,75912,1,Bio-filtration,Elevated Organic / Particulate / Biological Load,"COD_elevated(478.3mg/L), TSS_elevated(102.2mg/L), TUR_elevated(136.5NTU), E_coli_elevated(75912CFU)",Biological Oxidation & Sand Bio-filtration Required,Treatment Pathway Mandated
401,Laundry,7.02,26.31,0.47,129.89,315.41,326.91,259.82,599.24,1.02,296.68,689.09,13.96,4.85,13.75,272168,0,Sewer Bypass,Severe Contamination / Environmental Hazard,TSS_severe(259.8mg/L),No Treatment Viable - Direct Sewer Bypass,Critical Hazard Failsafe
402,Mixed,7.52,22.4,0.33,69.11,93.7,100.0,154.3,534.17,3.72,20.0,258.81,10.16,7.74,12.45,59313,1,Bio-filtration,Elevated Organic / Particulate / Biological Load,"TSS_elevated(154.3mg/L), TUR_elevated(69.1NTU)",Biological Oxidation & Sand Bio-filtration Required,Treatment Pathway Mandated
403,Mixed,6.83,26.08,0.34,36.3,134.79,147.06,89.98,515.77,4.68,127.14,177.99,1.22,3.99,13.93,88145,1,Bio-filtration,Elevated Organic / Particulate / Biological Load,"BOD_elevated(127.1mg/L), E_coli_elevated(88145CFU)",Biological Oxidation & Sand Bio-filtration Required,Treatment Pathway Mandated
404,Bathroom,6.75,18.73,0.27,25.19,201.71,217.1,56.33,374.85,3.85,58.48,173.7,12.04,5.62,17.43,4449,2,Restricted Irrigation,Moderate Water Quality Profile Suitable for Restricted Irrigation,"BOD_exceeds_indoor(58.5mg/L), COD_exceeds_indoor(173.7mg/L), TSS_exceeds_indoor(56.3mg/L), TUR_exceeds_indoor(25.2NTU)",Secondary Settling / Disc Filtration & Drip Irrigation Barrier Required,Restricted Non-Potable Landscape Irrigation
405,Mixed,6.38,28.7,0.35,74.81,354.07,377.07,184.81,491.83,1.86,198.06,480.47,8.36,2.67,25.42,106687,1,Bio-filtration,Elevated Organic / Particulate / Biological Load,"BOD_elevated(198.1mg/L), COD_elevated(480.5mg/L), TSS_elevated(184.8mg/L), TUR_elevated(74.8NTU), E_coli_elevated(106687CFU), DO_depleted(1.86mg/L)",Biological Oxidation & Sand Bio-filtration Required,Treatment Pathway Mandated
406,Mixed,7.46,38.0,0.29,72.39,191.45,201.07,98.55,499.92,5.25,122.43,171.4,11.03,5.43,18.8,112119,1,Bio-filtration,Elevated Organic / Particulate / Biological Load,"BOD_elevated(122.4mg/L), TSS_elevated(98.5mg/L), TUR_elevated(72.4NTU), E_coli_elevated(112119CFU)",Biological Oxidation & Sand Bio-filtration Required,Treatment Pathway Mandated
407,Bathroom,7.1,30.08,0.37,36.64,332.98,336.3,68.64,493.64,4.44,44.49,147.8,6.23,3.88,15.28,12225,2,Restricted Irrigation,Moderate Water Quality Profile Suitable for Restricted Irrigation,"COD_exceeds_indoor(147.8mg/L), TSS_exceeds_indoor(68.6mg/L), TUR_exceeds_indoor(36.6NTU), TDS_exceeds_indoor(336.3mg/L), SAL_exceeds_indoor(0.37ppt)",Secondary Settling / Disc Filtration & Drip Irrigation Barrier Required,Restricted Non-Potable Landscape Irrigation
408,Mixed,6.79,24.07,0.28,71.06,447.21,455.33,44.78,631.12,3.05,189.0,298.52,10.43,5.79,25.55,68637,1,Bio-filtration,Elevated Organic / Particulate / Biological Load,"BOD_elevated(189.0mg/L), TUR_elevated(71.1NTU)",Biological Oxidation & Sand Bio-filtration Required,Treatment Pathway Mandated
409,Bathroom,7.38,31.23,0.17,43.17,130.53,129.92,68.81,605.6,2.91,28.93,219.93,13.02,6.28,11.85,19123,2,Restricted Irrigation,Moderate Water Quality Profile Suitable for Restricted Irrigation,"COD_exceeds_indoor(219.9mg/L), TSS_exceeds_indoor(68.8mg/L), TUR_exceeds_indoor(43.2NTU), DO_low_for_indoor(2.91mg/L)",Secondary Settling / Disc Filtration & Drip Irrigation Barrier Required,Restricted Non-Potable Landscape Irrigation
410,Mixed,6.84,26.94,0.39,40.37,289.98,290.85,77.28,362.51,4.14,159.55,243.07,9.72,3.45,25.6,68800,1,Bio-filtration,Elevated Organic / Particulate / Biological Load,BOD_elevated(159.6mg/L),Biological Oxidation & Sand Bio-filtration Required,Treatment Pathway Mandated
411,Kitchen,7.37,25.18,0.62,169.56,454.06,505.52,253.42,1109.38,0.3,314.3,1000.0,11.65,5.6,21.23,65284,0,Sewer Bypass,Severe Contamination / Environmental Hazard,"COD_severe(1000.0mg/L), TSS_severe(253.4mg/L), TUR_severe(169.6NTU), SAL_severe(0.62ppt), Septic_Anoxic(DO=0.30,BOD=314.3,COD=1000.0)",No Treatment Viable - Direct Sewer Bypass,Critical Hazard Failsafe
412,Kitchen,7.4,28.39,0.52,49.15,536.43,565.92,111.2,489.4,0.3,282.55,935.22,19.42,7.88,18.44,190622,0,Sewer Bypass,Severe Contamination / Environmental Hazard,"COD_severe(935.2mg/L), Septic_Anoxic(DO=0.30,BOD=282.6,COD=935.2)",No Treatment Viable - Direct Sewer Bypass,Critical Hazard Failsafe
413,Bathroom,6.88,30.87,0.36,18.68,206.22,210.81,43.93,256.64,2.16,51.92,72.68,2.66,5.17,14.83,37672,2,Restricted Irrigation,Moderate Water Quality Profile Suitable for Restricted Irrigation,"BOD_exceeds_indoor(51.9mg/L), E_coli_exceeds_indoor(37672CFU), SAL_exceeds_indoor(0.36ppt), DO_low_for_indoor(2.16mg/L)",Secondary Settling / Disc Filtration & Drip Irrigation Barrier Required,Restricted Non-Potable Landscape Irrigation
414,Mixed,7.11,22.01,0.27,55.6,323.07,333.33,80.34,664.03,4.4,104.34,243.05,9.03,4.33,21.63,596598,0,Sewer Bypass,Severe Contamination / Environmental Hazard,E_coli_severe(596598CFU),No Treatment Viable - Direct Sewer Bypass,Critical Hazard Failsafe
415,Bathroom,7.07,32.55,0.2,47.69,220.21,229.13,58.32,495.49,4.2,46.14,95.88,10.82,5.63,6.12,9484,2,Restricted Irrigation,Moderate Water Quality Profile Suitable for Restricted Irrigation,"BOD_exceeds_indoor(46.1mg/L), TSS_exceeds_indoor(58.3mg/L), TUR_exceeds_indoor(47.7NTU)",Secondary Settling / Disc Filtration & Drip Irrigation Barrier Required,Restricted Non-Potable Landscape Irrigation
416,Bathroom,6.47,28.1,0.16,41.17,279.99,301.55,78.67,463.77,4.76,71.32,167.22,6.64,7.89,14.06,38445,2,Restricted Irrigation,Moderate Water Quality Profile Suitable for Restricted Irrigation,"BOD_exceeds_indoor(71.3mg/L), COD_exceeds_indoor(167.2mg/L), TSS_exceeds_indoor(78.7mg/L), TUR_exceeds_indoor(41.2NTU), E_coli_exceeds_indoor(38445CFU), TDS_exceeds_indoor(301.6mg/L), pH_outside_indoor(6.47)",Secondary Settling / Disc Filtration & Drip Irrigation Barrier Required,Restricted Non-Potable Landscape Irrigation
417,Bathroom,6.82,25.99,0.16,5.34,245.38,254.64,10.0,730.04,4.02,42.6,88.83,12.76,8.98,12.32,9705,3,Indoor Reuse,Low-Risk Domestic Influent Suitable for Indoor Non-Potable Package Train,All parameters compliant with Indoor Reuse Influent Envelope,Onsite Package Microfiltration & Chlorination/UV Disinfection Required,Low-Risk Non-Potable Reuse
418,Mixed,6.9,32.88,0.36,90.5,288.88,319.51,109.69,571.58,4.7,27.77,266.26,7.55,8.58,20.04,23670,1,Bio-filtration,Elevated Organic / Particulate / Biological Load,"TSS_elevated(109.7mg/L), TUR_elevated(90.5NTU)",Biological Oxidation & Sand Bio-filtration Required,Treatment Pathway Mandated
419,Bathroom,6.9,26.42,0.22,23.33,202.56,198.53,31.74,648.98,3.59,54.44,155.56,11.09,1.79,17.18,1694,2,Restricted Irrigation,Moderate Water Quality Profile Suitable for Restricted Irrigation,"BOD_exceeds_indoor(54.4mg/L), COD_exceeds_indoor(155.6mg/L)",Secondary Settling / Disc Filtration & Drip Irrigation Barrier Required,Restricted Non-Potable Landscape Irrigation
420,Mixed,7.22,30.84,0.16,79.16,183.97,201.46,117.95,573.56,2.78,159.15,332.7,12.49,6.45,12.31,10097,1,Bio-filtration,Elevated Organic / Particulate / Biological Load,"BOD_elevated(159.2mg/L), COD_elevated(332.7mg/L), TSS_elevated(118.0mg/L), TUR_elevated(79.2NTU)",Biological Oxidation & Sand Bio-filtration Required,Treatment Pathway Mandated
421,Kitchen,7.45,22.71,0.43,95.71,697.7,686.24,170.64,958.32,1.87,384.37,685.32,11.6,5.45,27.59,136811,1,Bio-filtration,Elevated Organic / Particulate / Biological Load,"BOD_elevated(384.4mg/L), COD_elevated(685.3mg/L), TSS_elevated(170.6mg/L), TUR_elevated(95.7NTU), E_coli_elevated(136811CFU), DO_depleted(1.87mg/L)",Biological Oxidation & Sand Bio-filtration Required,Treatment Pathway Mandated
422,Bathroom,6.61,38.0,0.24,21.79,267.39,274.57,41.84,497.31,6.24,49.83,79.23,7.87,6.82,14.45,14026,2,Restricted Irrigation,Moderate Water Quality Profile Suitable for Restricted Irrigation,BOD_exceeds_indoor(49.8mg/L),Secondary Settling / Disc Filtration & Drip Irrigation Barrier Required,Restricted Non-Potable Landscape Irrigation
423,Bathroom,6.84,20.03,0.18,33.03,247.5,245.81,41.67,450.97,4.72,86.74,121.43,13.18,5.76,8.8,5111,2,Restricted Irrigation,Moderate Water Quality Profile Suitable for Restricted Irrigation,"BOD_exceeds_indoor(86.7mg/L), TUR_exceeds_indoor(33.0NTU)",Secondary Settling / Disc Filtration & Drip Irrigation Barrier Required,Restricted Non-Potable Landscape Irrigation
424,Bathroom,7.3,21.33,0.17,39.8,282.39,289.61,80.09,408.33,2.19,70.73,101.36,11.66,3.86,18.68,80523,1,Bio-filtration,Elevated Organic / Particulate / Biological Load,E_coli_elevated(80523CFU),Biological Oxidation & Sand Bio-filtration Required,Treatment Pathway Mandated
425,Kitchen,7.41,31.48,0.53,126.46,812.68,885.74,227.16,981.6,2.36,511.31,715.83,24.16,7.5,28.05,493886,0,Sewer Bypass,Severe Contamination / Environmental Hazard,"BOD_severe(511.3mg/L), TDS_severe(885.7mg/L)",No Treatment Viable - Direct Sewer Bypass,Critical Hazard Failsafe
426,Mixed,6.88,21.1,0.3,93.58,339.6,357.12,168.92,248.17,3.42,111.81,396.4,11.98,6.75,9.87,126360,1,Bio-filtration,Elevated Organic / Particulate / Biological Load,"COD_elevated(396.4mg/L), TSS_elevated(168.9mg/L), TUR_elevated(93.6NTU), E_coli_elevated(126360CFU)",Biological Oxidation & Sand Bio-filtration Required,Treatment Pathway Mandated
427,Bathroom,7.22,32.6,0.25,60.95,130.17,137.82,89.35,540.63,3.06,49.85,176.76,4.58,3.32,12.27,5854,1,Bio-filtration,Elevated Organic / Particulate / Biological Load,TUR_elevated(61.0NTU),Biological Oxidation & Sand Bio-filtration Required,Treatment Pathway Mandated
428,Mixed,7.28,26.26,0.32,47.11,398.85,416.5,107.32,525.33,3.77,123.98,299.26,8.21,6.69,14.18,149537,1,Bio-filtration,Elevated Organic / Particulate / Biological Load,"BOD_elevated(124.0mg/L), TSS_elevated(107.3mg/L), E_coli_elevated(149537CFU)",Biological Oxidation & Sand Bio-filtration Required,Treatment Pathway Mandated
429,Bathroom,6.8,30.83,0.14,35.75,372.63,407.76,40.6,446.3,4.05,24.58,158.28,6.45,4.74,15.13,104178,1,Bio-filtration,Elevated Organic / Particulate / Biological Load,E_coli_elevated(104178CFU),Biological Oxidation & Sand Bio-filtration Required,Treatment Pathway Mandated
430,Mixed,7.04,21.05,0.41,83.11,321.46,308.64,129.92,657.02,4.26,126.63,221.99,12.2,3.15,10.99,5540,1,Bio-filtration,Elevated Organic / Particulate / Biological Load,"BOD_elevated(126.6mg/L), TSS_elevated(129.9mg/L), TUR_elevated(83.1NTU)",Biological Oxidation & Sand Bio-filtration Required,Treatment Pathway Mandated
431,Mixed,7.51,25.82,0.33,61.31,148.91,162.55,97.17,464.95,1.75,197.34,538.31,15.42,4.57,6.06,49214,1,Bio-filtration,Elevated Organic / Particulate / Biological Load,"BOD_elevated(197.3mg/L), COD_elevated(538.3mg/L), TSS_elevated(97.2mg/L), TUR_elevated(61.3NTU), DO_depleted(1.75mg/L)",Biological Oxidation & Sand Bio-filtration Required,Treatment Pathway Mandated
432,Mixed,6.74,27.07,0.39,47.24,140.55,136.53,73.61,342.84,1.93,113.37,414.47,7.54,6.29,17.01,150954,1,Bio-filtration,Elevated Organic / Particulate / Biological Load,"COD_elevated(414.5mg/L), E_coli_elevated(150954CFU), DO_depleted(1.93mg/L)",Biological Oxidation & Sand Bio-filtration Required,Treatment Pathway Mandated
433,Kitchen,7.37,29.38,0.55,151.32,607.03,636.1,173.96,967.14,0.3,292.09,1000.0,18.96,6.47,23.13,101047,0,Sewer Bypass,Severe Contamination / Environmental Hazard,"COD_severe(1000.0mg/L), TUR_severe(151.3NTU), Septic_Anoxic(DO=0.30,BOD=292.1,COD=1000.0)",No Treatment Viable - Direct Sewer Bypass,Critical Hazard Failsafe
434,Mixed,6.72,26.37,0.48,72.62,377.92,396.95,59.06,354.98,1.55,90.08,449.84,8.62,6.94,13.85,344023,1,Bio-filtration,Elevated Organic / Particulate / Biological Load,"COD_elevated(449.8mg/L), TUR_elevated(72.6NTU), E_coli_elevated(344023CFU), DO_depleted(1.55mg/L)",Biological Oxidation & Sand Bio-filtration Required,Treatment Pathway Mandated
435,Bathroom,7.03,29.07,0.2,31.72,343.1,335.33,55.23,726.87,3.23,71.81,152.25,9.93,5.81,12.76,28609,2,Restricted Irrigation,Moderate Water Quality Profile Suitable for Restricted Irrigation,"BOD_exceeds_indoor(71.8mg/L), COD_exceeds_indoor(152.2mg/L), TSS_exceeds_indoor(55.2mg/L), TUR_exceeds_indoor(31.7NTU), E_coli_exceeds_indoor(28609CFU), TDS_exceeds_indoor(335.3mg/L), DO_low_for_indoor(3.23mg/L)",Secondary Settling / Disc Filtration & Drip Irrigation Barrier Required,Restricted Non-Potable Landscape Irrigation
436,Bathroom,7.05,26.67,0.46,34.16,257.53,272.44,63.64,442.99,3.98,23.99,103.39,16.52,3.68,18.22,25639,2,Restricted Irrigation,Moderate Water Quality Profile Suitable for Restricted Irrigation,"TSS_exceeds_indoor(63.6mg/L), TUR_exceeds_indoor(34.2NTU), E_coli_exceeds_indoor(25639CFU), SAL_exceeds_indoor(0.46ppt)",Secondary Settling / Disc Filtration & Drip Irrigation Barrier Required,Restricted Non-Potable Landscape Irrigation
437,Bathroom,7.12,32.56,0.19,49.89,234.31,242.12,47.96,531.85,4.9,50.9,71.26,1.98,5.45,9.5,8551,2,Restricted Irrigation,Moderate Water Quality Profile Suitable for Restricted Irrigation,"BOD_exceeds_indoor(50.9mg/L), TSS_exceeds_indoor(48.0mg/L), TUR_exceeds_indoor(49.9NTU)",Secondary Settling / Disc Filtration & Drip Irrigation Barrier Required,Restricted Non-Potable Landscape Irrigation
438,Laundry,7.3,29.65,0.46,133.21,586.44,631.2,329.64,437.54,3.31,224.75,364.17,15.15,8.04,22.54,91284,0,Sewer Bypass,Severe Contamination / Environmental Hazard,TSS_severe(329.6mg/L),No Treatment Viable - Direct Sewer Bypass,Critical Hazard Failsafe
439,Kitchen,7.58,28.37,0.44,142.74,632.72,636.72,152.41,824.34,0.3,388.74,1000.0,14.34,7.66,11.21,88990,0,Sewer Bypass,Severe Contamination / Environmental Hazard,"COD_severe(1000.0mg/L), TUR_severe(142.7NTU), Septic_Anoxic(DO=0.30,BOD=388.7,COD=1000.0)",No Treatment Viable - Direct Sewer Bypass,Critical Hazard Failsafe
440,Kitchen,7.53,18.0,0.57,78.97,798.25,798.15,155.46,1022.47,1.36,427.76,622.66,11.89,8.48,31.58,596183,0,Sewer Bypass,Severe Contamination / Environmental Hazard,"BOD_severe(427.8mg/L), E_coli_severe(596183CFU)",No Treatment Viable - Direct Sewer Bypass,Critical Hazard Failsafe
441,Mixed,7.16,22.71,0.23,94.05,373.54,383.85,142.47,603.85,3.64,200.58,444.78,13.84,3.34,18.74,594771,0,Sewer Bypass,Severe Contamination / Environmental Hazard,E_coli_severe(594771CFU),No Treatment Viable - Direct Sewer Bypass,Critical Hazard Failsafe
442,Bathroom,6.7,26.73,0.35,52.32,351.49,331.84,76.91,401.63,4.22,28.69,121.05,12.57,7.23,19.26,13373,2,Restricted Irrigation,Moderate Water Quality Profile Suitable for Restricted Irrigation,"TSS_exceeds_indoor(76.9mg/L), TUR_exceeds_indoor(52.3NTU), TDS_exceeds_indoor(331.8mg/L), SAL_exceeds_indoor(0.35ppt)",Secondary Settling / Disc Filtration & Drip Irrigation Barrier Required,Restricted Non-Potable Landscape Irrigation
443,Kitchen,7.83,38.0,0.51,149.03,561.14,617.94,225.51,808.22,0.3,347.75,1000.0,12.58,3.59,27.96,142819,0,Sewer Bypass,Severe Contamination / Environmental Hazard,"COD_severe(1000.0mg/L), TUR_severe(149.0NTU), Septic_Anoxic(DO=0.30,BOD=347.8,COD=1000.0)",No Treatment Viable - Direct Sewer Bypass,Critical Hazard Failsafe
444,Bathroom,6.4,30.21,0.21,47.56,92.7,100.0,83.25,607.85,3.65,36.69,163.09,10.72,3.63,6.74,42563,2,Restricted Irrigation,Moderate Water Quality Profile Suitable for Restricted Irrigation,"COD_exceeds_indoor(163.1mg/L), TSS_exceeds_indoor(83.2mg/L), TUR_exceeds_indoor(47.6NTU), E_coli_exceeds_indoor(42563CFU), pH_outside_indoor(6.40)",Secondary Settling / Disc Filtration & Drip Irrigation Barrier Required,Restricted Non-Potable Landscape Irrigation
445,Bathroom,7.09,31.15,0.36,28.48,216.29,213.21,31.74,669.67,3.73,73.92,103.49,8.27,3.07,10.39,38109,2,Restricted Irrigation,Moderate Water Quality Profile Suitable for Restricted Irrigation,"BOD_exceeds_indoor(73.9mg/L), TUR_exceeds_indoor(28.5NTU), E_coli_exceeds_indoor(38109CFU), SAL_exceeds_indoor(0.36ppt)",Secondary Settling / Disc Filtration & Drip Irrigation Barrier Required,Restricted Non-Potable Landscape Irrigation
446,Kitchen,7.63,22.28,0.59,148.4,695.68,681.77,305.12,1056.95,0.81,487.19,682.07,15.15,5.72,24.45,282877,0,Sewer Bypass,Severe Contamination / Environmental Hazard,"BOD_severe(487.2mg/L), TSS_severe(305.1mg/L), TUR_severe(148.4NTU), Septic_Anoxic(DO=0.81,BOD=487.2,COD=682.1)",No Treatment Viable - Direct Sewer Bypass,Critical Hazard Failsafe
447,Mixed,7.44,26.2,0.18,48.26,427.21,438.62,64.75,525.5,2.87,162.26,279.17,16.77,4.03,22.11,623409,0,Sewer Bypass,Severe Contamination / Environmental Hazard,E_coli_severe(623409CFU),No Treatment Viable - Direct Sewer Bypass,Critical Hazard Failsafe
448,Kitchen,7.78,26.86,0.52,72.37,334.79,354.83,107.89,709.33,0.3,335.69,818.88,10.31,5.51,16.35,941109,0,Sewer Bypass,Severe Contamination / Environmental Hazard,"COD_severe(818.9mg/L), E_coli_severe(941109CFU), Septic_Anoxic(DO=0.30,BOD=335.7,COD=818.9)",No Treatment Viable - Direct Sewer Bypass,Critical Hazard Failsafe
449,Bathroom,7.08,19.74,0.16,40.12,311.17,325.84,50.31,730.26,4.65,69.54,139.1,15.87,7.39,14.09,60444,2,Restricted Irrigation,Moderate Water Quality Profile Suitable for Restricted Irrigation,"BOD_exceeds_indoor(69.5mg/L), COD_exceeds_indoor(139.1mg/L), TSS_exceeds_indoor(50.3mg/L), TUR_exceeds_indoor(40.1NTU), E_coli_exceeds_indoor(60444CFU), TDS_exceeds_indoor(325.8mg/L)",Secondary Settling / Disc Filtration & Drip Irrigation Barrier Required,Restricted Non-Potable Landscape Irrigation
450,Kitchen,7.18,27.74,0.59,65.69,398.3,414.01,129.12,517.18,0.3,235.28,1000.0,7.03,5.71,13.63,533564,0,Sewer Bypass,Severe Contamination / Environmental Hazard,"COD_severe(1000.0mg/L), E_coli_severe(533564CFU), Septic_Anoxic(DO=0.30,BOD=235.3,COD=1000.0)",No Treatment Viable - Direct Sewer Bypass,Critical Hazard Failsafe
451,Bathroom,7.0,26.32,0.16,42.25,177.68,195.58,83.81,388.48,3.07,73.41,153.89,6.62,3.72,23.82,49488,2,Restricted Irrigation,Moderate Water Quality Profile Suitable for Restricted Irrigation,"BOD_exceeds_indoor(73.4mg/L), COD_exceeds_indoor(153.9mg/L), TSS_exceeds_indoor(83.8mg/L), TUR_exceeds_indoor(42.2NTU), E_coli_exceeds_indoor(49488CFU), DO_low_for_indoor(3.07mg/L)",Secondary Settling / Disc Filtration & Drip Irrigation Barrier Required,Restricted Non-Potable Landscape Irrigation
452,Mixed,7.15,29.59,0.34,34.15,253.98,263.41,68.41,537.67,3.07,165.01,282.82,8.77,6.17,18.01,85358,1,Bio-filtration,Elevated Organic / Particulate / Biological Load,"BOD_elevated(165.0mg/L), E_coli_elevated(85358CFU)",Biological Oxidation & Sand Bio-filtration Required,Treatment Pathway Mandated
453,Kitchen,6.99,22.5,0.46,136.75,835.58,864.9,220.82,893.86,0.3,533.25,746.55,15.33,5.17,31.53,122534,0,Sewer Bypass,Severe Contamination / Environmental Hazard,"BOD_severe(533.2mg/L), TDS_severe(864.9mg/L), Septic_Anoxic(DO=0.30,BOD=533.2,COD=746.5)",No Treatment Viable - Direct Sewer Bypass,Critical Hazard Failsafe
454,Bathroom,7.05,29.58,0.25,25.93,287.67,296.27,28.54,550.22,4.42,57.86,131.62,14.22,3.78,14.73,38952,2,Restricted Irrigation,Moderate Water Quality Profile Suitable for Restricted Irrigation,"BOD_exceeds_indoor(57.9mg/L), COD_exceeds_indoor(131.6mg/L), TUR_exceeds_indoor(25.9NTU), E_coli_exceeds_indoor(38952CFU)",Secondary Settling / Disc Filtration & Drip Irrigation Barrier Required,Restricted Non-Potable Landscape Irrigation
455,Bathroom,7.17,29.07,0.22,68.73,333.32,331.59,114.22,401.25,4.43,70.66,148.51,8.2,4.91,16.07,41272,1,Bio-filtration,Elevated Organic / Particulate / Biological Load,"TSS_elevated(114.2mg/L), TUR_elevated(68.7NTU)",Biological Oxidation & Sand Bio-filtration Required,Treatment Pathway Mandated
456,Bathroom,7.29,22.47,0.22,44.34,220.55,225.34,75.98,707.27,3.36,58.93,157.6,8.59,5.15,12.81,12884,2,Restricted Irrigation,Moderate Water Quality Profile Suitable for Restricted Irrigation,"BOD_exceeds_indoor(58.9mg/L), COD_exceeds_indoor(157.6mg/L), TSS_exceeds_indoor(76.0mg/L), TUR_exceeds_indoor(44.3NTU), DO_low_for_indoor(3.36mg/L)",Secondary Settling / Disc Filtration & Drip Irrigation Barrier Required,Restricted Non-Potable Landscape Irrigation
457,Mixed,7.69,24.31,0.37,77.89,326.52,361.14,158.39,371.19,2.16,127.54,300.88,10.4,7.69,13.38,38142,1,Bio-filtration,Elevated Organic / Particulate / Biological Load,"BOD_elevated(127.5mg/L), COD_elevated(300.9mg/L), TSS_elevated(158.4mg/L), TUR_elevated(77.9NTU)",Biological Oxidation & Sand Bio-filtration Required,Treatment Pathway Mandated
458,Laundry,7.06,29.16,0.25,14.06,676.98,689.99,29.72,638.21,2.45,355.57,497.8,12.46,6.47,18.47,189884,1,Bio-filtration,Elevated Organic / Particulate / Biological Load,"BOD_elevated(355.6mg/L), COD_elevated(497.8mg/L), E_coli_elevated(189884CFU)",Biological Oxidation & Sand Bio-filtration Required,Treatment Pathway Mandated
459,Mixed,6.88,37.11,0.31,115.91,497.05,491.64,204.23,697.57,3.16,60.57,457.84,8.78,3.25,16.44,11328,1,Bio-filtration,Elevated Organic / Particulate / Biological Load,"COD_elevated(457.8mg/L), TSS_elevated(204.2mg/L), TUR_elevated(115.9NTU)",Biological Oxidation & Sand Bio-filtration Required,Treatment Pathway Mandated
460,Kitchen,7.73,19.79,0.62,132.05,404.64,448.14,251.85,784.74,0.3,172.54,514.46,1.85,8.74,29.14,164574,0,Sewer Bypass,Severe Contamination / Environmental Hazard,"TSS_severe(251.8mg/L), SAL_severe(0.62ppt)",No Treatment Viable - Direct Sewer Bypass,Critical Hazard Failsafe
461,Laundry,6.61,25.66,0.36,124.05,352.55,363.64,222.57,573.65,2.73,312.85,437.99,10.81,6.12,24.37,67615,1,Bio-filtration,Elevated Organic / Particulate / Biological Load,"BOD_elevated(312.9mg/L), COD_elevated(438.0mg/L), TSS_elevated(222.6mg/L), TUR_elevated(124.0NTU)",Biological Oxidation & Sand Bio-filtration Required,Treatment Pathway Mandated
462,Bathroom,7.32,18.94,0.37,29.24,292.75,282.33,26.84,508.49,4.54,37.73,120.32,9.3,8.88,18.48,75452,1,Bio-filtration,Elevated Organic / Particulate / Biological Load,E_coli_elevated(75452CFU),Biological Oxidation & Sand Bio-filtration Required,Treatment Pathway Mandated
463,Mixed,7.17,23.67,0.36,59.86,210.8,215.25,97.36,465.02,2.33,86.8,380.9,13.94,5.33,18.39,83768,1,Bio-filtration,Elevated Organic / Particulate / Biological Load,"COD_elevated(380.9mg/L), TSS_elevated(97.4mg/L), E_coli_elevated(83768CFU)",Biological Oxidation & Sand Bio-filtration Required,Treatment Pathway Mandated
464,Laundry,7.16,27.49,0.34,39.69,535.76,560.13,85.55,764.78,0.77,177.54,663.86,14.41,5.8,25.52,122159,0,Sewer Bypass,Severe Contamination / Environmental Hazard,"Septic_Anoxic(DO=0.77,BOD=177.5,COD=663.9)",No Treatment Viable - Direct Sewer Bypass,Critical Hazard Failsafe
465,Laundry,7.0,25.32,0.41,102.73,559.26,583.88,209.47,667.04,0.46,473.02,767.13,15.95,4.87,19.89,109008,0,Sewer Bypass,Severe Contamination / Environmental Hazard,"BOD_severe(473.0mg/L), Septic_Anoxic(DO=0.46,BOD=473.0,COD=767.1)",No Treatment Viable - Direct Sewer Bypass,Critical Hazard Failsafe
466,Kitchen,7.7,30.37,0.67,73.41,742.07,775.86,99.53,1111.26,0.37,386.92,873.65,19.39,8.01,17.0,1119282,0,Sewer Bypass,Severe Contamination / Environmental Hazard,"COD_severe(873.6mg/L), E_coli_severe(1119282CFU), SAL_severe(0.67ppt), Septic_Anoxic(DO=0.37,BOD=386.9,COD=873.6)",No Treatment Viable - Direct Sewer Bypass,Critical Hazard Failsafe
467,Kitchen,7.77,24.71,0.5,76.76,655.54,690.87,149.56,995.34,0.3,193.74,794.53,11.49,3.23,21.1,306613,0,Sewer Bypass,Severe Contamination / Environmental Hazard,"Septic_Anoxic(DO=0.30,BOD=193.7,COD=794.5)",No Treatment Viable - Direct Sewer Bypass,Critical Hazard Failsafe
468,Mixed,7.51,23.45,0.34,38.42,325.74,331.56,76.17,485.21,1.54,256.15,358.61,12.66,10.1,10.54,72111,1,Bio-filtration,Elevated Organic / Particulate / Biological Load,"BOD_elevated(256.1mg/L), COD_elevated(358.6mg/L), DO_depleted(1.54mg/L)",Biological Oxidation & Sand Bio-filtration Required,Treatment Pathway Mandated
469,Bathroom,6.92,27.43,0.22,37.38,362.0,375.76,88.77,505.93,4.88,40.28,56.39,16.82,7.26,21.07,13232,2,Restricted Irrigation,Moderate Water Quality Profile Suitable for Restricted Irrigation,"TSS_exceeds_indoor(88.8mg/L), TUR_exceeds_indoor(37.4NTU), TDS_exceeds_indoor(375.8mg/L)",Secondary Settling / Disc Filtration & Drip Irrigation Barrier Required,Restricted Non-Potable Landscape Irrigation
470,Laundry,6.81,31.43,0.34,161.79,617.1,621.95,293.78,691.84,3.08,117.81,327.04,8.6,2.75,21.14,58183,0,Sewer Bypass,Severe Contamination / Environmental Hazard,"TSS_severe(293.8mg/L), TUR_severe(161.8NTU)",No Treatment Viable - Direct Sewer Bypass,Critical Hazard Failsafe
471,Laundry,6.49,25.33,0.4,84.33,349.43,350.45,79.58,358.56,0.87,290.77,616.4,8.69,5.68,15.05,377321,0,Sewer Bypass,Severe Contamination / Environmental Hazard,"Septic_Anoxic(DO=0.87,BOD=290.8,COD=616.4)",No Treatment Viable - Direct Sewer Bypass,Critical Hazard Failsafe
472,Laundry,6.79,26.76,0.42,177.31,397.69,404.88,350.0,771.03,1.19,301.71,558.96,13.83,10.16,24.13,108412,0,Sewer Bypass,Severe Contamination / Environmental Hazard,"TSS_severe(350.0mg/L), TUR_severe(177.3NTU)",No Treatment Viable - Direct Sewer Bypass,Critical Hazard Failsafe
473,Bathroom,7.3,23.09,0.42,31.81,366.63,359.62,46.22,462.16,3.89,57.12,212.96,9.84,5.18,22.11,77750,1,Bio-filtration,Elevated Organic / Particulate / Biological Load,E_coli_elevated(77750CFU),Biological Oxidation & Sand Bio-filtration Required,Treatment Pathway Mandated
474,Bathroom,6.64,25.41,0.21,46.21,253.04,269.12,104.17,651.97,3.78,59.67,83.54,9.39,5.81,11.2,9774,1,Bio-filtration,Elevated Organic / Particulate / Biological Load,TSS_elevated(104.2mg/L),Biological Oxidation & Sand Bio-filtration Required,Treatment Pathway Mandated
475,Bathroom,6.63,29.05,0.25,10.9,172.69,195.03,21.67,304.39,2.32,91.07,206.14,10.56,3.87,8.96,17854,2,Restricted Irrigation,Moderate Water Quality Profile Suitable for Restricted Irrigation,"BOD_exceeds_indoor(91.1mg/L), COD_exceeds_indoor(206.1mg/L), DO_low_for_indoor(2.32mg/L)",Secondary Settling / Disc Filtration & Drip Irrigation Barrier Required,Restricted Non-Potable Landscape Irrigation
476,Laundry,7.33,29.7,0.41,71.22,453.36,520.95,104.07,534.93,1.78,257.28,513.26,11.95,7.04,20.56,60200,1,Bio-filtration,Elevated Organic / Particulate / Biological Load,"BOD_elevated(257.3mg/L), COD_elevated(513.3mg/L), TSS_elevated(104.1mg/L), TUR_elevated(71.2NTU), DO_depleted(1.78mg/L)",Biological Oxidation & Sand Bio-filtration Required,Treatment Pathway Mandated
477,Laundry,7.04,30.72,0.29,76.51,425.07,422.34,99.75,933.95,4.59,241.32,360.41,9.61,4.77,16.48,88025,1,Bio-filtration,Elevated Organic / Particulate / Biological Load,"BOD_elevated(241.3mg/L), COD_elevated(360.4mg/L), TSS_elevated(99.8mg/L), TUR_elevated(76.5NTU), E_coli_elevated(88025CFU)",Biological Oxidation & Sand Bio-filtration Required,Treatment Pathway Mandated
478,Kitchen,7.29,26.4,0.53,5.0,586.31,610.29,11.34,1105.92,1.71,464.27,649.98,12.67,3.64,20.23,608567,0,Sewer Bypass,Severe Contamination / Environmental Hazard,"BOD_severe(464.3mg/L), E_coli_severe(608567CFU)",No Treatment Viable - Direct Sewer Bypass,Critical Hazard Failsafe
479,Kitchen,7.46,33.73,0.6,88.55,736.5,788.61,168.37,892.36,2.47,385.1,539.15,20.7,5.49,14.65,247139,1,Bio-filtration,Elevated Organic / Particulate / Biological Load,"BOD_elevated(385.1mg/L), COD_elevated(539.1mg/L), TSS_elevated(168.4mg/L), TUR_elevated(88.5NTU), E_coli_elevated(247139CFU)",Biological Oxidation & Sand Bio-filtration Required,Treatment Pathway Mandated
480,Laundry,6.78,26.41,0.4,113.49,352.29,371.13,199.17,883.11,3.23,141.6,313.98,5.61,2.32,20.74,158622,1,Bio-filtration,Elevated Organic / Particulate / Biological Load,"BOD_elevated(141.6mg/L), COD_elevated(314.0mg/L), TSS_elevated(199.2mg/L), TUR_elevated(113.5NTU), E_coli_elevated(158622CFU)",Biological Oxidation & Sand Bio-filtration Required,Treatment Pathway Mandated
481,Laundry,6.77,28.32,0.44,101.26,499.69,507.71,63.53,623.49,2.32,234.03,546.84,11.83,8.96,25.25,71055,1,Bio-filtration,Elevated Organic / Particulate / Biological Load,"BOD_elevated(234.0mg/L), COD_elevated(546.8mg/L), TUR_elevated(101.3NTU)",Biological Oxidation & Sand Bio-filtration Required,Treatment Pathway Mandated
482,Bathroom,6.93,18.0,0.36,31.0,161.14,166.33,57.93,603.22,3.78,54.42,233.76,3.58,4.16,12.63,36156,2,Restricted Irrigation,Moderate Water Quality Profile Suitable for Restricted Irrigation,"BOD_exceeds_indoor(54.4mg/L), COD_exceeds_indoor(233.8mg/L), TSS_exceeds_indoor(57.9mg/L), TUR_exceeds_indoor(31.0NTU), E_coli_exceeds_indoor(36156CFU), SAL_exceeds_indoor(0.36ppt)",Secondary Settling / Disc Filtration & Drip Irrigation Barrier Required,Restricted Non-Potable Landscape Irrigation
483,Laundry,6.57,25.66,0.37,89.65,369.38,372.19,187.23,837.08,0.41,414.68,580.56,9.37,5.77,23.59,43810,0,Sewer Bypass,Severe Contamination / Environmental Hazard,"BOD_severe(414.7mg/L), Septic_Anoxic(DO=0.41,BOD=414.7,COD=580.6)",No Treatment Viable - Direct Sewer Bypass,Critical Hazard Failsafe
484,Laundry,6.73,26.03,0.49,114.05,345.79,368.39,136.24,573.21,3.55,290.18,406.26,10.01,8.64,24.54,84608,1,Bio-filtration,Elevated Organic / Particulate / Biological Load,"BOD_elevated(290.2mg/L), COD_elevated(406.3mg/L), TSS_elevated(136.2mg/L), TUR_elevated(114.0NTU), E_coli_elevated(84608CFU)",Biological Oxidation & Sand Bio-filtration Required,Treatment Pathway Mandated
485,Bathroom,6.48,37.3,0.2,39.74,252.35,252.79,84.1,676.79,5.01,62.01,86.81,8.84,6.27,15.06,15560,2,Restricted Irrigation,Moderate Water Quality Profile Suitable for Restricted Irrigation,"BOD_exceeds_indoor(62.0mg/L), TSS_exceeds_indoor(84.1mg/L), TUR_exceeds_indoor(39.7NTU), pH_outside_indoor(6.48)",Secondary Settling / Disc Filtration & Drip Irrigation Barrier Required,Restricted Non-Potable Landscape Irrigation
486,Laundry,6.6,30.56,0.28,144.53,351.79,358.19,288.27,661.23,0.93,134.22,392.39,15.65,6.99,17.22,8951,0,Sewer Bypass,Severe Contamination / Environmental Hazard,"TSS_severe(288.3mg/L), TUR_severe(144.5NTU)",No Treatment Viable - Direct Sewer Bypass,Critical Hazard Failsafe
487,Laundry,6.26,26.99,0.5,160.52,338.02,339.87,254.27,668.39,3.68,241.25,409.57,11.8,8.13,13.67,326588,0,Sewer Bypass,Severe Contamination / Environmental Hazard,"TSS_severe(254.3mg/L), TUR_severe(160.5NTU)",No Treatment Viable - Direct Sewer Bypass,Critical Hazard Failsafe
488,Bathroom,7.1,28.96,0.23,36.61,228.02,237.54,58.61,634.76,3.3,22.08,53.59,10.8,3.56,17.06,22926,2,Restricted Irrigation,Moderate Water Quality Profile Suitable for Restricted Irrigation,"TSS_exceeds_indoor(58.6mg/L), TUR_exceeds_indoor(36.6NTU), E_coli_exceeds_indoor(22926CFU), DO_low_for_indoor(3.30mg/L)",Secondary Settling / Disc Filtration & Drip Irrigation Barrier Required,Restricted Non-Potable Landscape Irrigation
489,Laundry,6.88,28.97,0.53,100.26,94.71,100.0,199.65,908.99,0.9,127.33,473.9,15.99,8.3,15.25,94454,1,Bio-filtration,Elevated Organic / Particulate / Biological Load,"BOD_elevated(127.3mg/L), COD_elevated(473.9mg/L), TSS_elevated(199.7mg/L), TUR_elevated(100.3NTU), E_coli_elevated(94454CFU), DO_depleted(0.90mg/L)",Biological Oxidation & Sand Bio-filtration Required,Treatment Pathway Mandated
490,Laundry,7.38,32.45,0.38,133.5,462.53,488.91,286.4,783.88,1.81,240.66,754.2,8.61,5.16,21.09,130141,0,Sewer Bypass,Severe Contamination / Environmental Hazard,TSS_severe(286.4mg/L),No Treatment Viable - Direct Sewer Bypass,Critical Hazard Failsafe
491,Kitchen,7.22,35.48,0.45,137.73,716.77,695.65,220.08,832.71,2.86,325.87,456.22,14.57,5.61,21.93,321212,1,Bio-filtration,Elevated Organic / Particulate / Biological Load,"BOD_elevated(325.9mg/L), COD_elevated(456.2mg/L), TSS_elevated(220.1mg/L), TUR_elevated(137.7NTU), E_coli_elevated(321212CFU)",Biological Oxidation & Sand Bio-filtration Required,Treatment Pathway Mandated
492,Kitchen,7.0,27.92,0.46,149.38,275.67,279.19,156.35,827.01,0.3,550.37,770.52,16.79,5.52,8.66,253775,0,Sewer Bypass,Severe Contamination / Environmental Hazard,"BOD_severe(550.4mg/L), TUR_severe(149.4NTU), Septic_Anoxic(DO=0.30,BOD=550.4,COD=770.5)",No Treatment Viable - Direct Sewer Bypass,Critical Hazard Failsafe
493,Kitchen,6.7,22.34,0.36,95.84,753.2,744.4,220.07,820.03,0.3,404.72,1000.0,15.92,3.89,20.54,1037375,0,Sewer Bypass,Severe Contamination / Environmental Hazard,"BOD_severe(404.7mg/L), COD_severe(1000.0mg/L), E_coli_severe(1037375CFU), Septic_Anoxic(DO=0.30,BOD=404.7,COD=1000.0)",No Treatment Viable - Direct Sewer Bypass,Critical Hazard Failsafe
494,Laundry,6.4,21.83,0.37,126.34,341.71,374.38,314.28,729.99,0.3,151.67,926.96,15.86,8.06,15.01,47898,0,Sewer Bypass,Severe Contamination / Environmental Hazard,"COD_severe(927.0mg/L), TSS_severe(314.3mg/L), Septic_Anoxic(DO=0.30,BOD=151.7,COD=927.0)",No Treatment Viable - Direct Sewer Bypass,Critical Hazard Failsafe
495,Mixed,7.81,33.58,0.21,22.3,367.19,384.43,29.77,583.11,3.3,130.15,216.16,9.67,3.74,25.63,114637,1,Bio-filtration,Elevated Organic / Particulate / Biological Load,"BOD_elevated(130.2mg/L), E_coli_elevated(114637CFU)",Biological Oxidation & Sand Bio-filtration Required,Treatment Pathway Mandated
496,Laundry,7.53,26.28,0.3,76.75,615.37,656.84,132.0,769.3,2.11,359.67,650.25,16.96,8.96,21.3,33762,1,Bio-filtration,Elevated Organic / Particulate / Biological Load,"BOD_elevated(359.7mg/L), COD_elevated(650.2mg/L), TSS_elevated(132.0mg/L), TUR_elevated(76.8NTU)",Biological Oxidation & Sand Bio-filtration Required,Treatment Pathway Mandated
497,Laundry,7.64,20.13,0.24,47.57,515.47,502.9,89.68,811.69,3.74,224.05,313.67,5.17,2.86,22.11,231331,1,Bio-filtration,Elevated Organic / Particulate / Biological Load,"BOD_elevated(224.1mg/L), COD_elevated(313.7mg/L), E_coli_elevated(231331CFU)",Biological Oxidation & Sand Bio-filtration Required,Treatment Pathway Mandated
498,Kitchen,7.34,29.57,0.62,142.59,514.2,561.22,292.9,969.86,2.25,393.69,551.17,13.9,5.15,18.95,75217,0,Sewer Bypass,Severe Contamination / Environmental Hazard,"TSS_severe(292.9mg/L), TUR_severe(142.6NTU), SAL_severe(0.62ppt)",No Treatment Viable - Direct Sewer Bypass,Critical Hazard Failsafe
499,Laundry,7.21,20.62,0.51,61.97,397.1,387.59,140.94,410.92,0.3,431.14,603.59,14.18,8.38,25.77,33488,0,Sewer Bypass,Severe Contamination / Environmental Hazard,"BOD_severe(431.1mg/L), Septic_Anoxic(DO=0.30,BOD=431.1,COD=603.6)",No Treatment Viable - Direct Sewer Bypass,Critical Hazard Failsafe
500,Laundry,7.51,18.0,0.29,82.76,378.47,376.18,197.32,804.85,0.3,376.61,636.21,5.38,7.51,16.74,22128,0,Sewer Bypass,Severe Contamination / Environmental Hazard,"Septic_Anoxic(DO=0.30,BOD=376.6,COD=636.2)",No Treatment Viable - Direct Sewer Bypass,Critical Hazard Failsafe
501,Kitchen,7.33,28.64,0.53,116.52,332.0,320.64,262.39,784.43,1.9,400.33,560.46,8.68,5.55,10.97,49035,0,Sewer Bypass,Severe Contamination / Environmental Hazard,"BOD_severe(400.3mg/L), TSS_severe(262.4mg/L)",No Treatment Viable - Direct Sewer Bypass,Critical Hazard Failsafe
502,Mixed,7.88,27.27,0.15,69.72,122.51,130.87,139.96,574.56,4.0,173.26,338.49,7.98,1.15,8.98,23369,1,Bio-filtration,Elevated Organic / Particulate / Biological Load,"BOD_elevated(173.3mg/L), COD_elevated(338.5mg/L), TSS_elevated(140.0mg/L), TUR_elevated(69.7NTU)",Biological Oxidation & Sand Bio-filtration Required,Treatment Pathway Mandated
503,Mixed,7.56,18.0,0.19,54.8,452.44,471.15,120.74,342.31,2.97,251.98,352.78,7.31,5.79,13.34,229376,1,Bio-filtration,Elevated Organic / Particulate / Biological Load,"BOD_elevated(252.0mg/L), COD_elevated(352.8mg/L), TSS_elevated(120.7mg/L), E_coli_elevated(229376CFU)",Biological Oxidation & Sand Bio-filtration Required,Treatment Pathway Mandated
504,Laundry,7.85,29.18,0.37,73.89,92.08,103.16,184.7,503.77,0.3,353.4,820.15,11.68,6.08,10.41,45069,0,Sewer Bypass,Severe Contamination / Environmental Hazard,"COD_severe(820.1mg/L), Septic_Anoxic(DO=0.30,BOD=353.4,COD=820.1)",No Treatment Viable - Direct Sewer Bypass,Critical Hazard Failsafe
505,Laundry,7.04,27.83,0.34,165.88,489.55,486.61,218.61,739.72,1.02,324.29,670.13,22.49,9.66,25.19,171796,0,Sewer Bypass,Severe Contamination / Environmental Hazard,TUR_severe(165.9NTU),No Treatment Viable - Direct Sewer Bypass,Critical Hazard Failsafe
506,Mixed,7.92,20.53,0.23,96.17,217.36,231.87,197.41,706.0,2.99,127.2,310.24,13.32,12.94,17.57,33558,1,Bio-filtration,Elevated Organic / Particulate / Biological Load,"BOD_elevated(127.2mg/L), COD_elevated(310.2mg/L), TSS_elevated(197.4mg/L), TUR_elevated(96.2NTU)",Biological Oxidation & Sand Bio-filtration Required,Treatment Pathway Mandated
507,Laundry,6.45,25.54,0.34,63.74,479.57,490.31,101.44,961.32,1.75,266.62,660.8,17.11,7.23,24.61,41137,1,Bio-filtration,Elevated Organic / Particulate / Biological Load,"BOD_elevated(266.6mg/L), COD_elevated(660.8mg/L), TSS_elevated(101.4mg/L), TUR_elevated(63.7NTU), DO_depleted(1.75mg/L)",Biological Oxidation & Sand Bio-filtration Required,Treatment Pathway Mandated
508,Mixed,7.62,31.07,0.36,99.42,152.25,164.82,215.78,214.6,2.74,227.83,318.96,7.12,4.53,12.01,35362,1,Bio-filtration,Elevated Organic / Particulate / Biological Load,"BOD_elevated(227.8mg/L), COD_elevated(319.0mg/L), TSS_elevated(215.8mg/L), TUR_elevated(99.4NTU)",Biological Oxidation & Sand Bio-filtration Required,Treatment Pathway Mandated
509,Laundry,6.64,25.78,0.35,85.59,634.3,671.76,167.31,572.43,2.58,89.11,243.01,10.07,7.96,13.14,46198,1,Bio-filtration,Elevated Organic / Particulate / Biological Load,"TSS_elevated(167.3mg/L), TUR_elevated(85.6NTU)",Biological Oxidation & Sand Bio-filtration Required,Treatment Pathway Mandated
510,Bathroom,6.52,25.81,0.19,48.18,232.3,242.46,118.27,574.76,4.78,58.5,92.35,10.94,3.14,16.51,17781,1,Bio-filtration,Elevated Organic / Particulate / Biological Load,TSS_elevated(118.3mg/L),Biological Oxidation & Sand Bio-filtration Required,Treatment Pathway Mandated
511,Bathroom,7.19,30.74,0.05,40.85,253.85,254.53,57.48,362.07,4.76,53.46,92.62,0.92,3.78,18.17,7141,2,Restricted Irrigation,Moderate Water Quality Profile Suitable for Restricted Irrigation,"BOD_exceeds_indoor(53.5mg/L), TSS_exceeds_indoor(57.5mg/L), TUR_exceeds_indoor(40.9NTU)",Secondary Settling / Disc Filtration & Drip Irrigation Barrier Required,Restricted Non-Potable Landscape Irrigation
512,Mixed,7.44,24.49,0.28,64.25,388.19,388.92,118.33,447.03,3.17,200.77,281.07,9.47,5.55,12.79,10985,1,Bio-filtration,Elevated Organic / Particulate / Biological Load,"BOD_elevated(200.8mg/L), TSS_elevated(118.3mg/L), TUR_elevated(64.2NTU)",Biological Oxidation & Sand Bio-filtration Required,Treatment Pathway Mandated
513,Bathroom,7.18,31.34,0.17,13.05,312.02,310.99,26.98,470.17,4.23,56.78,141.27,8.13,3.49,18.78,32027,2,Restricted Irrigation,Moderate Water Quality Profile Suitable for Restricted Irrigation,"BOD_exceeds_indoor(56.8mg/L), COD_exceeds_indoor(141.3mg/L), E_coli_exceeds_indoor(32027CFU), TDS_exceeds_indoor(311.0mg/L)",Secondary Settling / Disc Filtration & Drip Irrigation Barrier Required,Restricted Non-Potable Landscape Irrigation
514,Bathroom,7.07,27.5,0.35,55.57,230.11,227.55,81.67,652.63,4.14,48.55,205.57,5.22,4.67,21.08,50339,2,Restricted Irrigation,Moderate Water Quality Profile Suitable for Restricted Irrigation,"BOD_exceeds_indoor(48.5mg/L), COD_exceeds_indoor(205.6mg/L), TSS_exceeds_indoor(81.7mg/L), TUR_exceeds_indoor(55.6NTU), E_coli_exceeds_indoor(50339CFU), SAL_exceeds_indoor(0.35ppt)",Secondary Settling / Disc Filtration & Drip Irrigation Barrier Required,Restricted Non-Potable Landscape Irrigation
515,Laundry,6.53,26.37,0.5,101.77,384.32,364.52,193.88,650.62,0.3,239.1,730.4,9.77,7.88,25.32,36919,0,Sewer Bypass,Severe Contamination / Environmental Hazard,"Septic_Anoxic(DO=0.30,BOD=239.1,COD=730.4)",No Treatment Viable - Direct Sewer Bypass,Critical Hazard Failsafe
516,Bathroom,6.69,29.55,0.15,27.37,256.17,257.44,42.56,284.94,4.3,55.22,77.31,3.26,8.54,26.69,6941,2,Restricted Irrigation,Moderate Water Quality Profile Suitable for Restricted Irrigation,"BOD_exceeds_indoor(55.2mg/L), TUR_exceeds_indoor(27.4NTU)",Secondary Settling / Disc Filtration & Drip Irrigation Barrier Required,Restricted Non-Potable Landscape Irrigation
517,Laundry,6.99,22.68,0.49,84.72,623.77,662.65,141.58,516.92,2.23,20.0,456.31,5.66,7.18,27.95,19491,1,Bio-filtration,Elevated Organic / Particulate / Biological Load,"COD_elevated(456.3mg/L), TSS_elevated(141.6mg/L), TUR_elevated(84.7NTU)",Biological Oxidation & Sand Bio-filtration Required,Treatment Pathway Mandated
518,Kitchen,8.13,20.6,0.57,174.12,589.26,626.97,281.34,843.45,0.53,221.18,642.68,6.46,3.88,15.65,98541,0,Sewer Bypass,Severe Contamination / Environmental Hazard,"TSS_severe(281.3mg/L), TUR_severe(174.1NTU), Septic_Anoxic(DO=0.53,BOD=221.2,COD=642.7)",No Treatment Viable - Direct Sewer Bypass,Critical Hazard Failsafe
519,Bathroom,7.15,27.54,0.31,59.19,97.88,100.0,106.71,617.55,3.58,51.37,137.86,11.23,2.14,17.38,19541,1,Bio-filtration,Elevated Organic / Particulate / Biological Load,TSS_elevated(106.7mg/L),Biological Oxidation & Sand Bio-filtration Required,Treatment Pathway Mandated
520,Mixed,7.13,25.95,0.37,61.38,499.39,458.43,144.17,478.49,2.29,203.09,284.33,10.79,7.48,10.82,34042,1,Bio-filtration,Elevated Organic / Particulate / Biological Load,"BOD_elevated(203.1mg/L), TSS_elevated(144.2mg/L), TUR_elevated(61.4NTU)",Biological Oxidation & Sand Bio-filtration Required,Treatment Pathway Mandated
521,Mixed,7.5,27.19,0.32,97.22,200.57,190.27,107.71,293.31,3.17,87.39,295.93,8.53,4.0,17.02,50965,1,Bio-filtration,Elevated Organic / Particulate / Biological Load,"TSS_elevated(107.7mg/L), TUR_elevated(97.2NTU)",Biological Oxidation & Sand Bio-filtration Required,Treatment Pathway Mandated
522,Laundry,7.29,26.19,0.44,62.93,202.33,212.29,77.33,455.08,0.3,80.9,806.9,9.04,3.65,19.01,79767,0,Sewer Bypass,Severe Contamination / Environmental Hazard,"COD_severe(806.9mg/L), Septic_Anoxic(DO=0.30,BOD=80.9,COD=806.9)",No Treatment Viable - Direct Sewer Bypass,Critical Hazard Failsafe
523,Bathroom,6.76,27.9,0.33,14.39,130.54,142.63,28.16,519.61,3.97,34.76,156.15,4.75,6.15,13.81,10661,2,Restricted Irrigation,Moderate Water Quality Profile Suitable for Restricted Irrigation,"COD_exceeds_indoor(156.2mg/L), SAL_exceeds_indoor(0.33ppt)",Secondary Settling / Disc Filtration & Drip Irrigation Barrier Required,Restricted Non-Potable Landscape Irrigation
524,Kitchen,7.41,26.42,0.47,113.55,477.26,525.73,208.2,693.07,0.3,316.3,879.84,10.62,4.71,23.07,13652,0,Sewer Bypass,Severe Contamination / Environmental Hazard,"COD_severe(879.8mg/L), Septic_Anoxic(DO=0.30,BOD=316.3,COD=879.8)",No Treatment Viable - Direct Sewer Bypass,Critical Hazard Failsafe
525,Bathroom,7.28,18.57,0.28,17.66,247.89,236.8,45.12,604.5,3.74,20.0,137.13,5.03,5.71,13.2,47704,2,Restricted Irrigation,Moderate Water Quality Profile Suitable for Restricted Irrigation,"COD_exceeds_indoor(137.1mg/L), TSS_exceeds_indoor(45.1mg/L), E_coli_exceeds_indoor(47704CFU)",Secondary Settling / Disc Filtration & Drip Irrigation Barrier Required,Restricted Non-Potable Landscape Irrigation
526,Laundry,6.22,27.34,0.38,65.77,366.67,377.16,85.32,684.93,2.17,206.01,451.06,8.02,5.66,16.27,43412,1,Bio-filtration,Elevated Organic / Particulate / Biological Load,"BOD_elevated(206.0mg/L), COD_elevated(451.1mg/L), TUR_elevated(65.8NTU)",Biological Oxidation & Sand Bio-filtration Required,Treatment Pathway Mandated
527,Mixed,7.86,28.87,0.22,56.29,316.52,344.44,90.26,509.51,3.16,184.79,258.71,8.5,11.6,13.85,8844,1,Bio-filtration,Elevated Organic / Particulate / Biological Load,"BOD_elevated(184.8mg/L), TSS_elevated(90.3mg/L)",Biological Oxidation & Sand Bio-filtration Required,Treatment Pathway Mandated
528,Mixed,6.74,30.42,0.3,95.4,265.43,262.5,203.57,526.03,2.97,171.58,392.13,7.87,5.28,25.84,89990,1,Bio-filtration,Elevated Organic / Particulate / Biological Load,"BOD_elevated(171.6mg/L), COD_elevated(392.1mg/L), TSS_elevated(203.6mg/L), TUR_elevated(95.4NTU), E_coli_elevated(89990CFU)",Biological Oxidation & Sand Bio-filtration Required,Treatment Pathway Mandated
529,Mixed,7.6,29.43,0.26,71.22,339.36,340.76,151.23,583.38,3.0,184.68,292.96,21.49,3.64,21.9,29542,1,Bio-filtration,Elevated Organic / Particulate / Biological Load,"BOD_elevated(184.7mg/L), TSS_elevated(151.2mg/L), TUR_elevated(71.2NTU)",Biological Oxidation & Sand Bio-filtration Required,Treatment Pathway Mandated
530,Laundry,6.95,38.0,0.36,63.0,322.92,336.62,89.38,794.2,0.59,353.25,494.55,12.38,2.85,24.64,17326,0,Sewer Bypass,Severe Contamination / Environmental Hazard,"Septic_Anoxic(DO=0.59,BOD=353.2,COD=494.6)",No Treatment Viable - Direct Sewer Bypass,Critical Hazard Failsafe
531,Kitchen,7.04,28.86,0.53,95.37,340.28,326.69,128.68,811.63,0.3,449.44,813.28,13.44,5.62,20.65,46633,0,Sewer Bypass,Severe Contamination / Environmental Hazard,"BOD_severe(449.4mg/L), COD_severe(813.3mg/L), Septic_Anoxic(DO=0.30,BOD=449.4,COD=813.3)",No Treatment Viable - Direct Sewer Bypass,Critical Hazard Failsafe
532,Kitchen,8.11,23.58,0.52,119.63,355.24,391.2,168.26,660.26,0.3,212.94,870.41,7.62,4.82,22.83,185956,0,Sewer Bypass,Severe Contamination / Environmental Hazard,"COD_severe(870.4mg/L), Septic_Anoxic(DO=0.30,BOD=212.9,COD=870.4)",No Treatment Viable - Direct Sewer Bypass,Critical Hazard Failsafe
533,Laundry,6.87,20.55,0.35,57.0,268.34,265.09,116.22,529.21,3.13,187.57,372.57,9.66,9.94,22.23,296339,1,Bio-filtration,Elevated Organic / Particulate / Biological Load,"BOD_elevated(187.6mg/L), COD_elevated(372.6mg/L), TSS_elevated(116.2mg/L), E_coli_elevated(296339CFU)",Biological Oxidation & Sand Bio-filtration Required,Treatment Pathway Mandated
534,Kitchen,7.63,25.1,0.56,145.11,550.75,537.21,287.59,901.29,1.48,593.64,831.09,16.16,3.48,16.3,28784,0,Sewer Bypass,Severe Contamination / Environmental Hazard,"BOD_severe(593.6mg/L), COD_severe(831.1mg/L), TSS_severe(287.6mg/L), TUR_severe(145.1NTU)",No Treatment Viable - Direct Sewer Bypass,Critical Hazard Failsafe
535,Bathroom,7.23,22.33,0.22,37.07,350.18,375.27,62.25,364.12,3.8,111.63,165.4,7.23,5.49,18.28,13153,2,Restricted Irrigation,Moderate Water Quality Profile Suitable for Restricted Irrigation,"BOD_exceeds_indoor(111.6mg/L), COD_exceeds_indoor(165.4mg/L), TSS_exceeds_indoor(62.2mg/L), TUR_exceeds_indoor(37.1NTU), TDS_exceeds_indoor(375.3mg/L)",Secondary Settling / Disc Filtration & Drip Irrigation Barrier Required,Restricted Non-Potable Landscape Irrigation
536,Bathroom,7.19,22.71,0.1,23.26,284.11,311.1,49.5,518.29,5.07,57.41,80.37,7.87,9.33,22.02,6924,2,Restricted Irrigation,Moderate Water Quality Profile Suitable for Restricted Irrigation,"BOD_exceeds_indoor(57.4mg/L), TSS_exceeds_indoor(49.5mg/L), TDS_exceeds_indoor(311.1mg/L)",Secondary Settling / Disc Filtration & Drip Irrigation Barrier Required,Restricted Non-Potable Landscape Irrigation
537,Laundry,6.19,23.6,0.39,54.39,638.62,665.52,120.75,616.73,0.75,276.35,749.14,7.92,8.88,20.52,50729,0,Sewer Bypass,Severe Contamination / Environmental Hazard,"Septic_Anoxic(DO=0.75,BOD=276.4,COD=749.1)",No Treatment Viable - Direct Sewer Bypass,Critical Hazard Failsafe
538,Bathroom,6.01,29.85,0.29,36.24,272.21,288.39,55.85,475.8,5.04,69.06,119.49,8.72,4.69,17.32,5136,2,Restricted Irrigation,Moderate Water Quality Profile Suitable for Restricted Irrigation,"BOD_exceeds_indoor(69.1mg/L), TSS_exceeds_indoor(55.9mg/L), TUR_exceeds_indoor(36.2NTU), SAL_exceeds_indoor(0.29ppt), pH_outside_indoor(6.01)",Secondary Settling / Disc Filtration & Drip Irrigation Barrier Required,Restricted Non-Potable Landscape Irrigation
539,Bathroom,7.08,20.06,0.3,22.41,105.24,110.43,56.57,506.0,3.49,106.75,149.45,7.09,5.57,10.49,11446,2,Restricted Irrigation,Moderate Water Quality Profile Suitable for Restricted Irrigation,"BOD_exceeds_indoor(106.8mg/L), COD_exceeds_indoor(149.4mg/L), TSS_exceeds_indoor(56.6mg/L), SAL_exceeds_indoor(0.30ppt), DO_low_for_indoor(3.49mg/L)",Secondary Settling / Disc Filtration & Drip Irrigation Barrier Required,Restricted Non-Potable Landscape Irrigation
540,Mixed,7.64,31.62,0.54,27.53,234.42,249.0,56.98,694.6,3.93,130.2,256.35,7.22,5.3,13.66,5087,1,Bio-filtration,Elevated Organic / Particulate / Biological Load,BOD_elevated(130.2mg/L),Biological Oxidation & Sand Bio-filtration Required,Treatment Pathway Mandated
541,Mixed,7.34,26.18,0.22,93.92,300.73,330.54,158.15,285.48,4.05,200.67,280.94,3.14,4.77,14.58,182061,1,Bio-filtration,Elevated Organic / Particulate / Biological Load,"BOD_elevated(200.7mg/L), TSS_elevated(158.2mg/L), TUR_elevated(93.9NTU), E_coli_elevated(182061CFU)",Biological Oxidation & Sand Bio-filtration Required,Treatment Pathway Mandated
542,Laundry,7.14,29.89,0.46,146.25,387.64,382.52,194.53,495.92,1.19,111.47,648.25,13.96,6.0,18.02,133125,0,Sewer Bypass,Severe Contamination / Environmental Hazard,TUR_severe(146.2NTU),No Treatment Viable - Direct Sewer Bypass,Critical Hazard Failsafe
543,Mixed,7.07,23.82,0.28,75.79,308.69,327.1,133.6,751.71,3.88,129.79,181.71,12.57,7.68,17.45,182058,1,Bio-filtration,Elevated Organic / Particulate / Biological Load,"BOD_elevated(129.8mg/L), TSS_elevated(133.6mg/L), TUR_elevated(75.8NTU), E_coli_elevated(182058CFU)",Biological Oxidation & Sand Bio-filtration Required,Treatment Pathway Mandated
544,Mixed,7.56,32.01,0.38,87.39,462.72,485.43,105.12,633.96,3.95,260.48,434.54,14.39,6.61,12.36,95258,1,Bio-filtration,Elevated Organic / Particulate / Biological Load,"BOD_elevated(260.5mg/L), COD_elevated(434.5mg/L), TSS_elevated(105.1mg/L), TUR_elevated(87.4NTU), E_coli_elevated(95258CFU)",Biological Oxidation & Sand Bio-filtration Required,Treatment Pathway Mandated
545,Bathroom,6.81,27.95,0.27,35.67,305.6,319.63,79.21,200.0,4.3,81.45,215.09,15.96,6.61,16.81,33958,2,Restricted Irrigation,Moderate Water Quality Profile Suitable for Restricted Irrigation,"BOD_exceeds_indoor(81.5mg/L), COD_exceeds_indoor(215.1mg/L), TSS_exceeds_indoor(79.2mg/L), TUR_exceeds_indoor(35.7NTU), E_coli_exceeds_indoor(33958CFU), TDS_exceeds_indoor(319.6mg/L)",Secondary Settling / Disc Filtration & Drip Irrigation Barrier Required,Restricted Non-Potable Landscape Irrigation
546,Laundry,6.9,23.48,0.35,77.87,281.13,286.53,140.56,605.31,0.3,336.57,687.5,7.9,7.54,9.42,138312,0,Sewer Bypass,Severe Contamination / Environmental Hazard,"Septic_Anoxic(DO=0.30,BOD=336.6,COD=687.5)",No Treatment Viable - Direct Sewer Bypass,Critical Hazard Failsafe
547,Laundry,7.47,34.29,0.47,119.53,547.55,521.44,89.59,589.51,0.32,242.22,774.32,12.16,5.42,17.21,46289,0,Sewer Bypass,Severe Contamination / Environmental Hazard,"Septic_Anoxic(DO=0.32,BOD=242.2,COD=774.3)",No Treatment Viable - Direct Sewer Bypass,Critical Hazard Failsafe
548,Bathroom,7.09,23.51,0.25,46.68,336.2,334.87,60.31,316.74,3.43,118.77,187.61,11.48,7.37,10.18,78677,1,Bio-filtration,Elevated Organic / Particulate / Biological Load,E_coli_elevated(78677CFU),Biological Oxidation & Sand Bio-filtration Required,Treatment Pathway Mandated
549,Mixed,7.24,26.59,0.16,65.54,412.19,443.31,67.63,590.85,2.92,140.73,424.62,14.28,7.38,30.7,38871,1,Bio-filtration,Elevated Organic / Particulate / Biological Load,"BOD_elevated(140.7mg/L), COD_elevated(424.6mg/L), TUR_elevated(65.5NTU)",Biological Oxidation & Sand Bio-filtration Required,Treatment Pathway Mandated
550,Laundry,7.04,25.03,0.45,126.81,434.19,422.06,197.97,873.6,1.35,276.36,642.52,13.57,5.67,14.82,57222,1,Bio-filtration,Elevated Organic / Particulate / Biological Load,"BOD_elevated(276.4mg/L), COD_elevated(642.5mg/L), TSS_elevated(198.0mg/L), TUR_elevated(126.8NTU), DO_depleted(1.35mg/L)",Biological Oxidation & Sand Bio-filtration Required,Treatment Pathway Mandated
551,Laundry,6.31,30.79,0.39,53.93,396.27,401.92,117.45,390.61,2.78,331.49,549.83,9.69,1.68,22.08,46755,1,Bio-filtration,Elevated Organic / Particulate / Biological Load,"BOD_elevated(331.5mg/L), COD_elevated(549.8mg/L), TSS_elevated(117.5mg/L)",Biological Oxidation & Sand Bio-filtration Required,Treatment Pathway Mandated
552,Bathroom,6.38,26.29,0.15,50.07,183.18,173.89,71.25,530.41,3.06,55.92,123.91,20.14,5.62,12.14,52708,2,Restricted Irrigation,Moderate Water Quality Profile Suitable for Restricted Irrigation,"BOD_exceeds_indoor(55.9mg/L), TSS_exceeds_indoor(71.2mg/L), TUR_exceeds_indoor(50.1NTU), E_coli_exceeds_indoor(52708CFU), DO_low_for_indoor(3.06mg/L), pH_outside_indoor(6.38)",Secondary Settling / Disc Filtration & Drip Irrigation Barrier Required,Restricted Non-Potable Landscape Irrigation
553,Bathroom,7.63,32.07,0.19,20.29,263.63,297.97,44.75,324.43,3.89,54.93,150.25,14.9,7.64,19.69,5849,2,Restricted Irrigation,Moderate Water Quality Profile Suitable for Restricted Irrigation,"BOD_exceeds_indoor(54.9mg/L), COD_exceeds_indoor(150.2mg/L)",Secondary Settling / Disc Filtration & Drip Irrigation Barrier Required,Restricted Non-Potable Landscape Irrigation
554,Mixed,7.89,23.39,0.3,104.53,519.86,530.2,236.7,200.0,1.64,230.54,397.07,10.28,0.75,22.02,10645,1,Bio-filtration,Elevated Organic / Particulate / Biological Load,"BOD_elevated(230.5mg/L), COD_elevated(397.1mg/L), TSS_elevated(236.7mg/L), TUR_elevated(104.5NTU), DO_depleted(1.64mg/L)",Biological Oxidation & Sand Bio-filtration Required,Treatment Pathway Mandated
555,Bathroom,7.4,32.32,0.3,29.19,308.02,323.79,55.72,382.79,4.6,20.0,50.0,7.46,6.14,13.61,131818,1,Bio-filtration,Elevated Organic / Particulate / Biological Load,E_coli_elevated(131818CFU),Biological Oxidation & Sand Bio-filtration Required,Treatment Pathway Mandated
556,Bathroom,7.06,28.05,0.1,37.42,358.07,364.24,74.79,608.02,4.08,20.0,126.54,10.62,5.89,20.37,5755,2,Restricted Irrigation,Moderate Water Quality Profile Suitable for Restricted Irrigation,"COD_exceeds_indoor(126.5mg/L), TSS_exceeds_indoor(74.8mg/L), TUR_exceeds_indoor(37.4NTU), TDS_exceeds_indoor(364.2mg/L)",Secondary Settling / Disc Filtration & Drip Irrigation Barrier Required,Restricted Non-Potable Landscape Irrigation
557,Bathroom,7.0,20.97,0.32,39.74,119.04,122.22,45.26,474.13,3.96,60.0,84.0,2.89,1.84,14.42,35023,2,Restricted Irrigation,Moderate Water Quality Profile Suitable for Restricted Irrigation,"BOD_exceeds_indoor(60.0mg/L), TSS_exceeds_indoor(45.3mg/L), TUR_exceeds_indoor(39.7NTU), E_coli_exceeds_indoor(35023CFU), SAL_exceeds_indoor(0.32ppt)",Secondary Settling / Disc Filtration & Drip Irrigation Barrier Required,Restricted Non-Potable Landscape Irrigation
558,Laundry,7.05,29.71,0.33,94.6,362.0,394.73,151.55,459.42,4.35,289.96,517.73,6.97,5.31,10.8,54284,1,Bio-filtration,Elevated Organic / Particulate / Biological Load,"BOD_elevated(290.0mg/L), COD_elevated(517.7mg/L), TSS_elevated(151.6mg/L), TUR_elevated(94.6NTU)",Biological Oxidation & Sand Bio-filtration Required,Treatment Pathway Mandated
559,Laundry,6.78,30.8,0.37,80.05,382.13,405.32,93.62,561.01,0.94,288.27,645.64,11.32,2.46,20.78,39890,0,Sewer Bypass,Severe Contamination / Environmental Hazard,"Septic_Anoxic(DO=0.94,BOD=288.3,COD=645.6)",No Treatment Viable - Direct Sewer Bypass,Critical Hazard Failsafe
560,Laundry,7.16,32.92,0.35,88.75,285.87,297.99,173.68,612.1,0.92,343.12,634.04,6.53,6.44,12.63,99123,0,Sewer Bypass,Severe Contamination / Environmental Hazard,"Septic_Anoxic(DO=0.92,BOD=343.1,COD=634.0)",No Treatment Viable - Direct Sewer Bypass,Critical Hazard Failsafe
561,Bathroom,7.05,18.5,0.35,35.99,318.53,323.22,66.69,283.53,3.83,64.04,89.66,9.89,7.15,14.41,45661,2,Restricted Irrigation,Moderate Water Quality Profile Suitable for Restricted Irrigation,"BOD_exceeds_indoor(64.0mg/L), TSS_exceeds_indoor(66.7mg/L), TUR_exceeds_indoor(36.0NTU), E_coli_exceeds_indoor(45661CFU), TDS_exceeds_indoor(323.2mg/L), SAL_exceeds_indoor(0.35ppt)",Secondary Settling / Disc Filtration & Drip Irrigation Barrier Required,Restricted Non-Potable Landscape Irrigation
562,Bathroom,6.37,22.31,0.2,9.71,208.78,204.62,26.47,548.06,2.84,50.12,151.54,6.46,8.39,9.84,9456,2,Restricted Irrigation,Moderate Water Quality Profile Suitable for Restricted Irrigation,"BOD_exceeds_indoor(50.1mg/L), COD_exceeds_indoor(151.5mg/L), DO_low_for_indoor(2.84mg/L), pH_outside_indoor(6.37)",Secondary Settling / Disc Filtration & Drip Irrigation Barrier Required,Restricted Non-Potable Landscape Irrigation
563,Mixed,7.3,28.27,0.32,50.78,332.32,337.62,136.23,534.03,1.78,257.76,360.86,12.87,8.18,18.87,63527,1,Bio-filtration,Elevated Organic / Particulate / Biological Load,"BOD_elevated(257.8mg/L), COD_elevated(360.9mg/L), TSS_elevated(136.2mg/L), DO_depleted(1.78mg/L)",Biological Oxidation & Sand Bio-filtration Required,Treatment Pathway Mandated
564,Kitchen,6.89,26.74,0.57,171.79,359.05,377.86,279.27,713.6,0.3,412.06,806.04,7.6,6.13,15.14,942888,0,Sewer Bypass,Severe Contamination / Environmental Hazard,"BOD_severe(412.1mg/L), COD_severe(806.0mg/L), TSS_severe(279.3mg/L), TUR_severe(171.8NTU), E_coli_severe(942888CFU), Septic_Anoxic(DO=0.30,BOD=412.1,COD=806.0)",No Treatment Viable - Direct Sewer Bypass,Critical Hazard Failsafe
565,Kitchen,8.06,35.96,0.65,80.52,698.86,702.49,172.4,780.72,0.3,350.07,731.39,15.83,5.75,24.86,189757,0,Sewer Bypass,Severe Contamination / Environmental Hazard,"SAL_severe(0.65ppt), Septic_Anoxic(DO=0.30,BOD=350.1,COD=731.4)",No Treatment Viable - Direct Sewer Bypass,Critical Hazard Failsafe
566,Kitchen,7.46,26.79,0.44,153.04,508.79,564.2,314.65,691.84,0.31,206.89,769.42,2.57,4.44,26.31,95520,0,Sewer Bypass,Severe Contamination / Environmental Hazard,"TSS_severe(314.6mg/L), TUR_severe(153.0NTU), Septic_Anoxic(DO=0.31,BOD=206.9,COD=769.4)",No Treatment Viable - Direct Sewer Bypass,Critical Hazard Failsafe
567,Mixed,7.24,31.69,0.52,83.1,366.09,431.15,214.4,630.5,4.08,109.93,153.9,8.55,6.99,23.84,64148,1,Bio-filtration,Elevated Organic / Particulate / Biological Load,"TSS_elevated(214.4mg/L), TUR_elevated(83.1NTU)",Biological Oxidation & Sand Bio-filtration Required,Treatment Pathway Mandated
568,Bathroom,6.92,29.35,0.24,31.86,251.81,251.44,75.41,649.64,3.65,20.0,123.26,7.78,4.28,15.67,7074,2,Restricted Irrigation,Moderate Water Quality Profile Suitable for Restricted Irrigation,"TSS_exceeds_indoor(75.4mg/L), TUR_exceeds_indoor(31.9NTU)",Secondary Settling / Disc Filtration & Drip Irrigation Barrier Required,Restricted Non-Potable Landscape Irrigation
569,Laundry,6.45,32.5,0.42,62.76,429.26,430.04,138.79,780.66,0.54,361.09,799.51,6.07,4.43,21.93,42731,0,Sewer Bypass,Severe Contamination / Environmental Hazard,"Septic_Anoxic(DO=0.54,BOD=361.1,COD=799.5)",No Treatment Viable - Direct Sewer Bypass,Critical Hazard Failsafe
570,Laundry,7.47,26.72,0.28,97.83,547.88,575.09,183.86,796.49,0.87,248.05,696.71,17.59,3.26,12.18,172727,0,Sewer Bypass,Severe Contamination / Environmental Hazard,"Septic_Anoxic(DO=0.87,BOD=248.1,COD=696.7)",No Treatment Viable - Direct Sewer Bypass,Critical Hazard Failsafe
571,Laundry,7.2,26.13,0.47,108.31,487.96,526.13,160.51,688.8,1.79,149.41,502.59,11.91,5.94,17.16,278827,1,Bio-filtration,Elevated Organic / Particulate / Biological Load,"BOD_elevated(149.4mg/L), COD_elevated(502.6mg/L), TSS_elevated(160.5mg/L), TUR_elevated(108.3NTU), E_coli_elevated(278827CFU), DO_depleted(1.79mg/L)",Biological Oxidation & Sand Bio-filtration Required,Treatment Pathway Mandated
572,Mixed,7.11,25.69,0.36,28.79,254.33,259.35,55.98,625.84,1.24,293.61,411.06,8.2,4.25,11.02,76873,1,Bio-filtration,Elevated Organic / Particulate / Biological Load,"BOD_elevated(293.6mg/L), COD_elevated(411.1mg/L), E_coli_elevated(76873CFU), DO_depleted(1.24mg/L)",Biological Oxidation & Sand Bio-filtration Required,Treatment Pathway Mandated
573,Laundry,7.34,33.93,0.25,111.77,667.91,706.22,119.07,819.87,1.09,195.44,638.3,10.17,3.45,22.54,218260,1,Bio-filtration,Elevated Organic / Particulate / Biological Load,"BOD_elevated(195.4mg/L), COD_elevated(638.3mg/L), TSS_elevated(119.1mg/L), TUR_elevated(111.8NTU), E_coli_elevated(218260CFU), DO_depleted(1.09mg/L)",Biological Oxidation & Sand Bio-filtration Required,Treatment Pathway Mandated
574,Mixed,7.31,23.26,0.14,36.62,243.78,249.85,71.58,448.74,3.98,186.88,261.63,7.78,3.65,16.51,739662,0,Sewer Bypass,Severe Contamination / Environmental Hazard,E_coli_severe(739662CFU),No Treatment Viable - Direct Sewer Bypass,Critical Hazard Failsafe
575,Mixed,7.56,27.61,0.44,73.16,143.34,156.64,49.03,768.83,1.87,185.14,314.19,9.9,9.38,15.01,39799,1,Bio-filtration,Elevated Organic / Particulate / Biological Load,"BOD_elevated(185.1mg/L), COD_elevated(314.2mg/L), TUR_elevated(73.2NTU), DO_depleted(1.87mg/L)",Biological Oxidation & Sand Bio-filtration Required,Treatment Pathway Mandated
576,Laundry,6.28,33.21,0.42,92.67,187.73,203.38,113.53,640.0,0.94,223.64,686.86,15.6,5.53,30.28,45492,0,Sewer Bypass,Severe Contamination / Environmental Hazard,"Septic_Anoxic(DO=0.94,BOD=223.6,COD=686.9)",No Treatment Viable - Direct Sewer Bypass,Critical Hazard Failsafe
577,Mixed,6.98,22.38,0.21,60.2,155.26,159.77,56.75,570.45,4.66,135.6,363.48,5.72,5.16,10.78,29330,1,Bio-filtration,Elevated Organic / Particulate / Biological Load,"BOD_elevated(135.6mg/L), COD_elevated(363.5mg/L), TUR_elevated(60.2NTU)",Biological Oxidation & Sand Bio-filtration Required,Treatment Pathway Mandated
578,Laundry,6.65,30.71,0.34,78.77,703.34,720.16,105.99,604.33,0.82,369.61,517.45,11.18,7.26,28.97,318164,0,Sewer Bypass,Severe Contamination / Environmental Hazard,"Septic_Anoxic(DO=0.82,BOD=369.6,COD=517.5)",No Treatment Viable - Direct Sewer Bypass,Critical Hazard Failsafe
579,Mixed,7.49,26.63,0.31,83.08,192.04,216.69,165.86,422.78,3.79,167.66,326.05,13.84,6.5,13.04,77964,1,Bio-filtration,Elevated Organic / Particulate / Biological Load,"BOD_elevated(167.7mg/L), COD_elevated(326.1mg/L), TSS_elevated(165.9mg/L), TUR_elevated(83.1NTU), E_coli_elevated(77964CFU)",Biological Oxidation & Sand Bio-filtration Required,Treatment Pathway Mandated
580,Laundry,6.69,26.12,0.46,180.0,443.53,453.5,266.86,814.85,2.34,365.94,580.61,18.58,7.05,18.23,195702,0,Sewer Bypass,Severe Contamination / Environmental Hazard,"TSS_severe(266.9mg/L), TUR_severe(180.0NTU)",No Treatment Viable - Direct Sewer Bypass,Critical Hazard Failsafe
581,Laundry,6.58,23.77,0.38,93.23,203.95,205.36,127.41,588.43,2.1,284.4,475.05,12.03,5.07,11.21,235921,1,Bio-filtration,Elevated Organic / Particulate / Biological Load,"BOD_elevated(284.4mg/L), COD_elevated(475.1mg/L), TSS_elevated(127.4mg/L), TUR_elevated(93.2NTU), E_coli_elevated(235921CFU)",Biological Oxidation & Sand Bio-filtration Required,Treatment Pathway Mandated
582,Laundry,6.16,26.07,0.49,79.41,436.51,484.02,125.08,644.46,1.95,317.2,444.09,16.3,3.9,18.87,79273,1,Bio-filtration,Elevated Organic / Particulate / Biological Load,"BOD_elevated(317.2mg/L), COD_elevated(444.1mg/L), TSS_elevated(125.1mg/L), TUR_elevated(79.4NTU), E_coli_elevated(79273CFU), DO_depleted(1.95mg/L)",Biological Oxidation & Sand Bio-filtration Required,Treatment Pathway Mandated
583,Bathroom,6.86,38.0,0.2,29.94,295.33,317.78,61.01,624.15,3.55,53.8,89.26,12.95,4.93,4.7,116873,1,Bio-filtration,Elevated Organic / Particulate / Biological Load,E_coli_elevated(116873CFU),Biological Oxidation & Sand Bio-filtration Required,Treatment Pathway Mandated
584,Laundry,6.62,25.89,0.39,149.56,392.56,411.72,186.55,411.83,1.03,320.63,597.74,12.89,2.36,20.48,94012,0,Sewer Bypass,Severe Contamination / Environmental Hazard,TUR_severe(149.6NTU),No Treatment Viable - Direct Sewer Bypass,Critical Hazard Failsafe
585,Mixed,7.99,27.03,0.22,43.55,307.72,324.98,86.92,553.4,4.14,55.31,327.61,9.15,7.36,21.94,91403,1,Bio-filtration,Elevated Organic / Particulate / Biological Load,"COD_elevated(327.6mg/L), E_coli_elevated(91403CFU)",Biological Oxidation & Sand Bio-filtration Required,Treatment Pathway Mandated
586,Kitchen,7.11,27.88,0.54,170.7,688.38,695.38,271.72,810.44,0.3,342.81,986.15,13.26,5.9,15.57,293654,0,Sewer Bypass,Severe Contamination / Environmental Hazard,"COD_severe(986.1mg/L), TSS_severe(271.7mg/L), TUR_severe(170.7NTU), Septic_Anoxic(DO=0.30,BOD=342.8,COD=986.1)",No Treatment Viable - Direct Sewer Bypass,Critical Hazard Failsafe
587,Bathroom,6.75,25.39,0.41,57.65,358.63,364.84,113.64,500.3,3.27,72.65,101.71,11.36,5.8,10.33,30701,1,Bio-filtration,Elevated Organic / Particulate / Biological Load,TSS_elevated(113.6mg/L),Biological Oxidation & Sand Bio-filtration Required,Treatment Pathway Mandated
588,Laundry,6.81,29.39,0.36,109.69,346.37,351.53,172.86,594.29,2.68,406.67,569.34,21.23,5.22,2.67,227360,0,Sewer Bypass,Severe Contamination / Environmental Hazard,BOD_severe(406.7mg/L),No Treatment Viable - Direct Sewer Bypass,Critical Hazard Failsafe
589,Bathroom,6.88,23.1,0.29,27.79,248.07,245.16,52.02,673.52,4.78,48.2,112.24,12.0,7.95,14.37,23829,2,Restricted Irrigation,Moderate Water Quality Profile Suitable for Restricted Irrigation,"BOD_exceeds_indoor(48.2mg/L), TSS_exceeds_indoor(52.0mg/L), TUR_exceeds_indoor(27.8NTU), E_coli_exceeds_indoor(23829CFU), SAL_exceeds_indoor(0.29ppt)",Secondary Settling / Disc Filtration & Drip Irrigation Barrier Required,Restricted Non-Potable Landscape Irrigation
590,Bathroom,7.2,25.27,0.14,21.1,201.74,212.27,44.26,670.57,4.95,41.86,113.72,6.52,4.66,8.12,32431,2,Restricted Irrigation,Moderate Water Quality Profile Suitable for Restricted Irrigation,E_coli_exceeds_indoor(32431CFU),Secondary Settling / Disc Filtration & Drip Irrigation Barrier Required,Restricted Non-Potable Landscape Irrigation
591,Mixed,7.24,24.06,0.33,59.1,406.16,441.57,83.99,708.41,2.92,202.86,342.18,9.65,7.44,24.44,206992,1,Bio-filtration,Elevated Organic / Particulate / Biological Load,"BOD_elevated(202.9mg/L), COD_elevated(342.2mg/L), E_coli_elevated(206992CFU)",Biological Oxidation & Sand Bio-filtration Required,Treatment Pathway Mandated
592,Laundry,6.49,32.87,0.38,83.1,317.04,332.6,180.66,742.04,1.14,373.82,566.43,10.78,6.68,16.58,20216,1,Bio-filtration,Elevated Organic / Particulate / Biological Load,"BOD_elevated(373.8mg/L), COD_elevated(566.4mg/L), TSS_elevated(180.7mg/L), TUR_elevated(83.1NTU), DO_depleted(1.14mg/L)",Biological Oxidation & Sand Bio-filtration Required,Treatment Pathway Mandated
593,Laundry,7.2,24.84,0.36,147.94,237.25,249.01,219.69,511.93,0.35,478.3,669.63,7.86,2.19,13.05,42450,0,Sewer Bypass,Severe Contamination / Environmental Hazard,"BOD_severe(478.3mg/L), TUR_severe(147.9NTU), Septic_Anoxic(DO=0.35,BOD=478.3,COD=669.6)",No Treatment Viable - Direct Sewer Bypass,Critical Hazard Failsafe
594,Laundry,6.82,18.0,0.33,91.95,576.59,562.58,87.12,538.35,3.86,296.32,414.85,12.62,5.76,28.4,78726,1,Bio-filtration,Elevated Organic / Particulate / Biological Load,"BOD_elevated(296.3mg/L), COD_elevated(414.9mg/L), TUR_elevated(92.0NTU), E_coli_elevated(78726CFU)",Biological Oxidation & Sand Bio-filtration Required,Treatment Pathway Mandated
595,Bathroom,7.14,23.62,0.17,18.21,239.59,228.73,37.97,552.83,3.12,75.05,105.07,6.89,9.46,24.92,12736,2,Restricted Irrigation,Moderate Water Quality Profile Suitable for Restricted Irrigation,"BOD_exceeds_indoor(75.0mg/L), DO_low_for_indoor(3.12mg/L)",Secondary Settling / Disc Filtration & Drip Irrigation Barrier Required,Restricted Non-Potable Landscape Irrigation
596,Bathroom,6.76,19.62,0.29,35.96,291.14,293.61,79.46,496.39,3.67,39.59,154.44,10.43,6.59,16.75,44268,2,Restricted Irrigation,Moderate Water Quality Profile Suitable for Restricted Irrigation,"COD_exceeds_indoor(154.4mg/L), TSS_exceeds_indoor(79.5mg/L), TUR_exceeds_indoor(36.0NTU), E_coli_exceeds_indoor(44268CFU), SAL_exceeds_indoor(0.29ppt)",Secondary Settling / Disc Filtration & Drip Irrigation Barrier Required,Restricted Non-Potable Landscape Irrigation
597,Kitchen,6.85,22.21,0.56,108.66,321.07,340.21,177.27,1106.04,0.3,494.12,773.91,15.95,7.73,23.07,131410,0,Sewer Bypass,Severe Contamination / Environmental Hazard,"BOD_severe(494.1mg/L), Septic_Anoxic(DO=0.30,BOD=494.1,COD=773.9)",No Treatment Viable - Direct Sewer Bypass,Critical Hazard Failsafe
598,Kitchen,6.82,19.27,0.46,106.29,184.88,179.18,219.88,725.73,0.3,493.94,691.51,12.35,6.22,17.79,494381,0,Sewer Bypass,Severe Contamination / Environmental Hazard,"BOD_severe(493.9mg/L), Septic_Anoxic(DO=0.30,BOD=493.9,COD=691.5)",No Treatment Viable - Direct Sewer Bypass,Critical Hazard Failsafe
599,Mixed,7.67,27.0,0.27,88.22,233.83,263.57,132.15,448.01,3.99,98.6,251.58,16.34,2.86,9.51,31723,1,Bio-filtration,Elevated Organic / Particulate / Biological Load,"TSS_elevated(132.2mg/L), TUR_elevated(88.2NTU)",Biological Oxidation & Sand Bio-filtration Required,Treatment Pathway Mandated
600,Kitchen,7.67,26.08,0.57,89.59,727.74,729.01,160.5,690.43,0.74,317.34,640.95,16.46,6.82,28.11,570755,0,Sewer Bypass,Severe Contamination / Environmental Hazard,"E_coli_severe(570755CFU), Septic_Anoxic(DO=0.74,BOD=317.3,COD=641.0)",No Treatment Viable - Direct Sewer Bypass,Critical Hazard Failsafe
601,Laundry,7.06,24.72,0.42,129.59,521.5,490.07,251.35,765.91,2.29,268.9,491.09,14.12,8.44,20.9,50356,0,Sewer Bypass,Severe Contamination / Environmental Hazard,TSS_severe(251.3mg/L),No Treatment Viable - Direct Sewer Bypass,Critical Hazard Failsafe
602,Mixed,7.19,21.05,0.31,102.79,276.06,276.42,197.82,588.42,5.19,109.58,198.3,10.1,8.06,23.07,46416,1,Bio-filtration,Elevated Organic / Particulate / Biological Load,"TSS_elevated(197.8mg/L), TUR_elevated(102.8NTU)",Biological Oxidation & Sand Bio-filtration Required,Treatment Pathway Mandated
603,Mixed,7.45,27.2,0.31,38.67,306.5,311.64,60.93,508.91,2.92,295.14,413.19,11.41,4.63,15.29,136438,1,Bio-filtration,Elevated Organic / Particulate / Biological Load,"BOD_elevated(295.1mg/L), COD_elevated(413.2mg/L), E_coli_elevated(136438CFU)",Biological Oxidation & Sand Bio-filtration Required,Treatment Pathway Mandated
604,Kitchen,7.65,27.84,0.59,165.9,822.31,828.39,257.84,946.66,1.4,235.81,330.14,11.82,6.54,18.52,426950,0,Sewer Bypass,Severe Contamination / Environmental Hazard,"TSS_severe(257.8mg/L), TUR_severe(165.9NTU), TDS_severe(828.4mg/L)",No Treatment Viable - Direct Sewer Bypass,Critical Hazard Failsafe
605,Mixed,7.35,33.07,0.2,73.43,219.57,224.43,154.32,480.73,4.5,166.42,232.99,8.87,9.16,4.75,80101,1,Bio-filtration,Elevated Organic / Particulate / Biological Load,"BOD_elevated(166.4mg/L), TSS_elevated(154.3mg/L), TUR_elevated(73.4NTU), E_coli_elevated(80101CFU)",Biological Oxidation & Sand Bio-filtration Required,Treatment Pathway Mandated
606,Mixed,7.8,22.99,0.31,61.38,270.56,290.1,117.24,386.13,2.54,193.02,277.42,15.02,7.66,11.15,19189,1,Bio-filtration,Elevated Organic / Particulate / Biological Load,"BOD_elevated(193.0mg/L), TSS_elevated(117.2mg/L), TUR_elevated(61.4NTU)",Biological Oxidation & Sand Bio-filtration Required,Treatment Pathway Mandated
607,Mixed,6.97,29.45,0.28,71.27,386.56,408.22,98.63,666.23,3.1,171.94,240.71,14.62,4.74,22.2,6803,1,Bio-filtration,Elevated Organic / Particulate / Biological Load,"BOD_elevated(171.9mg/L), TSS_elevated(98.6mg/L), TUR_elevated(71.3NTU)",Biological Oxidation & Sand Bio-filtration Required,Treatment Pathway Mandated
608,Bathroom,6.8,26.23,0.22,56.35,179.41,181.8,128.22,433.71,4.15,58.12,81.36,13.98,7.16,13.94,22394,1,Bio-filtration,Elevated Organic / Particulate / Biological Load,TSS_elevated(128.2mg/L),Biological Oxidation & Sand Bio-filtration Required,Treatment Pathway Mandated
609,Kitchen,7.6,30.48,0.47,96.63,887.34,876.25,203.38,685.2,0.3,304.28,714.89,14.54,8.74,28.03,76293,0,Sewer Bypass,Severe Contamination / Environmental Hazard,"TDS_severe(876.2mg/L), Septic_Anoxic(DO=0.30,BOD=304.3,COD=714.9)",No Treatment Viable - Direct Sewer Bypass,Critical Hazard Failsafe
610,Laundry,6.62,28.35,0.42,89.9,479.39,487.15,206.0,488.14,2.56,239.29,521.36,15.48,9.04,21.44,71665,1,Bio-filtration,Elevated Organic / Particulate / Biological Load,"BOD_elevated(239.3mg/L), COD_elevated(521.4mg/L), TSS_elevated(206.0mg/L), TUR_elevated(89.9NTU)",Biological Oxidation & Sand Bio-filtration Required,Treatment Pathway Mandated
611,Laundry,6.81,19.19,0.33,139.55,380.8,388.48,293.82,470.96,0.73,453.27,634.57,14.29,8.32,22.5,18466,0,Sewer Bypass,Severe Contamination / Environmental Hazard,"BOD_severe(453.3mg/L), TSS_severe(293.8mg/L), Septic_Anoxic(DO=0.73,BOD=453.3,COD=634.6)",No Treatment Viable - Direct Sewer Bypass,Critical Hazard Failsafe
612,Kitchen,7.97,31.35,0.53,113.6,386.32,385.49,228.83,565.0,0.3,650.0,910.0,13.72,9.64,22.02,612821,0,Sewer Bypass,Severe Contamination / Environmental Hazard,"BOD_severe(650.0mg/L), COD_severe(910.0mg/L), E_coli_severe(612821CFU), Septic_Anoxic(DO=0.30,BOD=650.0,COD=910.0)",No Treatment Viable - Direct Sewer Bypass,Critical Hazard Failsafe
613,Mixed,7.39,32.64,0.27,45.7,336.23,346.1,110.69,590.33,1.76,164.1,229.74,13.79,5.35,15.88,160684,1,Bio-filtration,Elevated Organic / Particulate / Biological Load,"BOD_elevated(164.1mg/L), TSS_elevated(110.7mg/L), E_coli_elevated(160684CFU), DO_depleted(1.76mg/L)",Biological Oxidation & Sand Bio-filtration Required,Treatment Pathway Mandated
614,Mixed,7.79,29.41,0.4,108.86,369.17,379.77,207.73,387.38,3.59,20.0,238.44,5.14,4.51,26.89,211139,1,Bio-filtration,Elevated Organic / Particulate / Biological Load,"TSS_elevated(207.7mg/L), TUR_elevated(108.9NTU), E_coli_elevated(211139CFU)",Biological Oxidation & Sand Bio-filtration Required,Treatment Pathway Mandated
615,Bathroom,6.76,24.89,0.29,19.36,322.26,339.22,17.71,532.05,3.94,76.19,126.66,17.09,6.38,20.69,11660,2,Restricted Irrigation,Moderate Water Quality Profile Suitable for Restricted Irrigation,"BOD_exceeds_indoor(76.2mg/L), COD_exceeds_indoor(126.7mg/L), TDS_exceeds_indoor(339.2mg/L), SAL_exceeds_indoor(0.29ppt)",Secondary Settling / Disc Filtration & Drip Irrigation Barrier Required,Restricted Non-Potable Landscape Irrigation
616,Kitchen,7.64,20.45,0.61,100.59,357.95,382.51,237.67,730.29,1.07,562.42,787.38,18.56,6.72,21.49,944422,0,Sewer Bypass,Severe Contamination / Environmental Hazard,"BOD_severe(562.4mg/L), E_coli_severe(944422CFU), SAL_severe(0.61ppt)",No Treatment Viable - Direct Sewer Bypass,Critical Hazard Failsafe
617,Kitchen,7.18,22.68,0.5,77.25,783.03,779.0,120.38,432.41,1.04,426.7,683.65,12.31,8.01,25.4,269642,0,Sewer Bypass,Severe Contamination / Environmental Hazard,BOD_severe(426.7mg/L),No Treatment Viable - Direct Sewer Bypass,Critical Hazard Failsafe
618,Laundry,6.96,29.36,0.43,110.25,302.5,310.28,237.71,835.35,2.33,171.89,386.66,11.34,5.66,11.04,25849,1,Bio-filtration,Elevated Organic / Particulate / Biological Load,"BOD_elevated(171.9mg/L), COD_elevated(386.7mg/L), TSS_elevated(237.7mg/L), TUR_elevated(110.2NTU)",Biological Oxidation & Sand Bio-filtration Required,Treatment Pathway Mandated
619,Bathroom,6.27,18.0,0.13,33.39,490.03,474.9,45.4,537.93,4.37,26.13,75.51,7.66,6.12,22.44,14279,2,Restricted Irrigation,Moderate Water Quality Profile Suitable for Restricted Irrigation,"TSS_exceeds_indoor(45.4mg/L), TUR_exceeds_indoor(33.4NTU), TDS_exceeds_indoor(474.9mg/L), pH_outside_indoor(6.27)",Secondary Settling / Disc Filtration & Drip Irrigation Barrier Required,Restricted Non-Potable Landscape Irrigation
620,Bathroom,7.01,22.08,0.24,18.53,151.92,154.09,30.54,296.21,3.3,27.53,205.55,11.14,8.07,9.54,21580,2,Restricted Irrigation,Moderate Water Quality Profile Suitable for Restricted Irrigation,"COD_exceeds_indoor(205.6mg/L), E_coli_exceeds_indoor(21580CFU), DO_low_for_indoor(3.30mg/L)",Secondary Settling / Disc Filtration & Drip Irrigation Barrier Required,Restricted Non-Potable Landscape Irrigation
621,Mixed,7.49,27.52,0.39,73.22,194.83,198.37,115.77,594.21,3.49,202.8,336.62,13.8,9.09,14.81,82471,1,Bio-filtration,Elevated Organic / Particulate / Biological Load,"BOD_elevated(202.8mg/L), COD_elevated(336.6mg/L), TSS_elevated(115.8mg/L), TUR_elevated(73.2NTU), E_coli_elevated(82471CFU)",Biological Oxidation & Sand Bio-filtration Required,Treatment Pathway Mandated
622,Laundry,7.23,24.79,0.51,50.6,469.81,493.63,63.59,735.98,0.3,97.47,733.22,7.86,9.31,17.76,87528,0,Sewer Bypass,Severe Contamination / Environmental Hazard,"Septic_Anoxic(DO=0.30,BOD=97.5,COD=733.2)",No Treatment Viable - Direct Sewer Bypass,Critical Hazard Failsafe
623,Mixed,7.57,19.28,0.25,66.64,347.96,336.36,82.89,501.74,2.51,93.8,418.38,7.18,4.54,14.23,43584,1,Bio-filtration,Elevated Organic / Particulate / Biological Load,"COD_elevated(418.4mg/L), TUR_elevated(66.6NTU)",Biological Oxidation & Sand Bio-filtration Required,Treatment Pathway Mandated
624,Laundry,6.46,25.84,0.39,83.06,321.01,332.24,158.47,575.5,0.3,521.77,940.76,12.17,3.85,22.27,53704,0,Sewer Bypass,Severe Contamination / Environmental Hazard,"BOD_severe(521.8mg/L), COD_severe(940.8mg/L), Septic_Anoxic(DO=0.30,BOD=521.8,COD=940.8)",No Treatment Viable - Direct Sewer Bypass,Critical Hazard Failsafe
625,Mixed,7.38,35.99,0.25,64.76,392.25,399.92,99.43,683.98,2.55,245.75,344.05,7.33,3.74,15.86,6154,1,Bio-filtration,Elevated Organic / Particulate / Biological Load,"BOD_elevated(245.8mg/L), COD_elevated(344.1mg/L), TSS_elevated(99.4mg/L), TUR_elevated(64.8NTU)",Biological Oxidation & Sand Bio-filtration Required,Treatment Pathway Mandated
626,Laundry,6.82,24.71,0.52,121.27,451.47,484.56,193.26,624.38,1.67,187.9,403.97,4.89,6.01,20.28,288526,1,Bio-filtration,Elevated Organic / Particulate / Biological Load,"BOD_elevated(187.9mg/L), COD_elevated(404.0mg/L), TSS_elevated(193.3mg/L), TUR_elevated(121.3NTU), E_coli_elevated(288526CFU), DO_depleted(1.67mg/L)",Biological Oxidation & Sand Bio-filtration Required,Treatment Pathway Mandated
627,Mixed,7.66,37.79,0.37,63.32,276.22,304.21,133.82,564.99,3.14,87.1,336.92,9.86,4.42,22.51,543920,0,Sewer Bypass,Severe Contamination / Environmental Hazard,E_coli_severe(543920CFU),No Treatment Viable - Direct Sewer Bypass,Critical Hazard Failsafe
628,Bathroom,6.61,30.24,0.23,5.0,297.57,336.16,10.0,362.96,4.1,73.45,102.83,7.05,8.73,19.2,6162,2,Restricted Irrigation,Moderate Water Quality Profile Suitable for Restricted Irrigation,"BOD_exceeds_indoor(73.5mg/L), TDS_exceeds_indoor(336.2mg/L)",Secondary Settling / Disc Filtration & Drip Irrigation Barrier Required,Restricted Non-Potable Landscape Irrigation
629,Laundry,6.74,34.0,0.26,118.75,295.76,311.55,201.19,578.33,0.3,204.11,802.56,10.65,6.13,27.76,80713,0,Sewer Bypass,Severe Contamination / Environmental Hazard,"COD_severe(802.6mg/L), Septic_Anoxic(DO=0.30,BOD=204.1,COD=802.6)",No Treatment Viable - Direct Sewer Bypass,Critical Hazard Failsafe
630,Mixed,7.68,24.31,0.26,59.1,307.74,331.24,100.96,662.34,2.09,160.01,374.42,14.78,6.33,16.14,9396,1,Bio-filtration,Elevated Organic / Particulate / Biological Load,"BOD_elevated(160.0mg/L), COD_elevated(374.4mg/L), TSS_elevated(101.0mg/L)",Biological Oxidation & Sand Bio-filtration Required,Treatment Pathway Mandated
631,Mixed,7.17,28.67,0.42,104.71,388.17,386.22,131.5,533.96,3.18,103.19,401.35,10.65,5.19,12.86,413176,1,Bio-filtration,Elevated Organic / Particulate / Biological Load,"COD_elevated(401.4mg/L), TSS_elevated(131.5mg/L), TUR_elevated(104.7NTU), E_coli_elevated(413176CFU)",Biological Oxidation & Sand Bio-filtration Required,Treatment Pathway Mandated
632,Mixed,7.52,28.53,0.26,55.61,322.6,333.75,110.1,642.89,1.75,66.14,308.85,7.7,4.6,19.46,508310,0,Sewer Bypass,Severe Contamination / Environmental Hazard,E_coli_severe(508310CFU),No Treatment Viable - Direct Sewer Bypass,Critical Hazard Failsafe
633,Bathroom,6.32,37.23,0.25,32.14,279.35,309.22,72.28,524.96,4.88,20.0,133.36,7.35,7.94,22.3,10534,2,Restricted Irrigation,Moderate Water Quality Profile Suitable for Restricted Irrigation,"COD_exceeds_indoor(133.4mg/L), TSS_exceeds_indoor(72.3mg/L), TUR_exceeds_indoor(32.1NTU), TDS_exceeds_indoor(309.2mg/L), pH_outside_indoor(6.32)",Secondary Settling / Disc Filtration & Drip Irrigation Barrier Required,Restricted Non-Potable Landscape Irrigation
634,Laundry,7.46,27.2,0.29,96.65,426.29,442.77,59.58,631.84,0.64,462.15,839.77,13.98,4.1,15.35,558172,0,Sewer Bypass,Severe Contamination / Environmental Hazard,"BOD_severe(462.1mg/L), COD_severe(839.8mg/L), E_coli_severe(558172CFU), Septic_Anoxic(DO=0.64,BOD=462.1,COD=839.8)",No Treatment Viable - Direct Sewer Bypass,Critical Hazard Failsafe
635,Bathroom,6.76,18.0,0.25,47.62,416.75,406.04,107.97,663.7,4.71,20.0,131.27,7.76,5.26,13.27,7344,1,Bio-filtration,Elevated Organic / Particulate / Biological Load,TSS_elevated(108.0mg/L),Biological Oxidation & Sand Bio-filtration Required,Treatment Pathway Mandated
636,Bathroom,7.64,35.43,0.13,34.97,279.59,303.65,73.05,730.45,4.49,65.21,154.53,15.55,10.32,15.39,39208,2,Restricted Irrigation,Moderate Water Quality Profile Suitable for Restricted Irrigation,"BOD_exceeds_indoor(65.2mg/L), COD_exceeds_indoor(154.5mg/L), TSS_exceeds_indoor(73.0mg/L), TUR_exceeds_indoor(35.0NTU), E_coli_exceeds_indoor(39208CFU), TDS_exceeds_indoor(303.6mg/L)",Secondary Settling / Disc Filtration & Drip Irrigation Barrier Required,Restricted Non-Potable Landscape Irrigation
637,Kitchen,7.43,24.16,0.51,131.37,698.29,720.87,184.38,759.37,0.67,232.06,776.82,15.4,4.52,19.93,709957,0,Sewer Bypass,Severe Contamination / Environmental Hazard,"E_coli_severe(709957CFU), Septic_Anoxic(DO=0.67,BOD=232.1,COD=776.8)",No Treatment Viable - Direct Sewer Bypass,Critical Hazard Failsafe
638,Kitchen,7.34,27.14,0.48,112.65,809.47,803.95,259.19,855.19,0.3,619.53,909.8,22.99,5.77,31.11,657812,0,Sewer Bypass,Severe Contamination / Environmental Hazard,"BOD_severe(619.5mg/L), COD_severe(909.8mg/L), TSS_severe(259.2mg/L), E_coli_severe(657812CFU), TDS_severe(804.0mg/L), Septic_Anoxic(DO=0.30,BOD=619.5,COD=909.8)",No Treatment Viable - Direct Sewer Bypass,Critical Hazard Failsafe
639,Mixed,6.98,29.62,0.22,82.79,547.84,588.88,202.4,552.19,2.35,152.32,300.26,11.53,7.84,22.02,40717,1,Bio-filtration,Elevated Organic / Particulate / Biological Load,"BOD_elevated(152.3mg/L), COD_elevated(300.3mg/L), TSS_elevated(202.4mg/L), TUR_elevated(82.8NTU)",Biological Oxidation & Sand Bio-filtration Required,Treatment Pathway Mandated
640,Mixed,7.25,26.98,0.33,69.94,427.06,439.87,81.75,478.87,3.8,231.94,436.27,12.0,7.49,11.33,107595,1,Bio-filtration,Elevated Organic / Particulate / Biological Load,"BOD_elevated(231.9mg/L), COD_elevated(436.3mg/L), TUR_elevated(69.9NTU), E_coli_elevated(107595CFU)",Biological Oxidation & Sand Bio-filtration Required,Treatment Pathway Mandated
641,Kitchen,7.02,26.72,0.47,180.0,605.83,654.64,350.0,748.91,0.3,644.44,961.37,16.1,5.67,29.53,203815,0,Sewer Bypass,Severe Contamination / Environmental Hazard,"BOD_severe(644.4mg/L), COD_severe(961.4mg/L), TSS_severe(350.0mg/L), TUR_severe(180.0NTU), Septic_Anoxic(DO=0.30,BOD=644.4,COD=961.4)",No Treatment Viable - Direct Sewer Bypass,Critical Hazard Failsafe
642,Mixed,6.22,37.89,0.29,69.16,365.26,363.99,138.98,644.48,4.17,81.29,329.42,6.63,4.07,23.56,44311,1,Bio-filtration,Elevated Organic / Particulate / Biological Load,"COD_elevated(329.4mg/L), TSS_elevated(139.0mg/L), TUR_elevated(69.2NTU)",Biological Oxidation & Sand Bio-filtration Required,Treatment Pathway Mandated
643,Bathroom,6.86,25.32,0.34,34.2,138.71,147.81,65.11,546.7,4.54,95.47,198.82,8.84,4.46,14.31,35920,2,Restricted Irrigation,Moderate Water Quality Profile Suitable for Restricted Irrigation,"BOD_exceeds_indoor(95.5mg/L), COD_exceeds_indoor(198.8mg/L), TSS_exceeds_indoor(65.1mg/L), TUR_exceeds_indoor(34.2NTU), E_coli_exceeds_indoor(35920CFU), SAL_exceeds_indoor(0.34ppt)",Secondary Settling / Disc Filtration & Drip Irrigation Barrier Required,Restricted Non-Potable Landscape Irrigation
644,Bathroom,7.29,29.8,0.18,33.52,349.71,346.1,73.6,516.17,4.61,36.13,99.0,10.62,3.02,14.67,25508,2,Restricted Irrigation,Moderate Water Quality Profile Suitable for Restricted Irrigation,"TSS_exceeds_indoor(73.6mg/L), TUR_exceeds_indoor(33.5NTU), E_coli_exceeds_indoor(25508CFU), TDS_exceeds_indoor(346.1mg/L)",Secondary Settling / Disc Filtration & Drip Irrigation Barrier Required,Restricted Non-Potable Landscape Irrigation
645,Kitchen,7.09,28.95,0.53,107.09,451.99,469.78,211.66,684.11,0.3,415.47,581.66,8.09,4.81,12.45,105944,0,Sewer Bypass,Severe Contamination / Environmental Hazard,"BOD_severe(415.5mg/L), Septic_Anoxic(DO=0.30,BOD=415.5,COD=581.7)",No Treatment Viable - Direct Sewer Bypass,Critical Hazard Failsafe
646,Mixed,7.88,20.8,0.35,58.57,528.29,541.1,95.74,530.15,2.14,268.53,375.94,6.51,5.73,13.09,44023,1,Bio-filtration,Elevated Organic / Particulate / Biological Load,"BOD_elevated(268.5mg/L), COD_elevated(375.9mg/L), TSS_elevated(95.7mg/L)",Biological Oxidation & Sand Bio-filtration Required,Treatment Pathway Mandated
647,Bathroom,6.68,31.83,0.22,28.77,280.7,313.34,53.49,376.1,3.86,103.65,172.41,22.35,4.96,22.53,4319,2,Restricted Irrigation,Moderate Water Quality Profile Suitable for Restricted Irrigation,"BOD_exceeds_indoor(103.7mg/L), COD_exceeds_indoor(172.4mg/L), TSS_exceeds_indoor(53.5mg/L), TUR_exceeds_indoor(28.8NTU), TDS_exceeds_indoor(313.3mg/L)",Secondary Settling / Disc Filtration & Drip Irrigation Barrier Required,Restricted Non-Potable Landscape Irrigation
648,Laundry,6.81,20.93,0.43,103.55,414.35,437.22,237.29,573.91,1.28,371.9,520.66,13.79,7.36,25.66,64466,1,Bio-filtration,Elevated Organic / Particulate / Biological Load,"BOD_elevated(371.9mg/L), COD_elevated(520.7mg/L), TSS_elevated(237.3mg/L), TUR_elevated(103.5NTU), DO_depleted(1.28mg/L)",Biological Oxidation & Sand Bio-filtration Required,Treatment Pathway Mandated
649,Kitchen,7.29,23.07,0.5,133.86,518.67,546.52,235.29,957.84,0.3,241.9,805.77,9.21,3.43,26.21,96515,0,Sewer Bypass,Severe Contamination / Environmental Hazard,"COD_severe(805.8mg/L), Septic_Anoxic(DO=0.30,BOD=241.9,COD=805.8)",No Treatment Viable - Direct Sewer Bypass,Critical Hazard Failsafe
650,Bathroom,6.8,26.78,0.17,27.71,237.29,246.18,44.61,468.67,4.45,29.62,132.76,2.73,6.74,19.51,53006,2,Restricted Irrigation,Moderate Water Quality Profile Suitable for Restricted Irrigation,"COD_exceeds_indoor(132.8mg/L), TUR_exceeds_indoor(27.7NTU), E_coli_exceeds_indoor(53006CFU)",Secondary Settling / Disc Filtration & Drip Irrigation Barrier Required,Restricted Non-Potable Landscape Irrigation
651,Laundry,7.0,29.87,0.54,167.65,359.1,391.1,186.04,926.51,2.33,176.44,402.54,15.54,3.67,8.03,698923,0,Sewer Bypass,Severe Contamination / Environmental Hazard,"TUR_severe(167.7NTU), E_coli_severe(698923CFU)",No Treatment Viable - Direct Sewer Bypass,Critical Hazard Failsafe
652,Mixed,7.41,29.04,0.14,60.33,338.29,376.11,85.77,563.3,3.19,140.64,261.76,7.91,3.64,8.53,80902,1,Bio-filtration,Elevated Organic / Particulate / Biological Load,"BOD_elevated(140.6mg/L), TUR_elevated(60.3NTU), E_coli_elevated(80902CFU)",Biological Oxidation & Sand Bio-filtration Required,Treatment Pathway Mandated
653,Kitchen,7.29,20.81,0.45,122.63,514.95,546.91,101.71,983.48,1.67,358.86,502.4,17.99,7.5,25.85,208725,1,Bio-filtration,Elevated Organic / Particulate / Biological Load,"BOD_elevated(358.9mg/L), COD_elevated(502.4mg/L), TSS_elevated(101.7mg/L), TUR_elevated(122.6NTU), E_coli_elevated(208725CFU), DO_depleted(1.67mg/L)",Biological Oxidation & Sand Bio-filtration Required,Treatment Pathway Mandated
654,Bathroom,7.14,18.98,0.27,31.11,263.44,261.11,48.91,551.68,4.92,80.47,123.91,2.39,1.96,4.5,43891,2,Restricted Irrigation,Moderate Water Quality Profile Suitable for Restricted Irrigation,"BOD_exceeds_indoor(80.5mg/L), TSS_exceeds_indoor(48.9mg/L), TUR_exceeds_indoor(31.1NTU), E_coli_exceeds_indoor(43891CFU)",Secondary Settling / Disc Filtration & Drip Irrigation Barrier Required,Restricted Non-Potable Landscape Irrigation
655,Mixed,7.54,31.04,0.38,49.59,261.91,274.21,121.48,764.27,2.15,181.19,440.22,9.15,5.47,11.22,58761,1,Bio-filtration,Elevated Organic / Particulate / Biological Load,"BOD_elevated(181.2mg/L), COD_elevated(440.2mg/L), TSS_elevated(121.5mg/L)",Biological Oxidation & Sand Bio-filtration Required,Treatment Pathway Mandated
656,Laundry,6.51,31.61,0.3,113.08,549.79,614.41,300.31,421.3,0.46,210.47,787.16,10.18,4.23,14.34,248304,0,Sewer Bypass,Severe Contamination / Environmental Hazard,"TSS_severe(300.3mg/L), Septic_Anoxic(DO=0.46,BOD=210.5,COD=787.2)",No Treatment Viable - Direct Sewer Bypass,Critical Hazard Failsafe
657,Mixed,7.58,33.09,0.28,74.03,91.02,100.0,148.74,503.23,2.97,89.39,399.5,11.35,4.64,14.38,18370,1,Bio-filtration,Elevated Organic / Particulate / Biological Load,"COD_elevated(399.5mg/L), TSS_elevated(148.7mg/L), TUR_elevated(74.0NTU)",Biological Oxidation & Sand Bio-filtration Required,Treatment Pathway Mandated
658,Bathroom,6.95,18.0,0.27,15.79,266.84,252.93,15.63,371.27,4.73,93.93,139.2,8.06,4.62,16.2,10354,2,Restricted Irrigation,Moderate Water Quality Profile Suitable for Restricted Irrigation,"BOD_exceeds_indoor(93.9mg/L), COD_exceeds_indoor(139.2mg/L)",Secondary Settling / Disc Filtration & Drip Irrigation Barrier Required,Restricted Non-Potable Landscape Irrigation
659,Laundry,7.15,19.77,0.5,124.59,413.93,435.07,132.15,511.27,0.74,256.64,592.62,11.73,3.19,19.03,115893,1,Bio-filtration,Elevated Organic / Particulate / Biological Load,"BOD_elevated(256.6mg/L), COD_elevated(592.6mg/L), TSS_elevated(132.2mg/L), TUR_elevated(124.6NTU), E_coli_elevated(115893CFU), DO_depleted(0.74mg/L)",Biological Oxidation & Sand Bio-filtration Required,Treatment Pathway Mandated
660,Laundry,7.01,22.93,0.32,83.63,475.1,499.3,139.72,948.95,2.16,401.01,561.41,16.85,5.33,13.4,11151,0,Sewer Bypass,Severe Contamination / Environmental Hazard,BOD_severe(401.0mg/L),No Treatment Viable - Direct Sewer Bypass,Critical Hazard Failsafe
661,Bathroom,6.78,29.37,0.24,21.8,259.6,288.14,36.94,382.81,4.02,43.98,75.84,4.92,2.77,21.74,13951,3,Indoor Reuse,Low-Risk Domestic Influent Suitable for Indoor Non-Potable Package Train,All parameters compliant with Indoor Reuse Influent Envelope,Onsite Package Microfiltration & Chlorination/UV Disinfection Required,Low-Risk Non-Potable Reuse
662,Mixed,6.53,24.2,0.4,85.81,259.7,254.63,121.38,613.68,2.66,188.81,264.34,15.51,4.63,20.7,45522,1,Bio-filtration,Elevated Organic / Particulate / Biological Load,"BOD_elevated(188.8mg/L), TSS_elevated(121.4mg/L), TUR_elevated(85.8NTU)",Biological Oxidation & Sand Bio-filtration Required,Treatment Pathway Mandated
663,Bathroom,7.05,20.76,0.21,27.55,200.08,206.47,50.74,575.33,3.35,34.53,138.31,12.83,5.8,13.47,31750,2,Restricted Irrigation,Moderate Water Quality Profile Suitable for Restricted Irrigation,"COD_exceeds_indoor(138.3mg/L), TSS_exceeds_indoor(50.7mg/L), TUR_exceeds_indoor(27.6NTU), E_coli_exceeds_indoor(31750CFU), DO_low_for_indoor(3.35mg/L)",Secondary Settling / Disc Filtration & Drip Irrigation Barrier Required,Restricted Non-Potable Landscape Irrigation
664,Bathroom,6.97,19.54,0.21,22.0,355.33,368.85,22.95,562.11,5.33,35.76,77.91,0.67,3.38,18.13,96940,1,Bio-filtration,Elevated Organic / Particulate / Biological Load,E_coli_elevated(96940CFU),Biological Oxidation & Sand Bio-filtration Required,Treatment Pathway Mandated
665,Laundry,7.09,23.19,0.46,145.85,247.69,255.19,294.55,526.25,0.3,222.44,671.38,12.68,5.19,21.58,76557,0,Sewer Bypass,Severe Contamination / Environmental Hazard,"TSS_severe(294.6mg/L), TUR_severe(145.8NTU), Septic_Anoxic(DO=0.30,BOD=222.4,COD=671.4)",No Treatment Viable - Direct Sewer Bypass,Critical Hazard Failsafe
666,Kitchen,7.84,29.28,0.47,114.64,735.67,741.78,230.71,401.86,1.14,543.77,761.28,18.98,5.07,13.15,84921,0,Sewer Bypass,Severe Contamination / Environmental Hazard,BOD_severe(543.8mg/L),No Treatment Viable - Direct Sewer Bypass,Critical Hazard Failsafe
667,Mixed,8.03,23.12,0.43,46.93,233.23,231.24,79.35,470.82,2.37,197.09,275.92,15.59,6.28,7.72,11767,1,Bio-filtration,Elevated Organic / Particulate / Biological Load,BOD_elevated(197.1mg/L),Biological Oxidation & Sand Bio-filtration Required,Treatment Pathway Mandated
668,Mixed,6.91,21.42,0.3,18.45,204.17,221.15,29.37,764.15,2.69,149.28,353.47,11.84,6.51,15.93,1113163,0,Sewer Bypass,Severe Contamination / Environmental Hazard,E_coli_severe(1113163CFU),No Treatment Viable - Direct Sewer Bypass,Critical Hazard Failsafe
669,Bathroom,7.32,22.13,0.28,39.54,208.77,213.49,46.7,387.51,4.77,76.95,152.87,10.65,6.2,12.68,45093,2,Restricted Irrigation,Moderate Water Quality Profile Suitable for Restricted Irrigation,"BOD_exceeds_indoor(77.0mg/L), COD_exceeds_indoor(152.9mg/L), TSS_exceeds_indoor(46.7mg/L), TUR_exceeds_indoor(39.5NTU), E_coli_exceeds_indoor(45093CFU)",Secondary Settling / Disc Filtration & Drip Irrigation Barrier Required,Restricted Non-Potable Landscape Irrigation
670,Laundry,7.26,26.72,0.39,91.11,609.36,635.29,167.11,733.51,1.3,188.12,611.44,18.19,8.03,18.55,165850,1,Bio-filtration,Elevated Organic / Particulate / Biological Load,"BOD_elevated(188.1mg/L), COD_elevated(611.4mg/L), TSS_elevated(167.1mg/L), TUR_elevated(91.1NTU), E_coli_elevated(165850CFU), DO_depleted(1.30mg/L)",Biological Oxidation & Sand Bio-filtration Required,Treatment Pathway Mandated
671,Bathroom,7.11,32.89,0.3,28.58,282.84,295.85,52.19,414.13,3.86,64.2,188.48,7.32,7.16,12.47,59187,2,Restricted Irrigation,Moderate Water Quality Profile Suitable for Restricted Irrigation,"BOD_exceeds_indoor(64.2mg/L), COD_exceeds_indoor(188.5mg/L), TSS_exceeds_indoor(52.2mg/L), TUR_exceeds_indoor(28.6NTU), E_coli_exceeds_indoor(59187CFU), SAL_exceeds_indoor(0.30ppt)",Secondary Settling / Disc Filtration & Drip Irrigation Barrier Required,Restricted Non-Potable Landscape Irrigation
672,Laundry,7.28,32.66,0.51,107.52,354.16,367.24,211.93,574.97,3.61,344.97,482.96,13.56,3.9,13.36,354181,1,Bio-filtration,Elevated Organic / Particulate / Biological Load,"BOD_elevated(345.0mg/L), COD_elevated(483.0mg/L), TSS_elevated(211.9mg/L), TUR_elevated(107.5NTU), E_coli_elevated(354181CFU)",Biological Oxidation & Sand Bio-filtration Required,Treatment Pathway Mandated
673,Mixed,7.94,31.54,0.38,95.01,442.46,450.44,185.09,618.29,3.91,112.54,376.86,8.86,5.08,21.14,36555,1,Bio-filtration,Elevated Organic / Particulate / Biological Load,"COD_elevated(376.9mg/L), TSS_elevated(185.1mg/L), TUR_elevated(95.0NTU)",Biological Oxidation & Sand Bio-filtration Required,Treatment Pathway Mandated
674,Kitchen,6.94,32.16,0.53,101.06,564.46,603.32,239.97,1016.8,1.77,184.81,615.0,11.53,6.14,22.11,320355,1,Bio-filtration,Elevated Organic / Particulate / Biological Load,"BOD_elevated(184.8mg/L), COD_elevated(615.0mg/L), TSS_elevated(240.0mg/L), TUR_elevated(101.1NTU), E_coli_elevated(320355CFU), DO_depleted(1.77mg/L)",Biological Oxidation & Sand Bio-filtration Required,Treatment Pathway Mandated
675,Laundry,6.89,29.03,0.37,62.18,720.45,759.45,117.63,745.99,1.03,280.88,539.18,13.97,2.82,32.16,176796,1,Bio-filtration,Elevated Organic / Particulate / Biological Load,"BOD_elevated(280.9mg/L), COD_elevated(539.2mg/L), TSS_elevated(117.6mg/L), TUR_elevated(62.2NTU), E_coli_elevated(176796CFU), DO_depleted(1.03mg/L)",Biological Oxidation & Sand Bio-filtration Required,Treatment Pathway Mandated
676,Laundry,7.12,19.19,0.44,68.65,686.02,609.23,160.47,817.41,0.3,185.08,728.09,5.93,2.93,26.02,75536,0,Sewer Bypass,Severe Contamination / Environmental Hazard,"Septic_Anoxic(DO=0.30,BOD=185.1,COD=728.1)",No Treatment Viable - Direct Sewer Bypass,Critical Hazard Failsafe
677,Mixed,7.34,26.93,0.23,39.39,246.51,263.6,45.99,486.22,1.75,196.97,369.4,9.77,9.49,11.05,107246,1,Bio-filtration,Elevated Organic / Particulate / Biological Load,"BOD_elevated(197.0mg/L), COD_elevated(369.4mg/L), E_coli_elevated(107246CFU), DO_depleted(1.75mg/L)",Biological Oxidation & Sand Bio-filtration Required,Treatment Pathway Mandated
678,Laundry,6.94,31.92,0.29,104.82,360.39,374.36,192.52,646.08,0.3,419.23,741.56,13.09,5.6,11.83,12369,0,Sewer Bypass,Severe Contamination / Environmental Hazard,"BOD_severe(419.2mg/L), Septic_Anoxic(DO=0.30,BOD=419.2,COD=741.6)",No Treatment Viable - Direct Sewer Bypass,Critical Hazard Failsafe
679,Bathroom,6.77,25.4,0.1,17.34,296.79,294.87,37.79,504.85,4.52,70.75,136.66,16.81,4.69,2.05,6974,2,Restricted Irrigation,Moderate Water Quality Profile Suitable for Restricted Irrigation,"BOD_exceeds_indoor(70.8mg/L), COD_exceeds_indoor(136.7mg/L)",Secondary Settling / Disc Filtration & Drip Irrigation Barrier Required,Restricted Non-Potable Landscape Irrigation
680,Laundry,7.07,27.12,0.37,54.58,233.48,246.86,67.64,739.03,2.83,209.76,396.69,11.32,6.31,16.6,74427,1,Bio-filtration,Elevated Organic / Particulate / Biological Load,"BOD_elevated(209.8mg/L), COD_elevated(396.7mg/L)",Biological Oxidation & Sand Bio-filtration Required,Treatment Pathway Mandated
681,Bathroom,6.64,23.71,0.23,30.17,410.87,453.48,48.61,531.75,4.12,78.63,115.96,12.44,9.62,25.84,17445,2,Restricted Irrigation,Moderate Water Quality Profile Suitable for Restricted Irrigation,"BOD_exceeds_indoor(78.6mg/L), TSS_exceeds_indoor(48.6mg/L), TUR_exceeds_indoor(30.2NTU), TDS_exceeds_indoor(453.5mg/L)",Secondary Settling / Disc Filtration & Drip Irrigation Barrier Required,Restricted Non-Potable Landscape Irrigation
682,Bathroom,6.98,27.21,0.15,36.8,208.29,208.82,69.66,514.64,4.06,56.37,78.92,6.59,6.1,24.53,35432,2,Restricted Irrigation,Moderate Water Quality Profile Suitable for Restricted Irrigation,"BOD_exceeds_indoor(56.4mg/L), TSS_exceeds_indoor(69.7mg/L), TUR_exceeds_indoor(36.8NTU), E_coli_exceeds_indoor(35432CFU)",Secondary Settling / Disc Filtration & Drip Irrigation Barrier Required,Restricted Non-Potable Landscape Irrigation
683,Bathroom,7.51,29.9,0.25,48.78,405.8,436.0,70.31,599.99,3.81,59.85,118.69,15.38,4.03,21.97,33783,2,Restricted Irrigation,Moderate Water Quality Profile Suitable for Restricted Irrigation,"BOD_exceeds_indoor(59.9mg/L), TSS_exceeds_indoor(70.3mg/L), TUR_exceeds_indoor(48.8NTU), E_coli_exceeds_indoor(33783CFU), TDS_exceeds_indoor(436.0mg/L)",Secondary Settling / Disc Filtration & Drip Irrigation Barrier Required,Restricted Non-Potable Landscape Irrigation
684,Laundry,6.35,23.26,0.59,72.97,475.34,502.83,128.53,438.73,0.76,287.97,634.31,9.71,9.6,9.96,105707,0,Sewer Bypass,Severe Contamination / Environmental Hazard,"Septic_Anoxic(DO=0.76,BOD=288.0,COD=634.3)",No Treatment Viable - Direct Sewer Bypass,Critical Hazard Failsafe
685,Kitchen,6.98,25.18,0.54,93.2,406.22,422.52,60.06,788.32,0.3,159.7,1000.0,9.45,4.57,17.93,554895,0,Sewer Bypass,Severe Contamination / Environmental Hazard,"COD_severe(1000.0mg/L), E_coli_severe(554895CFU), Septic_Anoxic(DO=0.30,BOD=159.7,COD=1000.0)",No Treatment Viable - Direct Sewer Bypass,Critical Hazard Failsafe
686,Laundry,7.77,30.36,0.41,131.18,631.85,651.42,328.81,780.29,2.55,319.24,446.93,6.61,2.28,22.74,26257,0,Sewer Bypass,Severe Contamination / Environmental Hazard,TSS_severe(328.8mg/L),No Treatment Viable - Direct Sewer Bypass,Critical Hazard Failsafe
687,Laundry,6.9,27.62,0.3,101.09,312.1,313.37,177.9,726.96,1.29,260.03,747.39,8.71,4.61,11.76,41496,1,Bio-filtration,Elevated Organic / Particulate / Biological Load,"BOD_elevated(260.0mg/L), COD_elevated(747.4mg/L), TSS_elevated(177.9mg/L), TUR_elevated(101.1NTU), DO_depleted(1.29mg/L)",Biological Oxidation & Sand Bio-filtration Required,Treatment Pathway Mandated
688,Mixed,6.81,26.38,0.27,79.4,241.27,252.28,135.05,683.47,2.82,123.19,211.17,11.96,5.69,16.06,250419,1,Bio-filtration,Elevated Organic / Particulate / Biological Load,"BOD_elevated(123.2mg/L), TSS_elevated(135.1mg/L), TUR_elevated(79.4NTU), E_coli_elevated(250419CFU)",Biological Oxidation & Sand Bio-filtration Required,Treatment Pathway Mandated
689,Mixed,7.77,19.59,0.44,79.74,331.74,352.34,155.29,331.61,2.91,192.96,270.14,4.08,4.7,14.87,18604,1,Bio-filtration,Elevated Organic / Particulate / Biological Load,"BOD_elevated(193.0mg/L), TSS_elevated(155.3mg/L), TUR_elevated(79.7NTU)",Biological Oxidation & Sand Bio-filtration Required,Treatment Pathway Mandated
690,Laundry,7.17,32.75,0.35,94.09,381.74,390.57,168.53,495.73,1.49,246.8,586.91,12.54,2.95,21.18,80273,1,Bio-filtration,Elevated Organic / Particulate / Biological Load,"BOD_elevated(246.8mg/L), COD_elevated(586.9mg/L), TSS_elevated(168.5mg/L), TUR_elevated(94.1NTU), E_coli_elevated(80273CFU), DO_depleted(1.49mg/L)",Biological Oxidation & Sand Bio-filtration Required,Treatment Pathway Mandated
691,Bathroom,7.89,25.26,0.37,38.96,500.97,517.65,68.95,401.96,3.72,29.5,149.43,7.69,2.77,26.48,15149,2,Restricted Irrigation,Moderate Water Quality Profile Suitable for Restricted Irrigation,"COD_exceeds_indoor(149.4mg/L), TSS_exceeds_indoor(69.0mg/L), TUR_exceeds_indoor(39.0NTU), TDS_exceeds_indoor(517.6mg/L), SAL_exceeds_indoor(0.37ppt)",Secondary Settling / Disc Filtration & Drip Irrigation Barrier Required,Restricted Non-Potable Landscape Irrigation
692,Mixed,6.87,32.64,0.38,53.53,360.82,363.13,107.77,272.13,3.32,153.56,265.45,3.86,5.69,10.62,52596,1,Bio-filtration,Elevated Organic / Particulate / Biological Load,"BOD_elevated(153.6mg/L), TSS_elevated(107.8mg/L)",Biological Oxidation & Sand Bio-filtration Required,Treatment Pathway Mandated
693,Bathroom,7.05,31.83,0.13,24.96,401.08,401.93,40.1,387.39,5.38,60.98,96.45,6.2,3.69,19.2,10071,2,Restricted Irrigation,Moderate Water Quality Profile Suitable for Restricted Irrigation,"BOD_exceeds_indoor(61.0mg/L), TDS_exceeds_indoor(401.9mg/L)",Secondary Settling / Disc Filtration & Drip Irrigation Barrier Required,Restricted Non-Potable Landscape Irrigation
694,Laundry,6.9,31.44,0.41,98.9,431.44,445.6,102.67,719.48,0.91,380.0,654.5,17.83,5.84,19.92,58608,0,Sewer Bypass,Severe Contamination / Environmental Hazard,"Septic_Anoxic(DO=0.91,BOD=380.0,COD=654.5)",No Treatment Viable - Direct Sewer Bypass,Critical Hazard Failsafe
695,Mixed,7.46,25.31,0.21,102.48,527.05,529.72,255.55,355.29,3.02,139.42,304.33,3.52,7.59,30.72,252013,0,Sewer Bypass,Severe Contamination / Environmental Hazard,TSS_severe(255.6mg/L),No Treatment Viable - Direct Sewer Bypass,Critical Hazard Failsafe
696,Laundry,7.28,28.02,0.49,66.97,458.79,439.36,109.94,590.94,1.33,411.45,576.03,12.16,6.11,24.11,35801,0,Sewer Bypass,Severe Contamination / Environmental Hazard,BOD_severe(411.4mg/L),No Treatment Viable - Direct Sewer Bypass,Critical Hazard Failsafe
697,Kitchen,7.78,27.46,0.41,180.0,628.55,657.39,350.0,784.09,0.3,316.33,637.21,12.45,1.86,20.12,191374,0,Sewer Bypass,Severe Contamination / Environmental Hazard,"TSS_severe(350.0mg/L), TUR_severe(180.0NTU), Septic_Anoxic(DO=0.30,BOD=316.3,COD=637.2)",No Treatment Viable - Direct Sewer Bypass,Critical Hazard Failsafe
698,Laundry,6.93,25.15,0.42,92.16,315.84,328.86,168.29,523.34,3.89,309.28,508.59,12.08,5.41,14.82,30298,1,Bio-filtration,Elevated Organic / Particulate / Biological Load,"BOD_elevated(309.3mg/L), COD_elevated(508.6mg/L), TSS_elevated(168.3mg/L), TUR_elevated(92.2NTU)",Biological Oxidation & Sand Bio-filtration Required,Treatment Pathway Mandated
699,Kitchen,7.64,23.91,0.62,96.15,463.17,503.12,97.3,759.5,0.3,377.58,1000.0,15.76,10.03,19.06,159766,0,Sewer Bypass,Severe Contamination / Environmental Hazard,"COD_severe(1000.0mg/L), SAL_severe(0.62ppt), Septic_Anoxic(DO=0.30,BOD=377.6,COD=1000.0)",No Treatment Viable - Direct Sewer Bypass,Critical Hazard Failsafe
700,Bathroom,7.0,33.95,0.28,35.03,221.82,225.54,50.19,583.8,2.88,50.83,155.74,9.41,4.83,29.69,23372,2,Restricted Irrigation,Moderate Water Quality Profile Suitable for Restricted Irrigation,"BOD_exceeds_indoor(50.8mg/L), COD_exceeds_indoor(155.7mg/L), TSS_exceeds_indoor(50.2mg/L), TUR_exceeds_indoor(35.0NTU), E_coli_exceeds_indoor(23372CFU), DO_low_for_indoor(2.88mg/L)",Secondary Settling / Disc Filtration & Drip Irrigation Barrier Required,Restricted Non-Potable Landscape Irrigation
701,Bathroom,6.79,20.8,0.3,50.99,232.64,250.6,99.5,597.71,4.36,55.43,137.24,10.18,6.66,21.23,21160,1,Bio-filtration,Elevated Organic / Particulate / Biological Load,TSS_elevated(99.5mg/L),Biological Oxidation & Sand Bio-filtration Required,Treatment Pathway Mandated
702,Laundry,6.61,26.35,0.3,120.06,177.34,199.54,265.73,890.75,2.0,291.25,464.49,13.59,3.5,9.46,59191,0,Sewer Bypass,Severe Contamination / Environmental Hazard,TSS_severe(265.7mg/L),No Treatment Viable - Direct Sewer Bypass,Critical Hazard Failsafe
703,Bathroom,6.95,21.93,0.32,44.67,231.0,244.92,86.09,504.58,4.35,34.46,66.42,8.76,3.22,8.74,23999,2,Restricted Irrigation,Moderate Water Quality Profile Suitable for Restricted Irrigation,"TSS_exceeds_indoor(86.1mg/L), TUR_exceeds_indoor(44.7NTU), E_coli_exceeds_indoor(23999CFU), SAL_exceeds_indoor(0.32ppt)",Secondary Settling / Disc Filtration & Drip Irrigation Barrier Required,Restricted Non-Potable Landscape Irrigation
704,Mixed,7.03,20.46,0.3,86.96,269.06,267.45,157.64,587.29,3.82,20.0,180.64,9.76,2.2,15.74,22787,1,Bio-filtration,Elevated Organic / Particulate / Biological Load,"TSS_elevated(157.6mg/L), TUR_elevated(87.0NTU)",Biological Oxidation & Sand Bio-filtration Required,Treatment Pathway Mandated
705,Bathroom,7.08,26.91,0.48,44.11,361.61,369.61,96.47,478.1,5.09,28.19,105.99,11.43,6.89,20.92,2489,1,Bio-filtration,Elevated Organic / Particulate / Biological Load,TSS_elevated(96.5mg/L),Biological Oxidation & Sand Bio-filtration Required,Treatment Pathway Mandated
706,Laundry,7.46,26.08,0.43,136.43,162.69,167.68,210.97,746.85,2.26,321.0,449.4,12.09,6.96,19.46,92990,1,Bio-filtration,Elevated Organic / Particulate / Biological Load,"BOD_elevated(321.0mg/L), COD_elevated(449.4mg/L), TSS_elevated(211.0mg/L), TUR_elevated(136.4NTU), E_coli_elevated(92990CFU)",Biological Oxidation & Sand Bio-filtration Required,Treatment Pathway Mandated
707,Mixed,6.85,27.48,0.31,124.4,414.59,492.95,227.47,667.91,3.81,130.55,271.97,5.36,7.81,19.11,27480,1,Bio-filtration,Elevated Organic / Particulate / Biological Load,"BOD_elevated(130.6mg/L), TSS_elevated(227.5mg/L), TUR_elevated(124.4NTU)",Biological Oxidation & Sand Bio-filtration Required,Treatment Pathway Mandated
708,Mixed,7.69,20.05,0.27,52.37,285.91,273.4,78.12,277.4,4.53,189.16,382.33,16.46,6.69,11.64,355143,1,Bio-filtration,Elevated Organic / Particulate / Biological Load,"BOD_elevated(189.2mg/L), COD_elevated(382.3mg/L), E_coli_elevated(355143CFU)",Biological Oxidation & Sand Bio-filtration Required,Treatment Pathway Mandated
709,Laundry,6.77,24.04,0.37,81.13,252.72,268.45,137.53,770.91,3.75,138.04,236.89,10.36,4.72,13.69,117979,1,Bio-filtration,Elevated Organic / Particulate / Biological Load,"BOD_elevated(138.0mg/L), TSS_elevated(137.5mg/L), TUR_elevated(81.1NTU), E_coli_elevated(117979CFU)",Biological Oxidation & Sand Bio-filtration Required,Treatment Pathway Mandated
710,Laundry,7.39,23.49,0.3,97.96,514.29,553.62,175.63,654.23,2.17,298.87,545.96,7.74,5.64,27.21,638758,0,Sewer Bypass,Severe Contamination / Environmental Hazard,E_coli_severe(638758CFU),No Treatment Viable - Direct Sewer Bypass,Critical Hazard Failsafe
711,Mixed,7.75,21.7,0.29,75.26,274.09,282.17,109.32,333.25,3.34,206.25,330.24,11.96,6.77,18.88,53186,1,Bio-filtration,Elevated Organic / Particulate / Biological Load,"BOD_elevated(206.2mg/L), COD_elevated(330.2mg/L), TSS_elevated(109.3mg/L), TUR_elevated(75.3NTU)",Biological Oxidation & Sand Bio-filtration Required,Treatment Pathway Mandated
712,Kitchen,7.43,34.84,0.57,125.97,585.86,607.66,214.39,764.89,0.38,279.2,664.35,12.62,7.18,20.06,20130,0,Sewer Bypass,Severe Contamination / Environmental Hazard,"Septic_Anoxic(DO=0.38,BOD=279.2,COD=664.4)",No Treatment Viable - Direct Sewer Bypass,Critical Hazard Failsafe
713,Mixed,7.51,27.54,0.14,42.4,367.55,406.55,96.28,542.74,3.01,171.41,257.35,7.62,5.36,15.67,10933,1,Bio-filtration,Elevated Organic / Particulate / Biological Load,"BOD_elevated(171.4mg/L), TSS_elevated(96.3mg/L)",Biological Oxidation & Sand Bio-filtration Required,Treatment Pathway Mandated
714,Mixed,7.75,25.9,0.27,48.35,216.28,218.29,58.78,566.95,3.4,126.37,184.13,9.93,6.27,11.35,63915,1,Bio-filtration,Elevated Organic / Particulate / Biological Load,BOD_elevated(126.4mg/L),Biological Oxidation & Sand Bio-filtration Required,Treatment Pathway Mandated
715,Mixed,7.61,19.52,0.22,64.86,216.51,235.87,124.36,481.03,1.07,244.75,396.61,5.77,6.65,14.11,313898,1,Bio-filtration,Elevated Organic / Particulate / Biological Load,"BOD_elevated(244.8mg/L), COD_elevated(396.6mg/L), TSS_elevated(124.4mg/L), TUR_elevated(64.9NTU), E_coli_elevated(313898CFU), DO_depleted(1.07mg/L)",Biological Oxidation & Sand Bio-filtration Required,Treatment Pathway Mandated
716,Bathroom,7.22,28.35,0.18,22.48,292.03,321.28,53.67,570.49,3.43,72.7,231.99,11.29,5.04,17.25,4430,2,Restricted Irrigation,Moderate Water Quality Profile Suitable for Restricted Irrigation,"BOD_exceeds_indoor(72.7mg/L), COD_exceeds_indoor(232.0mg/L), TSS_exceeds_indoor(53.7mg/L), TDS_exceeds_indoor(321.3mg/L), DO_low_for_indoor(3.43mg/L)",Secondary Settling / Disc Filtration & Drip Irrigation Barrier Required,Restricted Non-Potable Landscape Irrigation
717,Laundry,6.9,27.2,0.39,154.82,188.28,198.44,350.0,623.3,1.36,186.67,363.74,8.28,3.68,15.57,36392,0,Sewer Bypass,Severe Contamination / Environmental Hazard,"TSS_severe(350.0mg/L), TUR_severe(154.8NTU)",No Treatment Viable - Direct Sewer Bypass,Critical Hazard Failsafe
718,Bathroom,6.83,24.97,0.26,34.41,216.17,235.6,63.27,647.67,2.61,41.58,124.4,8.07,4.84,10.87,9427,2,Restricted Irrigation,Moderate Water Quality Profile Suitable for Restricted Irrigation,"TSS_exceeds_indoor(63.3mg/L), TUR_exceeds_indoor(34.4NTU), DO_low_for_indoor(2.61mg/L)",Secondary Settling / Disc Filtration & Drip Irrigation Barrier Required,Restricted Non-Potable Landscape Irrigation
719,Kitchen,7.26,31.47,0.56,165.87,406.65,432.94,261.79,1008.27,0.3,362.99,831.38,18.9,6.51,14.21,119222,0,Sewer Bypass,Severe Contamination / Environmental Hazard,"COD_severe(831.4mg/L), TSS_severe(261.8mg/L), TUR_severe(165.9NTU), Septic_Anoxic(DO=0.30,BOD=363.0,COD=831.4)",No Treatment Viable - Direct Sewer Bypass,Critical Hazard Failsafe
720,Mixed,7.73,25.09,0.39,86.6,249.16,268.09,181.59,439.44,3.41,182.5,255.51,8.54,6.38,25.46,48317,1,Bio-filtration,Elevated Organic / Particulate / Biological Load,"BOD_elevated(182.5mg/L), TSS_elevated(181.6mg/L), TUR_elevated(86.6NTU)",Biological Oxidation & Sand Bio-filtration Required,Treatment Pathway Mandated
721,Laundry,7.09,27.11,0.33,95.8,378.32,408.69,186.89,616.17,1.47,393.59,558.71,19.26,2.87,24.49,33176,1,Bio-filtration,Elevated Organic / Particulate / Biological Load,"BOD_elevated(393.6mg/L), COD_elevated(558.7mg/L), TSS_elevated(186.9mg/L), TUR_elevated(95.8NTU), DO_depleted(1.47mg/L)",Biological Oxidation & Sand Bio-filtration Required,Treatment Pathway Mandated
722,Laundry,6.97,24.35,0.4,64.31,620.02,599.49,109.36,710.93,1.32,473.82,663.34,12.2,1.26,19.19,507793,0,Sewer Bypass,Severe Contamination / Environmental Hazard,"BOD_severe(473.8mg/L), E_coli_severe(507793CFU)",No Treatment Viable - Direct Sewer Bypass,Critical Hazard Failsafe
723,Bathroom,6.77,30.56,0.32,49.68,269.12,278.93,51.06,434.35,4.23,56.33,146.71,17.61,5.55,24.21,22856,2,Restricted Irrigation,Moderate Water Quality Profile Suitable for Restricted Irrigation,"BOD_exceeds_indoor(56.3mg/L), COD_exceeds_indoor(146.7mg/L), TSS_exceeds_indoor(51.1mg/L), TUR_exceeds_indoor(49.7NTU), E_coli_exceeds_indoor(22856CFU), SAL_exceeds_indoor(0.32ppt)",Secondary Settling / Disc Filtration & Drip Irrigation Barrier Required,Restricted Non-Potable Landscape Irrigation
724,Mixed,7.89,21.49,0.42,69.2,281.01,291.03,162.63,597.92,3.73,117.11,213.6,9.6,5.4,11.57,232095,1,Bio-filtration,Elevated Organic / Particulate / Biological Load,"TSS_elevated(162.6mg/L), TUR_elevated(69.2NTU), E_coli_elevated(232095CFU)",Biological Oxidation & Sand Bio-filtration Required,Treatment Pathway Mandated
725,Bathroom,6.87,33.42,0.4,35.16,328.55,334.47,50.24,563.92,4.53,60.54,171.01,10.14,6.18,19.75,42906,2,Restricted Irrigation,Moderate Water Quality Profile Suitable for Restricted Irrigation,"BOD_exceeds_indoor(60.5mg/L), COD_exceeds_indoor(171.0mg/L), TSS_exceeds_indoor(50.2mg/L), TUR_exceeds_indoor(35.2NTU), E_coli_exceeds_indoor(42906CFU), TDS_exceeds_indoor(334.5mg/L), SAL_exceeds_indoor(0.40ppt)",Secondary Settling / Disc Filtration & Drip Irrigation Barrier Required,Restricted Non-Potable Landscape Irrigation
726,Bathroom,6.53,28.11,0.31,32.75,250.04,247.11,48.14,353.19,5.43,23.75,50.0,8.99,6.66,13.49,5009,2,Restricted Irrigation,Moderate Water Quality Profile Suitable for Restricted Irrigation,"TSS_exceeds_indoor(48.1mg/L), TUR_exceeds_indoor(32.8NTU), SAL_exceeds_indoor(0.31ppt)",Secondary Settling / Disc Filtration & Drip Irrigation Barrier Required,Restricted Non-Potable Landscape Irrigation
727,Bathroom,6.58,25.78,0.28,19.41,287.9,305.79,36.56,538.56,4.46,65.99,114.35,9.93,0.94,19.82,23235,2,Restricted Irrigation,Moderate Water Quality Profile Suitable for Restricted Irrigation,"BOD_exceeds_indoor(66.0mg/L), E_coli_exceeds_indoor(23235CFU), TDS_exceeds_indoor(305.8mg/L)",Secondary Settling / Disc Filtration & Drip Irrigation Barrier Required,Restricted Non-Potable Landscape Irrigation
728,Bathroom,7.2,21.21,0.29,31.13,186.39,188.31,36.35,408.93,5.2,41.15,87.76,12.41,7.44,19.07,15865,2,Restricted Irrigation,Moderate Water Quality Profile Suitable for Restricted Irrigation,"TUR_exceeds_indoor(31.1NTU), SAL_exceeds_indoor(0.29ppt)",Secondary Settling / Disc Filtration & Drip Irrigation Barrier Required,Restricted Non-Potable Landscape Irrigation
729,Laundry,6.83,24.08,0.43,100.58,341.16,361.9,208.19,839.81,0.3,480.96,673.35,18.07,4.9,16.06,13629,0,Sewer Bypass,Severe Contamination / Environmental Hazard,"BOD_severe(481.0mg/L), Septic_Anoxic(DO=0.30,BOD=481.0,COD=673.4)",No Treatment Viable - Direct Sewer Bypass,Critical Hazard Failsafe
730,Laundry,6.59,20.24,0.27,80.56,365.3,379.1,189.95,762.75,1.56,348.1,561.12,13.13,6.46,14.23,66664,1,Bio-filtration,Elevated Organic / Particulate / Biological Load,"BOD_elevated(348.1mg/L), COD_elevated(561.1mg/L), TSS_elevated(189.9mg/L), TUR_elevated(80.6NTU), DO_depleted(1.56mg/L)",Biological Oxidation & Sand Bio-filtration Required,Treatment Pathway Mandated
731,Laundry,7.31,23.83,0.52,60.76,386.07,422.04,62.26,607.71,0.3,275.68,573.75,13.89,6.3,15.01,95782,1,Bio-filtration,Elevated Organic / Particulate / Biological Load,"BOD_elevated(275.7mg/L), COD_elevated(573.8mg/L), TUR_elevated(60.8NTU), E_coli_elevated(95782CFU), DO_depleted(0.30mg/L)",Biological Oxidation & Sand Bio-filtration Required,Treatment Pathway Mandated
732,Bathroom,7.06,22.23,0.32,39.07,361.87,380.56,55.07,498.76,3.52,28.02,156.32,9.39,4.62,14.87,91727,1,Bio-filtration,Elevated Organic / Particulate / Biological Load,E_coli_elevated(91727CFU),Biological Oxidation & Sand Bio-filtration Required,Treatment Pathway Mandated
733,Bathroom,6.51,29.18,0.26,56.21,306.11,337.58,68.76,430.11,3.8,59.97,83.96,5.65,5.09,26.99,7865,2,Restricted Irrigation,Moderate Water Quality Profile Suitable for Restricted Irrigation,"BOD_exceeds_indoor(60.0mg/L), TSS_exceeds_indoor(68.8mg/L), TUR_exceeds_indoor(56.2NTU), TDS_exceeds_indoor(337.6mg/L)",Secondary Settling / Disc Filtration & Drip Irrigation Barrier Required,Restricted Non-Potable Landscape Irrigation
734,Laundry,6.56,21.9,0.42,116.13,392.46,424.67,190.08,539.85,0.3,580.65,812.91,14.05,3.44,22.04,157808,0,Sewer Bypass,Severe Contamination / Environmental Hazard,"BOD_severe(580.6mg/L), COD_severe(812.9mg/L), Septic_Anoxic(DO=0.30,BOD=580.6,COD=812.9)",No Treatment Viable - Direct Sewer Bypass,Critical Hazard Failsafe
735,Bathroom,6.84,32.46,0.24,35.26,335.37,345.08,60.65,405.8,4.71,73.53,106.88,4.77,6.94,18.74,6011,2,Restricted Irrigation,Moderate Water Quality Profile Suitable for Restricted Irrigation,"BOD_exceeds_indoor(73.5mg/L), TSS_exceeds_indoor(60.6mg/L), TUR_exceeds_indoor(35.3NTU), TDS_exceeds_indoor(345.1mg/L)",Secondary Settling / Disc Filtration & Drip Irrigation Barrier Required,Restricted Non-Potable Landscape Irrigation
736,Kitchen,7.32,31.19,0.59,67.12,389.81,407.23,185.25,718.51,1.8,386.42,555.57,12.0,5.24,9.8,146378,1,Bio-filtration,Elevated Organic / Particulate / Biological Load,"BOD_elevated(386.4mg/L), COD_elevated(555.6mg/L), TSS_elevated(185.2mg/L), TUR_elevated(67.1NTU), E_coli_elevated(146378CFU), DO_depleted(1.80mg/L)",Biological Oxidation & Sand Bio-filtration Required,Treatment Pathway Mandated
737,Bathroom,7.31,27.26,0.13,48.36,314.81,328.75,73.38,461.84,5.55,49.12,136.64,10.85,4.14,9.73,16267,2,Restricted Irrigation,Moderate Water Quality Profile Suitable for Restricted Irrigation,"BOD_exceeds_indoor(49.1mg/L), COD_exceeds_indoor(136.6mg/L), TSS_exceeds_indoor(73.4mg/L), TUR_exceeds_indoor(48.4NTU), TDS_exceeds_indoor(328.8mg/L)",Secondary Settling / Disc Filtration & Drip Irrigation Barrier Required,Restricted Non-Potable Landscape Irrigation
738,Laundry,7.18,26.01,0.31,113.02,402.03,406.63,122.2,903.51,1.81,368.9,516.46,12.57,6.52,20.39,230531,1,Bio-filtration,Elevated Organic / Particulate / Biological Load,"BOD_elevated(368.9mg/L), COD_elevated(516.5mg/L), TSS_elevated(122.2mg/L), TUR_elevated(113.0NTU), E_coli_elevated(230531CFU), DO_depleted(1.81mg/L)",Biological Oxidation & Sand Bio-filtration Required,Treatment Pathway Mandated
739,Laundry,7.39,28.49,0.41,151.98,443.36,441.99,302.88,576.63,2.13,336.36,533.91,16.51,6.27,3.91,428502,0,Sewer Bypass,Severe Contamination / Environmental Hazard,"TSS_severe(302.9mg/L), TUR_severe(152.0NTU)",No Treatment Viable - Direct Sewer Bypass,Critical Hazard Failsafe
740,Laundry,6.8,23.3,0.44,57.62,362.43,386.6,84.61,556.45,1.64,507.4,710.36,14.1,6.34,19.93,41366,0,Sewer Bypass,Severe Contamination / Environmental Hazard,BOD_severe(507.4mg/L),No Treatment Viable - Direct Sewer Bypass,Critical Hazard Failsafe
741,Bathroom,6.85,30.85,0.26,48.36,260.58,285.66,80.61,347.62,4.49,60.62,117.68,10.58,6.36,10.28,15525,2,Restricted Irrigation,Moderate Water Quality Profile Suitable for Restricted Irrigation,"BOD_exceeds_indoor(60.6mg/L), TSS_exceeds_indoor(80.6mg/L), TUR_exceeds_indoor(48.4NTU)",Secondary Settling / Disc Filtration & Drip Irrigation Barrier Required,Restricted Non-Potable Landscape Irrigation
742,Bathroom,7.14,34.1,0.35,31.67,324.68,326.27,54.2,657.35,5.98,85.37,150.86,6.82,9.79,20.74,76410,1,Bio-filtration,Elevated Organic / Particulate / Biological Load,E_coli_elevated(76410CFU),Biological Oxidation & Sand Bio-filtration Required,Treatment Pathway Mandated
743,Mixed,7.19,30.8,0.25,97.46,212.0,222.35,81.52,527.44,2.73,146.06,606.98,4.43,6.47,19.33,49928,1,Bio-filtration,Elevated Organic / Particulate / Biological Load,"BOD_elevated(146.1mg/L), COD_elevated(607.0mg/L), TUR_elevated(97.5NTU)",Biological Oxidation & Sand Bio-filtration Required,Treatment Pathway Mandated
744,Bathroom,7.06,28.24,0.19,18.5,186.97,193.37,34.13,435.26,3.92,53.02,170.32,15.29,4.83,15.87,14033,2,Restricted Irrigation,Moderate Water Quality Profile Suitable for Restricted Irrigation,"BOD_exceeds_indoor(53.0mg/L), COD_exceeds_indoor(170.3mg/L)",Secondary Settling / Disc Filtration & Drip Irrigation Barrier Required,Restricted Non-Potable Landscape Irrigation
745,Laundry,7.11,23.48,0.51,159.09,217.98,211.91,292.8,743.86,2.32,376.06,526.48,21.11,4.91,25.77,117651,0,Sewer Bypass,Severe Contamination / Environmental Hazard,"TSS_severe(292.8mg/L), TUR_severe(159.1NTU)",No Treatment Viable - Direct Sewer Bypass,Critical Hazard Failsafe
746,Laundry,6.75,22.98,0.46,87.58,167.71,177.77,147.27,496.9,2.22,255.5,419.83,13.25,6.21,11.16,90711,1,Bio-filtration,Elevated Organic / Particulate / Biological Load,"BOD_elevated(255.5mg/L), COD_elevated(419.8mg/L), TSS_elevated(147.3mg/L), TUR_elevated(87.6NTU), E_coli_elevated(90711CFU)",Biological Oxidation & Sand Bio-filtration Required,Treatment Pathway Mandated
747,Laundry,6.88,21.87,0.32,85.41,496.1,504.73,144.89,762.73,3.24,173.71,492.51,11.26,5.35,27.29,60044,1,Bio-filtration,Elevated Organic / Particulate / Biological Load,"BOD_elevated(173.7mg/L), COD_elevated(492.5mg/L), TSS_elevated(144.9mg/L), TUR_elevated(85.4NTU)",Biological Oxidation & Sand Bio-filtration Required,Treatment Pathway Mandated
748,Laundry,7.68,24.7,0.43,61.36,388.13,408.54,88.15,1054.98,1.75,332.0,464.79,17.08,3.01,12.41,62471,1,Bio-filtration,Elevated Organic / Particulate / Biological Load,"BOD_elevated(332.0mg/L), COD_elevated(464.8mg/L), TUR_elevated(61.4NTU), DO_depleted(1.75mg/L)",Biological Oxidation & Sand Bio-filtration Required,Treatment Pathway Mandated
749,Mixed,7.77,25.31,0.3,74.47,336.69,332.75,80.94,643.1,3.18,219.19,306.87,10.88,3.87,10.59,39176,1,Bio-filtration,Elevated Organic / Particulate / Biological Load,"BOD_elevated(219.2mg/L), COD_elevated(306.9mg/L), TUR_elevated(74.5NTU)",Biological Oxidation & Sand Bio-filtration Required,Treatment Pathway Mandated
750,Mixed,7.35,23.59,0.31,57.49,135.45,143.31,129.96,639.21,4.82,175.59,245.83,18.9,6.84,27.1,35456,1,Bio-filtration,Elevated Organic / Particulate / Biological Load,"BOD_elevated(175.6mg/L), TSS_elevated(130.0mg/L)",Biological Oxidation & Sand Bio-filtration Required,Treatment Pathway Mandated
751,Bathroom,6.56,23.81,0.34,32.31,449.91,474.21,45.66,412.54,2.85,76.94,107.91,4.64,8.81,22.56,21353,2,Restricted Irrigation,Moderate Water Quality Profile Suitable for Restricted Irrigation,"BOD_exceeds_indoor(76.9mg/L), TSS_exceeds_indoor(45.7mg/L), TUR_exceeds_indoor(32.3NTU), E_coli_exceeds_indoor(21353CFU), TDS_exceeds_indoor(474.2mg/L), SAL_exceeds_indoor(0.34ppt), DO_low_for_indoor(2.85mg/L)",Secondary Settling / Disc Filtration & Drip Irrigation Barrier Required,Restricted Non-Potable Landscape Irrigation
752,Laundry,7.55,35.81,0.28,93.81,400.67,427.73,156.84,434.38,0.3,87.06,744.94,17.11,4.91,27.1,55532,0,Sewer Bypass,Severe Contamination / Environmental Hazard,"Septic_Anoxic(DO=0.30,BOD=87.1,COD=744.9)",No Treatment Viable - Direct Sewer Bypass,Critical Hazard Failsafe
753,Bathroom,6.45,32.78,0.26,52.17,193.03,203.89,72.65,505.59,4.14,47.27,66.18,11.52,5.5,13.42,7884,2,Restricted Irrigation,Moderate Water Quality Profile Suitable for Restricted Irrigation,"BOD_exceeds_indoor(47.3mg/L), TSS_exceeds_indoor(72.7mg/L), TUR_exceeds_indoor(52.2NTU), pH_outside_indoor(6.45)",Secondary Settling / Disc Filtration & Drip Irrigation Barrier Required,Restricted Non-Potable Landscape Irrigation
754,Laundry,6.69,33.34,0.37,57.1,503.05,522.99,109.08,548.83,2.62,279.36,441.59,14.02,10.47,21.24,11819,1,Bio-filtration,Elevated Organic / Particulate / Biological Load,"BOD_elevated(279.4mg/L), COD_elevated(441.6mg/L), TSS_elevated(109.1mg/L)",Biological Oxidation & Sand Bio-filtration Required,Treatment Pathway Mandated
755,Kitchen,7.81,26.08,0.55,180.0,812.7,864.77,350.0,733.88,0.3,444.64,972.69,14.97,11.16,23.15,30067,0,Sewer Bypass,Severe Contamination / Environmental Hazard,"BOD_severe(444.6mg/L), COD_severe(972.7mg/L), TSS_severe(350.0mg/L), TUR_severe(180.0NTU), TDS_severe(864.8mg/L), Septic_Anoxic(DO=0.30,BOD=444.6,COD=972.7)",No Treatment Viable - Direct Sewer Bypass,Critical Hazard Failsafe
756,Bathroom,6.5,33.63,0.29,34.06,275.26,293.36,54.37,425.86,4.37,52.86,149.79,7.09,2.65,8.67,412560,1,Bio-filtration,Elevated Organic / Particulate / Biological Load,E_coli_elevated(412560CFU),Biological Oxidation & Sand Bio-filtration Required,Treatment Pathway Mandated
757,Laundry,7.42,33.03,0.51,72.57,399.91,431.23,87.78,570.62,1.61,374.16,523.83,16.61,5.19,18.87,119566,1,Bio-filtration,Elevated Organic / Particulate / Biological Load,"BOD_elevated(374.2mg/L), COD_elevated(523.8mg/L), TUR_elevated(72.6NTU), E_coli_elevated(119566CFU), DO_depleted(1.61mg/L)",Biological Oxidation & Sand Bio-filtration Required,Treatment Pathway Mandated
758,Mixed,7.44,28.14,0.39,50.13,251.94,275.45,55.01,535.48,3.66,71.66,328.66,1.73,4.6,24.36,121563,1,Bio-filtration,Elevated Organic / Particulate / Biological Load,"COD_elevated(328.7mg/L), E_coli_elevated(121563CFU)",Biological Oxidation & Sand Bio-filtration Required,Treatment Pathway Mandated
759,Bathroom,6.35,29.96,0.25,25.84,315.22,338.07,45.9,455.71,3.34,42.52,119.83,10.6,6.2,8.99,53981,2,Restricted Irrigation,Moderate Water Quality Profile Suitable for Restricted Irrigation,"TSS_exceeds_indoor(45.9mg/L), TUR_exceeds_indoor(25.8NTU), E_coli_exceeds_indoor(53981CFU), TDS_exceeds_indoor(338.1mg/L), DO_low_for_indoor(3.34mg/L), pH_outside_indoor(6.35)",Secondary Settling / Disc Filtration & Drip Irrigation Barrier Required,Restricted Non-Potable Landscape Irrigation
760,Laundry,6.84,27.73,0.41,120.42,475.46,472.34,200.87,817.03,2.29,336.85,616.29,15.94,5.39,15.88,76117,1,Bio-filtration,Elevated Organic / Particulate / Biological Load,"BOD_elevated(336.9mg/L), COD_elevated(616.3mg/L), TSS_elevated(200.9mg/L), TUR_elevated(120.4NTU), E_coli_elevated(76117CFU)",Biological Oxidation & Sand Bio-filtration Required,Treatment Pathway Mandated
761,Kitchen,7.13,22.27,0.58,30.62,333.79,321.13,46.07,1200.0,2.12,343.03,480.25,20.71,9.77,18.19,47558,1,Bio-filtration,Elevated Organic / Particulate / Biological Load,"BOD_elevated(343.0mg/L), COD_elevated(480.2mg/L)",Biological Oxidation & Sand Bio-filtration Required,Treatment Pathway Mandated
762,Bathroom,6.66,23.16,0.17,50.66,403.65,417.06,84.27,705.23,3.4,56.14,151.06,6.3,4.08,25.34,135652,1,Bio-filtration,Elevated Organic / Particulate / Biological Load,E_coli_elevated(135652CFU),Biological Oxidation & Sand Bio-filtration Required,Treatment Pathway Mandated
763,Bathroom,7.04,25.79,0.22,27.65,262.78,280.15,48.57,569.42,4.02,50.83,121.56,7.0,7.08,7.35,96545,1,Bio-filtration,Elevated Organic / Particulate / Biological Load,E_coli_elevated(96545CFU),Biological Oxidation & Sand Bio-filtration Required,Treatment Pathway Mandated
764,Bathroom,7.05,29.75,0.31,43.88,203.64,220.52,58.6,490.45,2.16,42.16,157.66,7.09,7.9,14.45,8728,2,Restricted Irrigation,Moderate Water Quality Profile Suitable for Restricted Irrigation,"COD_exceeds_indoor(157.7mg/L), TSS_exceeds_indoor(58.6mg/L), TUR_exceeds_indoor(43.9NTU), SAL_exceeds_indoor(0.31ppt), DO_low_for_indoor(2.16mg/L)",Secondary Settling / Disc Filtration & Drip Irrigation Barrier Required,Restricted Non-Potable Landscape Irrigation
765,Mixed,7.07,18.0,0.19,41.98,407.15,434.67,66.79,255.03,1.77,236.16,364.82,9.02,5.66,12.54,9434,1,Bio-filtration,Elevated Organic / Particulate / Biological Load,"BOD_elevated(236.2mg/L), COD_elevated(364.8mg/L), DO_depleted(1.77mg/L)",Biological Oxidation & Sand Bio-filtration Required,Treatment Pathway Mandated
766,Bathroom,6.94,29.58,0.24,42.25,317.41,353.52,77.15,487.89,1.99,50.34,99.95,13.4,6.73,9.88,32100,1,Bio-filtration,Elevated Organic / Particulate / Biological Load,DO_depleted(1.99mg/L),Biological Oxidation & Sand Bio-filtration Required,Treatment Pathway Mandated
767,Bathroom,6.84,25.11,0.24,25.59,301.7,325.1,33.43,655.36,3.5,51.76,161.51,6.9,6.16,9.17,24948,2,Restricted Irrigation,Moderate Water Quality Profile Suitable for Restricted Irrigation,"BOD_exceeds_indoor(51.8mg/L), COD_exceeds_indoor(161.5mg/L), TUR_exceeds_indoor(25.6NTU), E_coli_exceeds_indoor(24948CFU), TDS_exceeds_indoor(325.1mg/L)",Secondary Settling / Disc Filtration & Drip Irrigation Barrier Required,Restricted Non-Potable Landscape Irrigation
768,Bathroom,6.74,30.85,0.25,41.7,281.99,314.82,73.11,379.2,5.59,20.0,59.89,9.78,5.07,12.18,6763,2,Restricted Irrigation,Moderate Water Quality Profile Suitable for Restricted Irrigation,"TSS_exceeds_indoor(73.1mg/L), TUR_exceeds_indoor(41.7NTU), TDS_exceeds_indoor(314.8mg/L)",Secondary Settling / Disc Filtration & Drip Irrigation Barrier Required,Restricted Non-Potable Landscape Irrigation
769,Bathroom,7.07,25.45,0.26,53.95,254.52,264.48,63.4,476.86,4.61,46.8,107.9,14.76,6.47,21.69,37238,2,Restricted Irrigation,Moderate Water Quality Profile Suitable for Restricted Irrigation,"BOD_exceeds_indoor(46.8mg/L), TSS_exceeds_indoor(63.4mg/L), TUR_exceeds_indoor(54.0NTU), E_coli_exceeds_indoor(37238CFU)",Secondary Settling / Disc Filtration & Drip Irrigation Barrier Required,Restricted Non-Potable Landscape Irrigation
770,Kitchen,7.78,24.26,0.62,111.31,553.27,563.5,240.05,874.45,0.31,271.13,916.92,14.78,6.45,24.02,61352,0,Sewer Bypass,Severe Contamination / Environmental Hazard,"COD_severe(916.9mg/L), SAL_severe(0.62ppt), Septic_Anoxic(DO=0.31,BOD=271.1,COD=916.9)",No Treatment Viable - Direct Sewer Bypass,Critical Hazard Failsafe
771,Bathroom,7.07,28.35,0.19,18.71,291.09,319.87,30.08,524.76,3.55,56.82,133.03,11.12,4.36,28.24,17926,2,Restricted Irrigation,Moderate Water Quality Profile Suitable for Restricted Irrigation,"BOD_exceeds_indoor(56.8mg/L), COD_exceeds_indoor(133.0mg/L), TDS_exceeds_indoor(319.9mg/L)",Secondary Settling / Disc Filtration & Drip Irrigation Barrier Required,Restricted Non-Potable Landscape Irrigation
772,Laundry,6.49,22.57,0.45,133.16,341.55,377.22,290.84,596.92,3.37,384.78,591.87,6.87,3.91,16.38,767547,0,Sewer Bypass,Severe Contamination / Environmental Hazard,"TSS_severe(290.8mg/L), E_coli_severe(767547CFU)",No Treatment Viable - Direct Sewer Bypass,Critical Hazard Failsafe
773,Laundry,7.53,32.8,0.38,68.6,317.54,342.6,99.29,886.59,0.3,267.51,686.36,12.22,3.78,15.67,44505,0,Sewer Bypass,Severe Contamination / Environmental Hazard,"Septic_Anoxic(DO=0.30,BOD=267.5,COD=686.4)",No Treatment Viable - Direct Sewer Bypass,Critical Hazard Failsafe
774,Mixed,7.08,28.02,0.3,70.03,300.48,308.24,98.68,636.22,3.51,129.05,216.55,17.42,6.27,10.9,175443,1,Bio-filtration,Elevated Organic / Particulate / Biological Load,"BOD_elevated(129.1mg/L), TSS_elevated(98.7mg/L), TUR_elevated(70.0NTU), E_coli_elevated(175443CFU)",Biological Oxidation & Sand Bio-filtration Required,Treatment Pathway Mandated
775,Bathroom,6.83,28.28,0.23,27.58,362.92,387.58,66.99,394.51,5.99,85.8,137.65,8.21,6.17,27.34,4400,2,Restricted Irrigation,Moderate Water Quality Profile Suitable for Restricted Irrigation,"BOD_exceeds_indoor(85.8mg/L), COD_exceeds_indoor(137.7mg/L), TSS_exceeds_indoor(67.0mg/L), TUR_exceeds_indoor(27.6NTU), TDS_exceeds_indoor(387.6mg/L)",Secondary Settling / Disc Filtration & Drip Irrigation Barrier Required,Restricted Non-Potable Landscape Irrigation
776,Mixed,6.73,23.42,0.4,83.5,167.87,170.62,170.1,804.82,2.77,183.3,442.71,8.91,3.42,11.71,67250,1,Bio-filtration,Elevated Organic / Particulate / Biological Load,"BOD_elevated(183.3mg/L), COD_elevated(442.7mg/L), TSS_elevated(170.1mg/L), TUR_elevated(83.5NTU)",Biological Oxidation & Sand Bio-filtration Required,Treatment Pathway Mandated
777,Kitchen,7.46,18.0,0.48,110.78,594.19,605.14,280.5,886.3,0.3,95.47,868.32,12.9,8.83,13.36,261001,0,Sewer Bypass,Severe Contamination / Environmental Hazard,"COD_severe(868.3mg/L), TSS_severe(280.5mg/L), Septic_Anoxic(DO=0.30,BOD=95.5,COD=868.3)",No Treatment Viable - Direct Sewer Bypass,Critical Hazard Failsafe
778,Bathroom,7.45,31.59,0.05,9.32,189.3,208.29,18.97,569.43,4.12,48.38,166.43,9.31,5.01,9.83,19661,2,Restricted Irrigation,Moderate Water Quality Profile Suitable for Restricted Irrigation,"BOD_exceeds_indoor(48.4mg/L), COD_exceeds_indoor(166.4mg/L)",Secondary Settling / Disc Filtration & Drip Irrigation Barrier Required,Restricted Non-Potable Landscape Irrigation
779,Mixed,7.32,29.77,0.36,80.85,339.79,338.5,131.88,367.33,1.88,168.09,352.18,17.68,7.84,15.64,27468,1,Bio-filtration,Elevated Organic / Particulate / Biological Load,"BOD_elevated(168.1mg/L), COD_elevated(352.2mg/L), TSS_elevated(131.9mg/L), TUR_elevated(80.8NTU), DO_depleted(1.88mg/L)",Biological Oxidation & Sand Bio-filtration Required,Treatment Pathway Mandated
780,Mixed,7.68,22.04,0.26,116.45,277.05,269.29,199.94,749.96,3.22,161.21,384.5,14.82,5.21,16.46,243930,1,Bio-filtration,Elevated Organic / Particulate / Biological Load,"BOD_elevated(161.2mg/L), COD_elevated(384.5mg/L), TSS_elevated(199.9mg/L), TUR_elevated(116.5NTU), E_coli_elevated(243930CFU)",Biological Oxidation & Sand Bio-filtration Required,Treatment Pathway Mandated
781,Bathroom,6.75,29.58,0.26,32.32,286.41,297.29,46.7,488.82,4.6,52.74,201.56,9.95,4.27,12.34,143961,1,Bio-filtration,Elevated Organic / Particulate / Biological Load,E_coli_elevated(143961CFU),Biological Oxidation & Sand Bio-filtration Required,Treatment Pathway Mandated
782,Mixed,6.95,27.51,0.26,73.21,275.22,299.18,105.92,480.87,2.52,244.97,342.96,12.1,7.3,14.76,172513,1,Bio-filtration,Elevated Organic / Particulate / Biological Load,"BOD_elevated(245.0mg/L), COD_elevated(343.0mg/L), TSS_elevated(105.9mg/L), TUR_elevated(73.2NTU), E_coli_elevated(172513CFU)",Biological Oxidation & Sand Bio-filtration Required,Treatment Pathway Mandated
783,Laundry,6.46,32.27,0.34,94.7,395.11,423.81,118.14,407.0,0.86,345.82,484.15,9.55,4.99,16.63,70325,0,Sewer Bypass,Severe Contamination / Environmental Hazard,"Septic_Anoxic(DO=0.86,BOD=345.8,COD=484.1)",No Treatment Viable - Direct Sewer Bypass,Critical Hazard Failsafe
784,Kitchen,7.76,32.62,0.62,180.0,284.69,307.52,350.0,761.24,0.3,379.0,1000.0,17.93,5.61,16.13,110540,0,Sewer Bypass,Severe Contamination / Environmental Hazard,"COD_severe(1000.0mg/L), TSS_severe(350.0mg/L), TUR_severe(180.0NTU), SAL_severe(0.62ppt), Septic_Anoxic(DO=0.30,BOD=379.0,COD=1000.0)",No Treatment Viable - Direct Sewer Bypass,Critical Hazard Failsafe
785,Mixed,6.77,33.62,0.4,81.96,299.45,295.84,124.28,317.48,3.49,78.17,279.44,10.71,7.55,19.34,121314,1,Bio-filtration,Elevated Organic / Particulate / Biological Load,"TSS_elevated(124.3mg/L), TUR_elevated(82.0NTU), E_coli_elevated(121314CFU)",Biological Oxidation & Sand Bio-filtration Required,Treatment Pathway Mandated
786,Laundry,6.62,28.32,0.34,44.94,570.83,631.52,73.89,459.79,3.28,281.5,440.06,13.13,5.12,20.8,270893,1,Bio-filtration,Elevated Organic / Particulate / Biological Load,"BOD_elevated(281.5mg/L), COD_elevated(440.1mg/L), E_coli_elevated(270893CFU)",Biological Oxidation & Sand Bio-filtration Required,Treatment Pathway Mandated
787,Mixed,7.62,21.88,0.25,49.52,367.25,377.0,65.72,644.76,1.96,243.44,355.59,9.54,4.67,18.45,57083,1,Bio-filtration,Elevated Organic / Particulate / Biological Load,"BOD_elevated(243.4mg/L), COD_elevated(355.6mg/L), DO_depleted(1.96mg/L)",Biological Oxidation & Sand Bio-filtration Required,Treatment Pathway Mandated
788,Laundry,6.5,20.73,0.41,113.26,450.22,466.92,217.66,566.05,0.3,564.31,790.04,14.37,0.43,24.35,175674,0,Sewer Bypass,Severe Contamination / Environmental Hazard,"BOD_severe(564.3mg/L), Septic_Anoxic(DO=0.30,BOD=564.3,COD=790.0)",No Treatment Viable - Direct Sewer Bypass,Critical Hazard Failsafe
789,Mixed,7.11,20.56,0.4,38.72,357.7,374.0,81.74,560.94,1.01,183.65,387.02,5.82,4.74,23.01,458988,1,Bio-filtration,Elevated Organic / Particulate / Biological Load,"BOD_elevated(183.7mg/L), COD_elevated(387.0mg/L), E_coli_elevated(458988CFU), DO_depleted(1.01mg/L)",Biological Oxidation & Sand Bio-filtration Required,Treatment Pathway Mandated
790,Kitchen,7.34,24.25,0.72,37.89,708.6,755.44,118.65,705.45,1.37,454.77,636.68,17.91,5.98,27.52,339200,0,Sewer Bypass,Severe Contamination / Environmental Hazard,"BOD_severe(454.8mg/L), SAL_severe(0.72ppt)",No Treatment Viable - Direct Sewer Bypass,Critical Hazard Failsafe
791,Bathroom,7.21,26.93,0.24,20.61,264.53,273.55,19.7,540.24,4.06,26.47,114.85,16.12,6.73,21.28,17777,3,Indoor Reuse,Low-Risk Domestic Influent Suitable for Indoor Non-Potable Package Train,All parameters compliant with Indoor Reuse Influent Envelope,Onsite Package Microfiltration & Chlorination/UV Disinfection Required,Low-Risk Non-Potable Reuse
792,Laundry,6.24,30.03,0.47,73.12,354.95,386.71,134.0,821.69,0.3,457.65,866.58,10.09,2.19,20.96,40002,0,Sewer Bypass,Severe Contamination / Environmental Hazard,"BOD_severe(457.6mg/L), COD_severe(866.6mg/L), Septic_Anoxic(DO=0.30,BOD=457.6,COD=866.6)",No Treatment Viable - Direct Sewer Bypass,Critical Hazard Failsafe
793,Laundry,6.73,26.03,0.4,107.72,216.85,238.39,193.96,841.97,4.15,191.33,267.87,7.93,3.34,7.0,18971,1,Bio-filtration,Elevated Organic / Particulate / Biological Load,"BOD_elevated(191.3mg/L), TSS_elevated(194.0mg/L), TUR_elevated(107.7NTU)",Biological Oxidation & Sand Bio-filtration Required,Treatment Pathway Mandated
794,Bathroom,6.66,25.93,0.26,20.19,280.86,295.6,56.54,316.15,4.58,58.83,83.11,11.96,6.15,23.36,2266,2,Restricted Irrigation,Moderate Water Quality Profile Suitable for Restricted Irrigation,"BOD_exceeds_indoor(58.8mg/L), TSS_exceeds_indoor(56.5mg/L)",Secondary Settling / Disc Filtration & Drip Irrigation Barrier Required,Restricted Non-Potable Landscape Irrigation
795,Bathroom,6.71,33.64,0.34,46.17,328.44,325.4,43.29,615.16,3.66,40.51,249.63,0.1,5.77,13.28,64118,2,Restricted Irrigation,Moderate Water Quality Profile Suitable for Restricted Irrigation,"COD_exceeds_indoor(249.6mg/L), TUR_exceeds_indoor(46.2NTU), E_coli_exceeds_indoor(64118CFU), TDS_exceeds_indoor(325.4mg/L), SAL_exceeds_indoor(0.34ppt)",Secondary Settling / Disc Filtration & Drip Irrigation Barrier Required,Restricted Non-Potable Landscape Irrigation
796,Laundry,7.09,24.31,0.37,144.96,510.89,551.19,251.0,738.47,0.87,242.55,546.94,2.71,5.69,10.32,29635,0,Sewer Bypass,Severe Contamination / Environmental Hazard,"TSS_severe(251.0mg/L), TUR_severe(145.0NTU)",No Treatment Viable - Direct Sewer Bypass,Critical Hazard Failsafe
797,Bathroom,6.38,19.58,0.28,40.22,248.17,261.33,48.58,441.56,4.77,53.85,167.43,7.8,1.92,12.14,18138,2,Restricted Irrigation,Moderate Water Quality Profile Suitable for Restricted Irrigation,"BOD_exceeds_indoor(53.9mg/L), COD_exceeds_indoor(167.4mg/L), TSS_exceeds_indoor(48.6mg/L), TUR_exceeds_indoor(40.2NTU), pH_outside_indoor(6.38)",Secondary Settling / Disc Filtration & Drip Irrigation Barrier Required,Restricted Non-Potable Landscape Irrigation
798,Bathroom,6.73,22.25,0.35,35.85,455.33,484.15,64.49,363.08,5.09,74.24,166.66,7.4,4.99,27.81,37654,2,Restricted Irrigation,Moderate Water Quality Profile Suitable for Restricted Irrigation,"BOD_exceeds_indoor(74.2mg/L), COD_exceeds_indoor(166.7mg/L), TSS_exceeds_indoor(64.5mg/L), TUR_exceeds_indoor(35.9NTU), E_coli_exceeds_indoor(37654CFU), TDS_exceeds_indoor(484.1mg/L), SAL_exceeds_indoor(0.35ppt)",Secondary Settling / Disc Filtration & Drip Irrigation Barrier Required,Restricted Non-Potable Landscape Irrigation
799,Kitchen,6.62,29.05,0.57,95.57,743.64,761.67,97.17,902.56,1.15,400.88,841.0,15.67,6.3,29.16,1412866,0,Sewer Bypass,Severe Contamination / Environmental Hazard,"BOD_severe(400.9mg/L), COD_severe(841.0mg/L), E_coli_severe(1412866CFU)",No Treatment Viable - Direct Sewer Bypass,Critical Hazard Failsafe
800,Kitchen,7.72,27.93,0.64,138.17,620.72,646.09,350.0,703.56,2.06,332.38,465.33,10.8,7.02,22.15,53979,0,Sewer Bypass,Severe Contamination / Environmental Hazard,"TSS_severe(350.0mg/L), SAL_severe(0.64ppt)",No Treatment Viable - Direct Sewer Bypass,Critical Hazard Failsafe
801,Kitchen,7.91,31.91,0.56,180.0,616.03,642.65,350.0,737.1,2.37,325.41,455.57,11.12,5.4,23.46,535482,0,Sewer Bypass,Severe Contamination / Environmental Hazard,"TSS_severe(350.0mg/L), TUR_severe(180.0NTU), E_coli_severe(535482CFU)",No Treatment Viable - Direct Sewer Bypass,Critical Hazard Failsafe
802,Laundry,6.6,25.49,0.43,69.56,302.31,322.91,119.06,748.94,1.05,161.63,784.6,6.82,7.99,18.48,68413,1,Bio-filtration,Elevated Organic / Particulate / Biological Load,"BOD_elevated(161.6mg/L), COD_elevated(784.6mg/L), TSS_elevated(119.1mg/L), TUR_elevated(69.6NTU), DO_depleted(1.05mg/L)",Biological Oxidation & Sand Bio-filtration Required,Treatment Pathway Mandated
803,Mixed,7.43,26.88,0.29,77.4,329.9,348.54,68.76,616.69,2.62,209.79,350.58,15.24,6.63,18.05,60970,1,Bio-filtration,Elevated Organic / Particulate / Biological Load,"BOD_elevated(209.8mg/L), COD_elevated(350.6mg/L), TUR_elevated(77.4NTU)",Biological Oxidation & Sand Bio-filtration Required,Treatment Pathway Mandated
804,Laundry,7.49,23.79,0.36,84.27,267.43,270.38,129.61,588.65,0.79,287.02,401.83,14.14,1.9,20.33,380145,1,Bio-filtration,Elevated Organic / Particulate / Biological Load,"BOD_elevated(287.0mg/L), COD_elevated(401.8mg/L), TSS_elevated(129.6mg/L), TUR_elevated(84.3NTU), E_coli_elevated(380145CFU), DO_depleted(0.79mg/L)",Biological Oxidation & Sand Bio-filtration Required,Treatment Pathway Mandated
805,Bathroom,6.94,32.85,0.39,34.7,390.2,414.34,25.53,510.44,4.62,66.77,106.55,12.89,5.86,31.35,11921,2,Restricted Irrigation,Moderate Water Quality Profile Suitable for Restricted Irrigation,"BOD_exceeds_indoor(66.8mg/L), TUR_exceeds_indoor(34.7NTU), TDS_exceeds_indoor(414.3mg/L), SAL_exceeds_indoor(0.39ppt)",Secondary Settling / Disc Filtration & Drip Irrigation Barrier Required,Restricted Non-Potable Landscape Irrigation
806,Bathroom,7.35,30.43,0.12,26.43,244.52,244.35,49.29,560.43,4.09,69.43,143.07,10.49,5.02,12.71,15702,2,Restricted Irrigation,Moderate Water Quality Profile Suitable for Restricted Irrigation,"BOD_exceeds_indoor(69.4mg/L), COD_exceeds_indoor(143.1mg/L), TSS_exceeds_indoor(49.3mg/L), TUR_exceeds_indoor(26.4NTU)",Secondary Settling / Disc Filtration & Drip Irrigation Barrier Required,Restricted Non-Potable Landscape Irrigation
807,Kitchen,7.24,36.81,0.62,158.3,443.32,425.68,254.1,855.76,0.69,74.2,641.93,9.93,6.53,18.0,132553,0,Sewer Bypass,Severe Contamination / Environmental Hazard,"TSS_severe(254.1mg/L), TUR_severe(158.3NTU), SAL_severe(0.62ppt), Septic_Anoxic(DO=0.69,BOD=74.2,COD=641.9)",No Treatment Viable - Direct Sewer Bypass,Critical Hazard Failsafe
808,Bathroom,7.37,28.36,0.1,35.51,302.2,292.42,66.67,458.47,4.26,23.45,108.75,6.13,6.19,13.54,8014,2,Restricted Irrigation,Moderate Water Quality Profile Suitable for Restricted Irrigation,"TSS_exceeds_indoor(66.7mg/L), TUR_exceeds_indoor(35.5NTU)",Secondary Settling / Disc Filtration & Drip Irrigation Barrier Required,Restricted Non-Potable Landscape Irrigation
809,Laundry,7.11,33.16,0.49,58.19,407.82,461.44,66.13,570.63,2.71,192.78,385.76,11.04,4.31,28.85,61354,1,Bio-filtration,Elevated Organic / Particulate / Biological Load,"BOD_elevated(192.8mg/L), COD_elevated(385.8mg/L)",Biological Oxidation & Sand Bio-filtration Required,Treatment Pathway Mandated
810,Mixed,7.34,25.19,0.36,75.01,464.27,452.26,109.29,689.25,2.98,222.37,311.32,15.08,8.12,26.61,85374,1,Bio-filtration,Elevated Organic / Particulate / Biological Load,"BOD_elevated(222.4mg/L), COD_elevated(311.3mg/L), TSS_elevated(109.3mg/L), TUR_elevated(75.0NTU), E_coli_elevated(85374CFU)",Biological Oxidation & Sand Bio-filtration Required,Treatment Pathway Mandated
811,Bathroom,6.96,18.0,0.21,15.26,226.13,246.88,33.06,363.32,3.4,44.84,184.82,10.48,6.23,20.22,46803,2,Restricted Irrigation,Moderate Water Quality Profile Suitable for Restricted Irrigation,"COD_exceeds_indoor(184.8mg/L), E_coli_exceeds_indoor(46803CFU), DO_low_for_indoor(3.40mg/L)",Secondary Settling / Disc Filtration & Drip Irrigation Barrier Required,Restricted Non-Potable Landscape Irrigation
812,Bathroom,6.99,19.37,0.25,32.16,270.37,278.32,47.22,656.45,5.89,34.75,109.15,11.18,7.99,10.97,10043,2,Restricted Irrigation,Moderate Water Quality Profile Suitable for Restricted Irrigation,"TSS_exceeds_indoor(47.2mg/L), TUR_exceeds_indoor(32.2NTU)",Secondary Settling / Disc Filtration & Drip Irrigation Barrier Required,Restricted Non-Potable Landscape Irrigation
813,Mixed,7.06,27.83,0.41,61.04,266.18,281.54,88.06,527.25,4.09,63.16,336.38,8.21,4.6,20.84,26161,1,Bio-filtration,Elevated Organic / Particulate / Biological Load,"COD_elevated(336.4mg/L), TUR_elevated(61.0NTU)",Biological Oxidation & Sand Bio-filtration Required,Treatment Pathway Mandated
814,Laundry,6.89,22.32,0.55,32.82,373.24,410.39,58.9,829.26,0.92,290.48,732.63,10.82,2.02,26.29,28020,0,Sewer Bypass,Severe Contamination / Environmental Hazard,"Septic_Anoxic(DO=0.92,BOD=290.5,COD=732.6)",No Treatment Viable - Direct Sewer Bypass,Critical Hazard Failsafe
815,Bathroom,7.48,29.42,0.19,23.04,320.08,306.21,57.4,458.68,5.22,57.2,122.47,11.82,2.56,18.89,16720,2,Restricted Irrigation,Moderate Water Quality Profile Suitable for Restricted Irrigation,"BOD_exceeds_indoor(57.2mg/L), TSS_exceeds_indoor(57.4mg/L), TDS_exceeds_indoor(306.2mg/L)",Secondary Settling / Disc Filtration & Drip Irrigation Barrier Required,Restricted Non-Potable Landscape Irrigation
816,Mixed,7.31,28.12,0.19,92.27,396.93,426.8,163.65,493.26,0.67,153.0,493.7,10.2,5.7,19.84,26729,1,Bio-filtration,Elevated Organic / Particulate / Biological Load,"BOD_elevated(153.0mg/L), COD_elevated(493.7mg/L), TSS_elevated(163.7mg/L), TUR_elevated(92.3NTU), DO_depleted(0.67mg/L)",Biological Oxidation & Sand Bio-filtration Required,Treatment Pathway Mandated
817,Mixed,6.8,20.8,0.35,95.28,218.76,232.71,261.74,457.12,1.49,228.08,406.65,8.57,6.29,25.14,32687,0,Sewer Bypass,Severe Contamination / Environmental Hazard,TSS_severe(261.7mg/L),No Treatment Viable - Direct Sewer Bypass,Critical Hazard Failsafe
818,Laundry,6.73,28.89,0.5,115.6,479.51,517.75,180.41,692.71,0.96,253.29,535.78,19.25,6.85,25.16,82427,1,Bio-filtration,Elevated Organic / Particulate / Biological Load,"BOD_elevated(253.3mg/L), COD_elevated(535.8mg/L), TSS_elevated(180.4mg/L), TUR_elevated(115.6NTU), E_coli_elevated(82427CFU), DO_depleted(0.96mg/L)",Biological Oxidation & Sand Bio-filtration Required,Treatment Pathway Mandated
819,Kitchen,7.43,20.25,0.48,29.67,794.91,825.34,56.16,605.81,0.3,498.72,1000.0,18.17,6.83,23.78,955843,0,Sewer Bypass,Severe Contamination / Environmental Hazard,"BOD_severe(498.7mg/L), COD_severe(1000.0mg/L), E_coli_severe(955843CFU), TDS_severe(825.3mg/L), Septic_Anoxic(DO=0.30,BOD=498.7,COD=1000.0)",No Treatment Viable - Direct Sewer Bypass,Critical Hazard Failsafe
820,Bathroom,6.84,32.58,0.36,39.67,282.73,278.58,76.59,508.47,0.78,82.48,184.69,11.0,6.3,16.0,36800,1,Bio-filtration,Elevated Organic / Particulate / Biological Load,DO_depleted(0.78mg/L),Biological Oxidation & Sand Bio-filtration Required,Treatment Pathway Mandated
821,Bathroom,7.09,30.05,0.34,31.72,402.26,405.85,64.83,579.05,5.04,77.48,124.87,9.86,9.62,23.58,10698,2,Restricted Irrigation,Moderate Water Quality Profile Suitable for Restricted Irrigation,"BOD_exceeds_indoor(77.5mg/L), TSS_exceeds_indoor(64.8mg/L), TUR_exceeds_indoor(31.7NTU), TDS_exceeds_indoor(405.9mg/L), SAL_exceeds_indoor(0.34ppt)",Secondary Settling / Disc Filtration & Drip Irrigation Barrier Required,Restricted Non-Potable Landscape Irrigation
822,Laundry,7.72,18.0,0.38,116.19,352.19,340.18,222.36,539.5,1.84,200.04,482.21,8.0,6.18,19.06,29539,1,Bio-filtration,Elevated Organic / Particulate / Biological Load,"BOD_elevated(200.0mg/L), COD_elevated(482.2mg/L), TSS_elevated(222.4mg/L), TUR_elevated(116.2NTU), DO_depleted(1.84mg/L)",Biological Oxidation & Sand Bio-filtration Required,Treatment Pathway Mandated
823,Bathroom,6.42,28.4,0.46,41.52,335.21,341.34,104.11,639.25,2.21,123.21,172.5,9.82,6.79,16.74,40419,1,Bio-filtration,Elevated Organic / Particulate / Biological Load,"BOD_elevated(123.2mg/L), TSS_elevated(104.1mg/L)",Biological Oxidation & Sand Bio-filtration Required,Treatment Pathway Mandated
824,Kitchen,7.31,23.88,0.6,97.2,560.44,563.97,153.67,793.51,0.3,322.17,973.59,8.29,6.27,22.48,63160,0,Sewer Bypass,Severe Contamination / Environmental Hazard,"COD_severe(973.6mg/L), Septic_Anoxic(DO=0.30,BOD=322.2,COD=973.6)",No Treatment Viable - Direct Sewer Bypass,Critical Hazard Failsafe
825,Mixed,7.77,35.66,0.4,50.72,412.68,477.24,115.85,441.49,2.6,98.48,292.81,8.62,9.35,18.62,577551,0,Sewer Bypass,Severe Contamination / Environmental Hazard,E_coli_severe(577551CFU),No Treatment Viable - Direct Sewer Bypass,Critical Hazard Failsafe
826,Bathroom,6.86,33.71,0.08,15.09,240.21,255.93,37.59,542.16,5.24,26.18,83.92,11.61,5.33,13.1,40940,2,Restricted Irrigation,Moderate Water Quality Profile Suitable for Restricted Irrigation,E_coli_exceeds_indoor(40940CFU),Secondary Settling / Disc Filtration & Drip Irrigation Barrier Required,Restricted Non-Potable Landscape Irrigation
827,Laundry,6.5,29.06,0.29,107.39,385.07,394.58,198.23,735.51,0.85,348.82,734.03,15.64,6.03,22.38,85393,0,Sewer Bypass,Severe Contamination / Environmental Hazard,"Septic_Anoxic(DO=0.85,BOD=348.8,COD=734.0)",No Treatment Viable - Direct Sewer Bypass,Critical Hazard Failsafe
828,Bathroom,6.6,30.69,0.19,14.98,286.93,303.75,23.95,540.57,3.71,66.27,132.58,14.35,6.56,19.71,82460,1,Bio-filtration,Elevated Organic / Particulate / Biological Load,E_coli_elevated(82460CFU),Biological Oxidation & Sand Bio-filtration Required,Treatment Pathway Mandated
829,Mixed,7.79,29.61,0.05,58.11,182.48,188.46,133.23,594.82,2.37,215.68,397.81,15.19,7.47,11.4,249584,1,Bio-filtration,Elevated Organic / Particulate / Biological Load,"BOD_elevated(215.7mg/L), COD_elevated(397.8mg/L), TSS_elevated(133.2mg/L), E_coli_elevated(249584CFU)",Biological Oxidation & Sand Bio-filtration Required,Treatment Pathway Mandated
830,Bathroom,6.56,26.74,0.31,33.08,204.8,210.66,79.04,669.23,4.72,20.0,69.21,8.16,4.66,24.69,22233,2,Restricted Irrigation,Moderate Water Quality Profile Suitable for Restricted Irrigation,"TSS_exceeds_indoor(79.0mg/L), TUR_exceeds_indoor(33.1NTU), E_coli_exceeds_indoor(22233CFU), SAL_exceeds_indoor(0.31ppt)",Secondary Settling / Disc Filtration & Drip Irrigation Barrier Required,Restricted Non-Potable Landscape Irrigation
831,Kitchen,7.59,31.45,0.68,122.31,922.39,1000.0,186.8,665.68,0.43,462.29,647.21,20.47,7.36,34.05,141243,0,Sewer Bypass,Severe Contamination / Environmental Hazard,"BOD_severe(462.3mg/L), TDS_severe(1000.0mg/L), SAL_severe(0.68ppt), Septic_Anoxic(DO=0.43,BOD=462.3,COD=647.2)",No Treatment Viable - Direct Sewer Bypass,Critical Hazard Failsafe
832,Laundry,7.08,28.35,0.48,74.25,375.46,411.41,150.16,775.56,3.15,354.65,515.77,16.89,9.13,25.43,70557,1,Bio-filtration,Elevated Organic / Particulate / Biological Load,"BOD_elevated(354.6mg/L), COD_elevated(515.8mg/L), TSS_elevated(150.2mg/L), TUR_elevated(74.2NTU)",Biological Oxidation & Sand Bio-filtration Required,Treatment Pathway Mandated
833,Laundry,7.04,30.49,0.29,56.79,258.44,284.62,99.46,609.4,2.81,296.73,521.93,20.5,7.55,12.79,152742,1,Bio-filtration,Elevated Organic / Particulate / Biological Load,"BOD_elevated(296.7mg/L), COD_elevated(521.9mg/L), TSS_elevated(99.5mg/L), E_coli_elevated(152742CFU)",Biological Oxidation & Sand Bio-filtration Required,Treatment Pathway Mandated
834,Kitchen,7.4,25.92,0.7,83.81,492.11,516.44,181.19,949.91,0.3,444.41,803.95,10.52,4.7,16.25,11585,0,Sewer Bypass,Severe Contamination / Environmental Hazard,"BOD_severe(444.4mg/L), COD_severe(804.0mg/L), SAL_severe(0.70ppt), Septic_Anoxic(DO=0.30,BOD=444.4,COD=804.0)",No Treatment Viable - Direct Sewer Bypass,Critical Hazard Failsafe
835,Kitchen,7.05,34.21,0.65,135.48,519.42,532.23,124.77,905.15,1.87,333.04,466.26,18.11,6.97,12.89,1600809,0,Sewer Bypass,Severe Contamination / Environmental Hazard,"E_coli_severe(1600809CFU), SAL_severe(0.65ppt)",No Treatment Viable - Direct Sewer Bypass,Critical Hazard Failsafe
836,Laundry,6.46,25.91,0.37,60.51,279.14,296.36,126.23,855.9,1.62,166.86,630.46,11.46,6.47,15.88,88250,1,Bio-filtration,Elevated Organic / Particulate / Biological Load,"BOD_elevated(166.9mg/L), COD_elevated(630.5mg/L), TSS_elevated(126.2mg/L), TUR_elevated(60.5NTU), E_coli_elevated(88250CFU), DO_depleted(1.62mg/L)",Biological Oxidation & Sand Bio-filtration Required,Treatment Pathway Mandated
837,Mixed,7.24,31.82,0.38,115.7,333.78,347.79,221.58,466.77,4.14,188.24,263.53,10.9,3.93,18.97,88720,1,Bio-filtration,Elevated Organic / Particulate / Biological Load,"BOD_elevated(188.2mg/L), TSS_elevated(221.6mg/L), TUR_elevated(115.7NTU), E_coli_elevated(88720CFU)",Biological Oxidation & Sand Bio-filtration Required,Treatment Pathway Mandated
838,Mixed,7.64,30.74,0.34,62.52,271.95,283.26,122.75,611.19,2.03,154.19,404.67,20.23,8.14,10.61,84244,1,Bio-filtration,Elevated Organic / Particulate / Biological Load,"BOD_elevated(154.2mg/L), COD_elevated(404.7mg/L), TSS_elevated(122.8mg/L), TUR_elevated(62.5NTU), E_coli_elevated(84244CFU)",Biological Oxidation & Sand Bio-filtration Required,Treatment Pathway Mandated
839,Laundry,7.17,25.43,0.44,45.29,290.54,295.96,45.76,439.99,2.15,255.07,408.5,5.94,6.44,12.41,46818,1,Bio-filtration,Elevated Organic / Particulate / Biological Load,"BOD_elevated(255.1mg/L), COD_elevated(408.5mg/L)",Biological Oxidation & Sand Bio-filtration Required,Treatment Pathway Mandated
840,Laundry,7.02,25.85,0.32,71.57,168.98,173.36,131.37,581.46,1.29,281.43,630.81,18.77,7.91,14.06,167386,1,Bio-filtration,Elevated Organic / Particulate / Biological Load,"BOD_elevated(281.4mg/L), COD_elevated(630.8mg/L), TSS_elevated(131.4mg/L), TUR_elevated(71.6NTU), E_coli_elevated(167386CFU), DO_depleted(1.29mg/L)",Biological Oxidation & Sand Bio-filtration Required,Treatment Pathway Mandated
841,Bathroom,7.02,27.2,0.22,50.88,196.57,204.56,118.82,556.96,6.36,20.0,50.0,9.53,4.59,16.82,7752,1,Bio-filtration,Elevated Organic / Particulate / Biological Load,TSS_elevated(118.8mg/L),Biological Oxidation & Sand Bio-filtration Required,Treatment Pathway Mandated
842,Mixed,7.18,22.77,0.36,32.85,108.97,121.61,74.22,425.16,2.9,221.23,309.72,11.85,5.11,19.84,457158,1,Bio-filtration,Elevated Organic / Particulate / Biological Load,"BOD_elevated(221.2mg/L), COD_elevated(309.7mg/L), E_coli_elevated(457158CFU)",Biological Oxidation & Sand Bio-filtration Required,Treatment Pathway Mandated
843,Laundry,7.41,18.0,0.5,80.47,421.29,430.54,82.3,395.35,2.29,217.38,304.33,12.82,4.38,19.67,30063,1,Bio-filtration,Elevated Organic / Particulate / Biological Load,"BOD_elevated(217.4mg/L), COD_elevated(304.3mg/L), TUR_elevated(80.5NTU)",Biological Oxidation & Sand Bio-filtration Required,Treatment Pathway Mandated
844,Laundry,6.29,33.41,0.49,108.24,363.4,386.95,266.18,749.79,2.02,214.63,549.58,9.02,5.53,14.89,119233,0,Sewer Bypass,Severe Contamination / Environmental Hazard,TSS_severe(266.2mg/L),No Treatment Viable - Direct Sewer Bypass,Critical Hazard Failsafe
845,Bathroom,6.54,29.57,0.29,38.81,257.13,262.92,63.48,439.85,3.88,67.91,106.92,8.29,4.56,23.57,27445,2,Restricted Irrigation,Moderate Water Quality Profile Suitable for Restricted Irrigation,"BOD_exceeds_indoor(67.9mg/L), TSS_exceeds_indoor(63.5mg/L), TUR_exceeds_indoor(38.8NTU), E_coli_exceeds_indoor(27445CFU), SAL_exceeds_indoor(0.29ppt)",Secondary Settling / Disc Filtration & Drip Irrigation Barrier Required,Restricted Non-Potable Landscape Irrigation
846,Mixed,7.31,22.8,0.12,81.81,251.64,269.45,175.71,599.0,2.85,149.9,313.18,10.89,2.25,1.89,26391,1,Bio-filtration,Elevated Organic / Particulate / Biological Load,"BOD_elevated(149.9mg/L), COD_elevated(313.2mg/L), TSS_elevated(175.7mg/L), TUR_elevated(81.8NTU)",Biological Oxidation & Sand Bio-filtration Required,Treatment Pathway Mandated
847,Laundry,7.0,18.0,0.39,66.95,172.92,181.96,179.5,627.03,1.56,373.99,544.03,17.32,7.33,16.17,69633,1,Bio-filtration,Elevated Organic / Particulate / Biological Load,"BOD_elevated(374.0mg/L), COD_elevated(544.0mg/L), TSS_elevated(179.5mg/L), TUR_elevated(67.0NTU), DO_depleted(1.56mg/L)",Biological Oxidation & Sand Bio-filtration Required,Treatment Pathway Mandated
848,Kitchen,7.28,31.13,0.47,105.87,754.35,821.63,258.87,942.28,1.49,421.26,589.76,12.37,5.72,29.03,251928,0,Sewer Bypass,Severe Contamination / Environmental Hazard,"BOD_severe(421.3mg/L), TSS_severe(258.9mg/L), TDS_severe(821.6mg/L)",No Treatment Viable - Direct Sewer Bypass,Critical Hazard Failsafe
849,Bathroom,6.61,22.19,0.2,38.32,288.14,308.83,96.41,617.29,4.02,39.11,119.63,13.61,8.06,16.81,39394,1,Bio-filtration,Elevated Organic / Particulate / Biological Load,TSS_elevated(96.4mg/L),Biological Oxidation & Sand Bio-filtration Required,Treatment Pathway Mandated
850,Mixed,7.59,27.26,0.3,74.16,380.86,388.82,107.5,464.27,4.58,114.77,160.68,11.11,3.21,16.63,58218,1,Bio-filtration,Elevated Organic / Particulate / Biological Load,"TSS_elevated(107.5mg/L), TUR_elevated(74.2NTU)",Biological Oxidation & Sand Bio-filtration Required,Treatment Pathway Mandated
851,Bathroom,7.06,22.13,0.24,18.41,290.85,323.66,31.22,481.0,2.5,60.56,202.73,12.41,0.97,23.82,2593,2,Restricted Irrigation,Moderate Water Quality Profile Suitable for Restricted Irrigation,"BOD_exceeds_indoor(60.6mg/L), COD_exceeds_indoor(202.7mg/L), TDS_exceeds_indoor(323.7mg/L), DO_low_for_indoor(2.50mg/L)",Secondary Settling / Disc Filtration & Drip Irrigation Barrier Required,Restricted Non-Potable Landscape Irrigation
852,Bathroom,7.85,25.25,0.31,50.81,349.75,371.07,83.23,419.88,4.87,45.68,92.74,5.1,4.75,18.1,10520,2,Restricted Irrigation,Moderate Water Quality Profile Suitable for Restricted Irrigation,"BOD_exceeds_indoor(45.7mg/L), TSS_exceeds_indoor(83.2mg/L), TUR_exceeds_indoor(50.8NTU), TDS_exceeds_indoor(371.1mg/L), SAL_exceeds_indoor(0.31ppt)",Secondary Settling / Disc Filtration & Drip Irrigation Barrier Required,Restricted Non-Potable Landscape Irrigation
853,Mixed,7.13,33.91,0.35,60.35,280.56,294.4,120.98,419.22,4.95,176.37,246.92,16.49,4.72,10.8,87930,1,Bio-filtration,Elevated Organic / Particulate / Biological Load,"BOD_elevated(176.4mg/L), TSS_elevated(121.0mg/L), TUR_elevated(60.4NTU), E_coli_elevated(87930CFU)",Biological Oxidation & Sand Bio-filtration Required,Treatment Pathway Mandated
854,Mixed,6.8,33.14,0.29,54.34,454.76,490.56,95.07,710.3,2.07,177.41,414.73,5.61,2.53,22.28,103262,1,Bio-filtration,Elevated Organic / Particulate / Biological Load,"BOD_elevated(177.4mg/L), COD_elevated(414.7mg/L), TSS_elevated(95.1mg/L), E_coli_elevated(103262CFU)",Biological Oxidation & Sand Bio-filtration Required,Treatment Pathway Mandated
855,Bathroom,7.37,25.77,0.27,17.47,107.47,100.0,35.6,536.36,5.83,23.51,93.83,10.99,4.35,7.37,11941,3,Indoor Reuse,Low-Risk Domestic Influent Suitable for Indoor Non-Potable Package Train,All parameters compliant with Indoor Reuse Influent Envelope,Onsite Package Microfiltration & Chlorination/UV Disinfection Required,Low-Risk Non-Potable Reuse
856,Laundry,6.79,36.22,0.43,88.74,264.84,276.55,170.29,465.61,0.87,415.4,581.56,12.12,2.65,15.48,109159,0,Sewer Bypass,Severe Contamination / Environmental Hazard,"BOD_severe(415.4mg/L), Septic_Anoxic(DO=0.87,BOD=415.4,COD=581.6)",No Treatment Viable - Direct Sewer Bypass,Critical Hazard Failsafe
857,Kitchen,7.09,35.73,0.62,153.28,246.55,277.3,208.02,1157.56,0.3,577.32,808.25,11.67,6.63,15.18,118624,0,Sewer Bypass,Severe Contamination / Environmental Hazard,"BOD_severe(577.3mg/L), COD_severe(808.2mg/L), TUR_severe(153.3NTU), SAL_severe(0.62ppt), Septic_Anoxic(DO=0.30,BOD=577.3,COD=808.2)",No Treatment Viable - Direct Sewer Bypass,Critical Hazard Failsafe
858,Mixed,7.87,26.43,0.39,95.28,184.45,172.78,155.5,639.46,3.38,128.17,386.0,7.07,4.16,14.82,62364,1,Bio-filtration,Elevated Organic / Particulate / Biological Load,"BOD_elevated(128.2mg/L), COD_elevated(386.0mg/L), TSS_elevated(155.5mg/L), TUR_elevated(95.3NTU)",Biological Oxidation & Sand Bio-filtration Required,Treatment Pathway Mandated
859,Laundry,7.39,30.16,0.49,92.66,446.25,508.18,141.13,703.69,0.8,302.37,815.61,10.58,5.57,21.66,51079,0,Sewer Bypass,Severe Contamination / Environmental Hazard,"COD_severe(815.6mg/L), Septic_Anoxic(DO=0.80,BOD=302.4,COD=815.6)",No Treatment Viable - Direct Sewer Bypass,Critical Hazard Failsafe
860,Laundry,7.44,22.01,0.46,105.51,497.3,524.87,164.34,648.45,3.89,224.02,337.97,12.96,8.05,23.67,707626,0,Sewer Bypass,Severe Contamination / Environmental Hazard,E_coli_severe(707626CFU),No Treatment Viable - Direct Sewer Bypass,Critical Hazard Failsafe
861,Kitchen,7.79,23.74,0.59,139.75,470.59,499.65,162.72,794.06,0.92,340.76,477.06,21.56,7.38,15.37,238035,0,Sewer Bypass,Severe Contamination / Environmental Hazard,"Septic_Anoxic(DO=0.92,BOD=340.8,COD=477.1)",No Treatment Viable - Direct Sewer Bypass,Critical Hazard Failsafe
862,Kitchen,8.17,29.79,0.49,5.0,886.03,1000.0,10.0,628.42,1.65,389.82,545.74,18.44,4.79,20.05,130494,0,Sewer Bypass,Severe Contamination / Environmental Hazard,TDS_severe(1000.0mg/L),No Treatment Viable - Direct Sewer Bypass,Critical Hazard Failsafe
863,Mixed,7.18,24.32,0.33,37.97,375.22,381.4,50.13,432.7,4.26,98.24,318.76,9.23,3.31,19.68,58606,1,Bio-filtration,Elevated Organic / Particulate / Biological Load,COD_elevated(318.8mg/L),Biological Oxidation & Sand Bio-filtration Required,Treatment Pathway Mandated
864,Laundry,6.85,29.14,0.47,117.98,416.14,434.58,321.91,842.24,3.43,294.7,412.57,13.0,4.89,17.3,30442,0,Sewer Bypass,Severe Contamination / Environmental Hazard,TSS_severe(321.9mg/L),No Treatment Viable - Direct Sewer Bypass,Critical Hazard Failsafe
865,Bathroom,7.37,30.07,0.19,37.22,257.82,276.41,31.32,351.01,4.79,35.35,143.17,8.02,8.46,12.23,17464,2,Restricted Irrigation,Moderate Water Quality Profile Suitable for Restricted Irrigation,"COD_exceeds_indoor(143.2mg/L), TUR_exceeds_indoor(37.2NTU)",Secondary Settling / Disc Filtration & Drip Irrigation Barrier Required,Restricted Non-Potable Landscape Irrigation
866,Mixed,7.28,31.91,0.15,67.41,306.78,343.22,94.04,688.64,2.29,245.95,352.46,8.36,9.46,24.21,62119,1,Bio-filtration,Elevated Organic / Particulate / Biological Load,"BOD_elevated(245.9mg/L), COD_elevated(352.5mg/L), TSS_elevated(94.0mg/L), TUR_elevated(67.4NTU)",Biological Oxidation & Sand Bio-filtration Required,Treatment Pathway Mandated
867,Mixed,7.35,24.09,0.24,68.07,251.93,263.28,177.97,537.9,2.51,72.55,313.35,10.07,2.57,19.4,24247,1,Bio-filtration,Elevated Organic / Particulate / Biological Load,"COD_elevated(313.4mg/L), TSS_elevated(178.0mg/L), TUR_elevated(68.1NTU)",Biological Oxidation & Sand Bio-filtration Required,Treatment Pathway Mandated
868,Mixed,7.32,25.48,0.3,104.09,360.1,346.98,213.63,730.31,3.16,182.11,427.96,12.86,5.37,16.41,218362,1,Bio-filtration,Elevated Organic / Particulate / Biological Load,"BOD_elevated(182.1mg/L), COD_elevated(428.0mg/L), TSS_elevated(213.6mg/L), TUR_elevated(104.1NTU), E_coli_elevated(218362CFU)",Biological Oxidation & Sand Bio-filtration Required,Treatment Pathway Mandated
869,Bathroom,7.47,24.33,0.29,25.89,202.66,204.05,35.77,617.79,2.62,43.01,201.16,15.28,6.86,4.69,98259,1,Bio-filtration,Elevated Organic / Particulate / Biological Load,E_coli_elevated(98259CFU),Biological Oxidation & Sand Bio-filtration Required,Treatment Pathway Mandated
870,Bathroom,7.34,25.07,0.27,23.18,156.59,148.2,32.1,368.87,5.28,20.0,85.34,10.16,5.04,14.31,12848,3,Indoor Reuse,Low-Risk Domestic Influent Suitable for Indoor Non-Potable Package Train,All parameters compliant with Indoor Reuse Influent Envelope,Onsite Package Microfiltration & Chlorination/UV Disinfection Required,Low-Risk Non-Potable Reuse
871,Kitchen,7.38,23.57,0.48,95.63,456.25,490.08,217.06,1000.56,2.76,182.78,661.47,6.63,5.21,19.79,134557,1,Bio-filtration,Elevated Organic / Particulate / Biological Load,"BOD_elevated(182.8mg/L), COD_elevated(661.5mg/L), TSS_elevated(217.1mg/L), TUR_elevated(95.6NTU), E_coli_elevated(134557CFU)",Biological Oxidation & Sand Bio-filtration Required,Treatment Pathway Mandated
872,Bathroom,6.84,32.2,0.36,40.57,345.28,351.05,89.34,709.49,3.35,106.15,185.39,12.98,7.46,26.87,7603,2,Restricted Irrigation,Moderate Water Quality Profile Suitable for Restricted Irrigation,"BOD_exceeds_indoor(106.2mg/L), COD_exceeds_indoor(185.4mg/L), TSS_exceeds_indoor(89.3mg/L), TUR_exceeds_indoor(40.6NTU), TDS_exceeds_indoor(351.1mg/L), SAL_exceeds_indoor(0.36ppt), DO_low_for_indoor(3.35mg/L)",Secondary Settling / Disc Filtration & Drip Irrigation Barrier Required,Restricted Non-Potable Landscape Irrigation
873,Mixed,7.5,23.94,0.34,76.66,302.31,308.74,89.34,650.34,1.67,169.74,504.77,11.92,6.15,17.62,645676,0,Sewer Bypass,Severe Contamination / Environmental Hazard,E_coli_severe(645676CFU),No Treatment Viable - Direct Sewer Bypass,Critical Hazard Failsafe
874,Laundry,6.92,24.45,0.26,157.21,349.64,390.31,230.56,470.77,2.78,239.34,526.73,14.11,7.3,13.39,193825,0,Sewer Bypass,Severe Contamination / Environmental Hazard,TUR_severe(157.2NTU),No Treatment Viable - Direct Sewer Bypass,Critical Hazard Failsafe
875,Kitchen,7.89,28.78,0.5,137.75,373.17,372.36,350.0,913.14,1.13,327.32,597.0,15.5,6.8,22.61,217356,0,Sewer Bypass,Severe Contamination / Environmental Hazard,TSS_severe(350.0mg/L),No Treatment Viable - Direct Sewer Bypass,Critical Hazard Failsafe
876,Mixed,7.0,24.75,0.33,52.2,321.44,311.54,139.87,655.83,2.43,72.85,323.1,15.61,3.04,18.6,29202,1,Bio-filtration,Elevated Organic / Particulate / Biological Load,"COD_elevated(323.1mg/L), TSS_elevated(139.9mg/L)",Biological Oxidation & Sand Bio-filtration Required,Treatment Pathway Mandated
877,Laundry,6.9,30.0,0.48,128.98,418.14,422.17,193.71,697.27,2.11,317.2,444.07,16.82,4.16,13.61,146001,1,Bio-filtration,Elevated Organic / Particulate / Biological Load,"BOD_elevated(317.2mg/L), COD_elevated(444.1mg/L), TSS_elevated(193.7mg/L), TUR_elevated(129.0NTU), E_coli_elevated(146001CFU)",Biological Oxidation & Sand Bio-filtration Required,Treatment Pathway Mandated
878,Laundry,6.75,20.46,0.33,139.91,274.33,288.15,212.84,614.81,2.42,360.0,560.95,10.96,10.14,6.8,16393,1,Bio-filtration,Elevated Organic / Particulate / Biological Load,"BOD_elevated(360.0mg/L), COD_elevated(561.0mg/L), TSS_elevated(212.8mg/L), TUR_elevated(139.9NTU)",Biological Oxidation & Sand Bio-filtration Required,Treatment Pathway Mandated
879,Kitchen,8.01,29.13,0.62,134.34,666.01,677.63,259.93,661.17,0.41,442.49,1000.0,15.96,3.82,31.03,54189,0,Sewer Bypass,Severe Contamination / Environmental Hazard,"BOD_severe(442.5mg/L), COD_severe(1000.0mg/L), TSS_severe(259.9mg/L), SAL_severe(0.62ppt), Septic_Anoxic(DO=0.41,BOD=442.5,COD=1000.0)",No Treatment Viable - Direct Sewer Bypass,Critical Hazard Failsafe
880,Laundry,7.02,25.84,0.39,80.68,512.62,528.59,163.86,536.18,1.89,193.81,502.38,18.28,5.94,9.3,322827,1,Bio-filtration,Elevated Organic / Particulate / Biological Load,"BOD_elevated(193.8mg/L), COD_elevated(502.4mg/L), TSS_elevated(163.9mg/L), TUR_elevated(80.7NTU), E_coli_elevated(322827CFU), DO_depleted(1.89mg/L)",Biological Oxidation & Sand Bio-filtration Required,Treatment Pathway Mandated
881,Laundry,7.06,26.41,0.43,80.46,319.4,307.85,146.71,396.21,0.79,415.09,581.13,10.26,3.99,24.23,74467,0,Sewer Bypass,Severe Contamination / Environmental Hazard,"BOD_severe(415.1mg/L), Septic_Anoxic(DO=0.79,BOD=415.1,COD=581.1)",No Treatment Viable - Direct Sewer Bypass,Critical Hazard Failsafe
882,Kitchen,6.81,28.73,0.57,125.92,477.24,519.2,166.38,1062.44,0.7,417.01,759.97,12.38,5.58,25.61,617219,0,Sewer Bypass,Severe Contamination / Environmental Hazard,"BOD_severe(417.0mg/L), E_coli_severe(617219CFU), Septic_Anoxic(DO=0.70,BOD=417.0,COD=760.0)",No Treatment Viable - Direct Sewer Bypass,Critical Hazard Failsafe
883,Mixed,6.87,26.06,0.32,84.09,532.48,516.33,121.26,711.29,1.69,226.84,382.77,13.6,8.1,19.64,54717,1,Bio-filtration,Elevated Organic / Particulate / Biological Load,"BOD_elevated(226.8mg/L), COD_elevated(382.8mg/L), TSS_elevated(121.3mg/L), TUR_elevated(84.1NTU), DO_depleted(1.69mg/L)",Biological Oxidation & Sand Bio-filtration Required,Treatment Pathway Mandated
884,Laundry,6.35,30.08,0.4,101.94,294.54,311.04,190.58,575.2,0.3,84.01,795.04,4.86,0.47,21.81,139786,0,Sewer Bypass,Severe Contamination / Environmental Hazard,"Septic_Anoxic(DO=0.30,BOD=84.0,COD=795.0)",No Treatment Viable - Direct Sewer Bypass,Critical Hazard Failsafe
885,Bathroom,7.07,30.89,0.36,45.55,281.47,296.33,73.43,570.34,4.12,52.74,197.18,10.31,10.64,24.71,107161,1,Bio-filtration,Elevated Organic / Particulate / Biological Load,E_coli_elevated(107161CFU),Biological Oxidation & Sand Bio-filtration Required,Treatment Pathway Mandated
886,Laundry,6.62,36.86,0.43,92.27,350.02,400.65,179.63,495.55,0.3,149.9,879.77,19.37,4.5,25.76,13188,0,Sewer Bypass,Severe Contamination / Environmental Hazard,"COD_severe(879.8mg/L), Septic_Anoxic(DO=0.30,BOD=149.9,COD=879.8)",No Treatment Viable - Direct Sewer Bypass,Critical Hazard Failsafe
887,Laundry,6.97,24.16,0.41,80.11,335.54,363.37,98.78,592.84,2.36,410.33,595.82,8.24,4.79,21.01,112755,0,Sewer Bypass,Severe Contamination / Environmental Hazard,BOD_severe(410.3mg/L),No Treatment Viable - Direct Sewer Bypass,Critical Hazard Failsafe
888,Bathroom,6.7,31.2,0.21,28.49,210.3,214.7,51.36,457.46,5.21,31.46,111.99,9.45,7.67,17.8,10842,2,Restricted Irrigation,Moderate Water Quality Profile Suitable for Restricted Irrigation,"TSS_exceeds_indoor(51.4mg/L), TUR_exceeds_indoor(28.5NTU)",Secondary Settling / Disc Filtration & Drip Irrigation Barrier Required,Restricted Non-Potable Landscape Irrigation
889,Bathroom,6.42,22.83,0.19,26.78,216.95,217.12,59.89,784.54,3.6,90.14,202.4,11.25,8.38,14.96,17450,2,Restricted Irrigation,Moderate Water Quality Profile Suitable for Restricted Irrigation,"BOD_exceeds_indoor(90.1mg/L), COD_exceeds_indoor(202.4mg/L), TSS_exceeds_indoor(59.9mg/L), TUR_exceeds_indoor(26.8NTU), pH_outside_indoor(6.42)",Secondary Settling / Disc Filtration & Drip Irrigation Barrier Required,Restricted Non-Potable Landscape Irrigation
890,Kitchen,7.18,18.0,0.61,122.96,433.02,472.22,244.69,566.27,1.34,417.7,601.95,9.5,7.26,20.02,194899,0,Sewer Bypass,Severe Contamination / Environmental Hazard,"BOD_severe(417.7mg/L), SAL_severe(0.61ppt)",No Treatment Viable - Direct Sewer Bypass,Critical Hazard Failsafe
891,Laundry,7.08,24.11,0.5,44.49,546.6,553.49,69.37,722.1,0.39,407.53,570.55,8.84,5.08,27.61,38612,0,Sewer Bypass,Severe Contamination / Environmental Hazard,"BOD_severe(407.5mg/L), Septic_Anoxic(DO=0.39,BOD=407.5,COD=570.5)",No Treatment Viable - Direct Sewer Bypass,Critical Hazard Failsafe
892,Mixed,7.09,24.22,0.52,52.9,298.89,328.89,121.04,531.68,3.31,84.89,466.94,7.63,4.82,12.33,28181,1,Bio-filtration,Elevated Organic / Particulate / Biological Load,"COD_elevated(466.9mg/L), TSS_elevated(121.0mg/L)",Biological Oxidation & Sand Bio-filtration Required,Treatment Pathway Mandated
893,Bathroom,7.0,27.09,0.23,15.37,448.84,472.65,28.12,445.1,4.21,47.13,129.87,11.93,6.41,22.61,19804,2,Restricted Irrigation,Moderate Water Quality Profile Suitable for Restricted Irrigation,"BOD_exceeds_indoor(47.1mg/L), COD_exceeds_indoor(129.9mg/L), TDS_exceeds_indoor(472.6mg/L)",Secondary Settling / Disc Filtration & Drip Irrigation Barrier Required,Restricted Non-Potable Landscape Irrigation
894,Bathroom,7.08,25.91,0.25,47.29,292.87,307.1,81.12,506.93,4.98,53.76,104.57,12.12,9.54,13.59,38945,2,Restricted Irrigation,Moderate Water Quality Profile Suitable for Restricted Irrigation,"BOD_exceeds_indoor(53.8mg/L), TSS_exceeds_indoor(81.1mg/L), TUR_exceeds_indoor(47.3NTU), E_coli_exceeds_indoor(38945CFU), TDS_exceeds_indoor(307.1mg/L)",Secondary Settling / Disc Filtration & Drip Irrigation Barrier Required,Restricted Non-Potable Landscape Irrigation
895,Mixed,6.63,30.73,0.28,31.86,226.34,232.55,48.44,454.07,3.22,206.7,289.37,9.59,7.41,19.73,11169,1,Bio-filtration,Elevated Organic / Particulate / Biological Load,BOD_elevated(206.7mg/L),Biological Oxidation & Sand Bio-filtration Required,Treatment Pathway Mandated
896,Mixed,7.67,24.25,0.28,70.38,231.09,237.05,207.47,566.09,4.94,145.14,203.2,11.43,3.82,10.47,71077,1,Bio-filtration,Elevated Organic / Particulate / Biological Load,"BOD_elevated(145.1mg/L), TSS_elevated(207.5mg/L), TUR_elevated(70.4NTU)",Biological Oxidation & Sand Bio-filtration Required,Treatment Pathway Mandated
897,Bathroom,7.33,21.82,0.14,48.64,251.28,272.3,77.31,729.13,4.13,38.9,173.34,5.42,7.36,21.15,27858,2,Restricted Irrigation,Moderate Water Quality Profile Suitable for Restricted Irrigation,"COD_exceeds_indoor(173.3mg/L), TSS_exceeds_indoor(77.3mg/L), TUR_exceeds_indoor(48.6NTU), E_coli_exceeds_indoor(27858CFU)",Secondary Settling / Disc Filtration & Drip Irrigation Barrier Required,Restricted Non-Potable Landscape Irrigation
898,Bathroom,6.79,24.94,0.28,38.49,172.02,169.8,98.72,491.78,4.93,81.09,218.98,2.27,4.55,17.05,12200,1,Bio-filtration,Elevated Organic / Particulate / Biological Load,TSS_elevated(98.7mg/L),Biological Oxidation & Sand Bio-filtration Required,Treatment Pathway Mandated
899,Bathroom,7.62,34.33,0.33,25.0,247.72,266.36,42.81,493.04,3.42,35.45,50.0,4.42,4.04,16.93,6793,2,Restricted Irrigation,Moderate Water Quality Profile Suitable for Restricted Irrigation,"SAL_exceeds_indoor(0.33ppt), DO_low_for_indoor(3.42mg/L)",Secondary Settling / Disc Filtration & Drip Irrigation Barrier Required,Restricted Non-Potable Landscape Irrigation
900,Laundry,6.48,22.82,0.37,57.9,335.57,358.47,122.18,509.79,0.72,218.96,692.88,15.49,3.93,17.13,44976,0,Sewer Bypass,Severe Contamination / Environmental Hazard,"Septic_Anoxic(DO=0.72,BOD=219.0,COD=692.9)",No Treatment Viable - Direct Sewer Bypass,Critical Hazard Failsafe
901,Laundry,6.47,26.7,0.34,152.62,305.54,319.97,184.59,438.49,2.04,229.6,463.34,4.85,4.14,19.31,20568,0,Sewer Bypass,Severe Contamination / Environmental Hazard,TUR_severe(152.6NTU),No Treatment Viable - Direct Sewer Bypass,Critical Hazard Failsafe
902,Bathroom,6.88,28.32,0.25,25.42,277.56,308.69,55.91,563.75,3.82,79.75,115.01,14.69,9.86,13.16,17849,2,Restricted Irrigation,Moderate Water Quality Profile Suitable for Restricted Irrigation,"BOD_exceeds_indoor(79.8mg/L), TSS_exceeds_indoor(55.9mg/L), TUR_exceeds_indoor(25.4NTU), TDS_exceeds_indoor(308.7mg/L)",Secondary Settling / Disc Filtration & Drip Irrigation Barrier Required,Restricted Non-Potable Landscape Irrigation
903,Bathroom,7.37,26.65,0.15,42.28,323.96,345.55,84.09,519.26,5.14,33.23,100.32,12.34,7.49,19.38,30221,2,Restricted Irrigation,Moderate Water Quality Profile Suitable for Restricted Irrigation,"TSS_exceeds_indoor(84.1mg/L), TUR_exceeds_indoor(42.3NTU), E_coli_exceeds_indoor(30221CFU), TDS_exceeds_indoor(345.6mg/L)",Secondary Settling / Disc Filtration & Drip Irrigation Barrier Required,Restricted Non-Potable Landscape Irrigation
904,Laundry,7.0,28.83,0.53,110.81,231.01,248.83,148.15,828.06,0.3,37.07,835.75,12.61,7.02,22.93,98668,0,Sewer Bypass,Severe Contamination / Environmental Hazard,"COD_severe(835.8mg/L), Septic_Anoxic(DO=0.30,BOD=37.1,COD=835.8)",No Treatment Viable - Direct Sewer Bypass,Critical Hazard Failsafe
905,Mixed,6.82,26.52,0.23,76.73,304.39,308.62,135.85,474.67,1.5,134.92,321.48,6.9,1.56,13.54,231784,1,Bio-filtration,Elevated Organic / Particulate / Biological Load,"BOD_elevated(134.9mg/L), COD_elevated(321.5mg/L), TSS_elevated(135.8mg/L), TUR_elevated(76.7NTU), E_coli_elevated(231784CFU), DO_depleted(1.50mg/L)",Biological Oxidation & Sand Bio-filtration Required,Treatment Pathway Mandated
906,Kitchen,6.98,30.16,0.42,180.0,831.77,861.64,350.0,582.23,1.09,354.02,797.66,11.04,6.27,25.72,131530,0,Sewer Bypass,Severe Contamination / Environmental Hazard,"TSS_severe(350.0mg/L), TUR_severe(180.0NTU), TDS_severe(861.6mg/L)",No Treatment Viable - Direct Sewer Bypass,Critical Hazard Failsafe
907,Laundry,6.87,23.15,0.45,104.3,428.94,455.16,218.99,816.02,0.92,163.25,558.83,10.83,4.05,25.21,175100,1,Bio-filtration,Elevated Organic / Particulate / Biological Load,"BOD_elevated(163.2mg/L), COD_elevated(558.8mg/L), TSS_elevated(219.0mg/L), TUR_elevated(104.3NTU), E_coli_elevated(175100CFU), DO_depleted(0.92mg/L)",Biological Oxidation & Sand Bio-filtration Required,Treatment Pathway Mandated
908,Bathroom,7.4,31.73,0.33,31.69,251.5,244.25,54.68,357.99,4.0,58.16,198.52,8.79,8.76,7.97,11138,2,Restricted Irrigation,Moderate Water Quality Profile Suitable for Restricted Irrigation,"BOD_exceeds_indoor(58.2mg/L), COD_exceeds_indoor(198.5mg/L), TSS_exceeds_indoor(54.7mg/L), TUR_exceeds_indoor(31.7NTU), SAL_exceeds_indoor(0.33ppt)",Secondary Settling / Disc Filtration & Drip Irrigation Barrier Required,Restricted Non-Potable Landscape Irrigation
909,Bathroom,6.69,18.0,0.21,45.7,232.29,233.18,90.25,592.61,4.93,38.19,134.08,8.37,4.27,9.5,24529,1,Bio-filtration,Elevated Organic / Particulate / Biological Load,TSS_elevated(90.2mg/L),Biological Oxidation & Sand Bio-filtration Required,Treatment Pathway Mandated
910,Bathroom,6.81,26.68,0.31,32.07,235.81,242.67,65.74,755.05,2.96,90.06,126.09,9.29,7.46,19.15,67162,2,Restricted Irrigation,Moderate Water Quality Profile Suitable for Restricted Irrigation,"BOD_exceeds_indoor(90.1mg/L), COD_exceeds_indoor(126.1mg/L), TSS_exceeds_indoor(65.7mg/L), TUR_exceeds_indoor(32.1NTU), E_coli_exceeds_indoor(67162CFU), SAL_exceeds_indoor(0.31ppt), DO_low_for_indoor(2.96mg/L)",Secondary Settling / Disc Filtration & Drip Irrigation Barrier Required,Restricted Non-Potable Landscape Irrigation
911,Mixed,6.41,32.64,0.4,72.63,175.18,177.14,136.28,598.23,3.31,187.54,262.55,4.34,6.65,21.65,20227,1,Bio-filtration,Elevated Organic / Particulate / Biological Load,"BOD_elevated(187.5mg/L), TSS_elevated(136.3mg/L), TUR_elevated(72.6NTU)",Biological Oxidation & Sand Bio-filtration Required,Treatment Pathway Mandated
912,Mixed,7.06,23.03,0.41,54.67,349.42,370.83,114.47,684.77,3.5,88.44,445.52,15.54,5.93,13.8,26160,1,Bio-filtration,Elevated Organic / Particulate / Biological Load,"COD_elevated(445.5mg/L), TSS_elevated(114.5mg/L)",Biological Oxidation & Sand Bio-filtration Required,Treatment Pathway Mandated
913,Mixed,6.91,27.05,0.27,84.29,432.05,459.35,150.25,536.82,3.08,207.09,338.1,12.54,7.23,21.92,30265,1,Bio-filtration,Elevated Organic / Particulate / Biological Load,"BOD_elevated(207.1mg/L), COD_elevated(338.1mg/L), TSS_elevated(150.2mg/L), TUR_elevated(84.3NTU)",Biological Oxidation & Sand Bio-filtration Required,Treatment Pathway Mandated
914,Mixed,7.61,28.15,0.43,55.11,343.93,353.19,126.03,417.66,3.09,161.48,246.85,6.42,2.03,20.68,507441,0,Sewer Bypass,Severe Contamination / Environmental Hazard,E_coli_severe(507441CFU),No Treatment Viable - Direct Sewer Bypass,Critical Hazard Failsafe
915,Mixed,6.73,22.72,0.3,82.1,323.33,325.48,144.02,476.55,4.68,20.0,179.93,13.07,8.86,19.09,7333,1,Bio-filtration,Elevated Organic / Particulate / Biological Load,"TSS_elevated(144.0mg/L), TUR_elevated(82.1NTU)",Biological Oxidation & Sand Bio-filtration Required,Treatment Pathway Mandated
916,Mixed,7.08,32.96,0.32,101.92,441.91,464.9,123.54,544.86,2.83,260.2,364.27,12.2,6.78,22.11,33918,1,Bio-filtration,Elevated Organic / Particulate / Biological Load,"BOD_elevated(260.2mg/L), COD_elevated(364.3mg/L), TSS_elevated(123.5mg/L), TUR_elevated(101.9NTU)",Biological Oxidation & Sand Bio-filtration Required,Treatment Pathway Mandated
917,Bathroom,6.63,33.17,0.25,14.9,368.95,417.57,22.9,636.23,4.16,26.04,149.4,7.53,4.35,18.09,11176,2,Restricted Irrigation,Moderate Water Quality Profile Suitable for Restricted Irrigation,"COD_exceeds_indoor(149.4mg/L), TDS_exceeds_indoor(417.6mg/L)",Secondary Settling / Disc Filtration & Drip Irrigation Barrier Required,Restricted Non-Potable Landscape Irrigation
918,Bathroom,7.85,25.92,0.23,30.42,241.79,234.5,32.32,562.99,4.7,23.69,92.73,4.9,5.91,24.16,23720,2,Restricted Irrigation,Moderate Water Quality Profile Suitable for Restricted Irrigation,"TUR_exceeds_indoor(30.4NTU), E_coli_exceeds_indoor(23720CFU)",Secondary Settling / Disc Filtration & Drip Irrigation Barrier Required,Restricted Non-Potable Landscape Irrigation
919,Laundry,6.39,23.19,0.4,85.51,371.52,384.56,165.94,922.69,1.46,150.95,758.07,11.19,5.4,20.88,64776,1,Bio-filtration,Elevated Organic / Particulate / Biological Load,"BOD_elevated(150.9mg/L), COD_elevated(758.1mg/L), TSS_elevated(165.9mg/L), TUR_elevated(85.5NTU), DO_depleted(1.46mg/L)",Biological Oxidation & Sand Bio-filtration Required,Treatment Pathway Mandated
920,Laundry,6.18,29.54,0.41,124.67,573.26,615.9,237.09,697.62,1.89,292.86,547.02,15.36,8.67,17.46,67338,1,Bio-filtration,Elevated Organic / Particulate / Biological Load,"BOD_elevated(292.9mg/L), COD_elevated(547.0mg/L), TSS_elevated(237.1mg/L), TUR_elevated(124.7NTU), DO_depleted(1.89mg/L)",Biological Oxidation & Sand Bio-filtration Required,Treatment Pathway Mandated
921,Bathroom,6.85,24.45,0.28,15.2,276.16,282.03,26.31,518.93,3.34,86.04,120.46,8.93,9.48,10.43,38316,2,Restricted Irrigation,Moderate Water Quality Profile Suitable for Restricted Irrigation,"BOD_exceeds_indoor(86.0mg/L), E_coli_exceeds_indoor(38316CFU), DO_low_for_indoor(3.34mg/L)",Secondary Settling / Disc Filtration & Drip Irrigation Barrier Required,Restricted Non-Potable Landscape Irrigation
922,Mixed,7.71,18.0,0.29,74.33,369.98,389.74,112.18,475.28,3.23,140.67,248.47,14.87,3.76,9.1,233990,1,Bio-filtration,Elevated Organic / Particulate / Biological Load,"BOD_elevated(140.7mg/L), TSS_elevated(112.2mg/L), TUR_elevated(74.3NTU), E_coli_elevated(233990CFU)",Biological Oxidation & Sand Bio-filtration Required,Treatment Pathway Mandated
923,Kitchen,7.33,25.25,0.53,115.33,598.8,637.67,233.85,661.88,0.3,39.94,987.2,11.28,6.86,24.31,148838,0,Sewer Bypass,Severe Contamination / Environmental Hazard,"COD_severe(987.2mg/L), Septic_Anoxic(DO=0.30,BOD=39.9,COD=987.2)",No Treatment Viable - Direct Sewer Bypass,Critical Hazard Failsafe
924,Laundry,7.04,22.67,0.34,56.06,388.94,416.96,136.86,716.95,1.55,249.59,565.14,12.83,6.16,11.3,9310,1,Bio-filtration,Elevated Organic / Particulate / Biological Load,"BOD_elevated(249.6mg/L), COD_elevated(565.1mg/L), TSS_elevated(136.9mg/L), DO_depleted(1.55mg/L)",Biological Oxidation & Sand Bio-filtration Required,Treatment Pathway Mandated
925,Bathroom,6.87,29.52,0.33,30.56,367.8,383.87,73.67,657.77,5.19,28.52,130.78,9.52,6.87,10.82,136254,1,Bio-filtration,Elevated Organic / Particulate / Biological Load,E_coli_elevated(136254CFU),Biological Oxidation & Sand Bio-filtration Required,Treatment Pathway Mandated
926,Bathroom,6.72,18.03,0.14,30.7,91.66,100.0,90.6,474.55,5.16,55.56,89.15,5.28,5.96,7.76,269013,1,Bio-filtration,Elevated Organic / Particulate / Biological Load,"TSS_elevated(90.6mg/L), E_coli_elevated(269013CFU)",Biological Oxidation & Sand Bio-filtration Required,Treatment Pathway Mandated
927,Bathroom,7.18,26.35,0.21,31.41,217.05,233.5,45.4,720.73,5.28,20.0,76.95,7.29,5.32,21.35,9194,2,Restricted Irrigation,Moderate Water Quality Profile Suitable for Restricted Irrigation,"TSS_exceeds_indoor(45.4mg/L), TUR_exceeds_indoor(31.4NTU)",Secondary Settling / Disc Filtration & Drip Irrigation Barrier Required,Restricted Non-Potable Landscape Irrigation
928,Mixed,7.52,23.99,0.31,78.1,276.81,291.28,169.41,644.63,2.66,129.82,467.91,8.38,4.36,21.49,78562,1,Bio-filtration,Elevated Organic / Particulate / Biological Load,"BOD_elevated(129.8mg/L), COD_elevated(467.9mg/L), TSS_elevated(169.4mg/L), TUR_elevated(78.1NTU), E_coli_elevated(78562CFU)",Biological Oxidation & Sand Bio-filtration Required,Treatment Pathway Mandated
929,Laundry,6.84,27.52,0.51,106.23,426.13,422.69,251.42,740.74,1.78,280.95,670.47,16.29,8.14,21.5,566317,0,Sewer Bypass,Severe Contamination / Environmental Hazard,"TSS_severe(251.4mg/L), E_coli_severe(566317CFU)",No Treatment Viable - Direct Sewer Bypass,Critical Hazard Failsafe
930,Kitchen,7.21,26.3,0.56,110.99,469.94,533.75,268.45,649.41,0.3,150.94,852.08,5.72,5.85,16.5,84476,0,Sewer Bypass,Severe Contamination / Environmental Hazard,"COD_severe(852.1mg/L), TSS_severe(268.4mg/L), Septic_Anoxic(DO=0.30,BOD=150.9,COD=852.1)",No Treatment Viable - Direct Sewer Bypass,Critical Hazard Failsafe
931,Bathroom,7.06,30.6,0.16,24.97,189.06,196.74,51.01,694.95,5.48,48.0,183.5,4.75,3.9,16.86,11223,2,Restricted Irrigation,Moderate Water Quality Profile Suitable for Restricted Irrigation,"BOD_exceeds_indoor(48.0mg/L), COD_exceeds_indoor(183.5mg/L), TSS_exceeds_indoor(51.0mg/L)",Secondary Settling / Disc Filtration & Drip Irrigation Barrier Required,Restricted Non-Potable Landscape Irrigation
932,Laundry,6.63,28.1,0.53,146.52,266.28,261.08,225.84,712.49,2.67,316.44,483.77,12.05,7.01,14.89,189270,0,Sewer Bypass,Severe Contamination / Environmental Hazard,TUR_severe(146.5NTU),No Treatment Viable - Direct Sewer Bypass,Critical Hazard Failsafe
933,Laundry,6.41,22.44,0.52,48.15,379.95,422.72,71.68,491.88,3.42,169.04,296.84,17.28,6.15,18.15,290843,1,Bio-filtration,Elevated Organic / Particulate / Biological Load,"BOD_elevated(169.0mg/L), E_coli_elevated(290843CFU)",Biological Oxidation & Sand Bio-filtration Required,Treatment Pathway Mandated
934,Mixed,7.61,28.91,0.42,51.75,339.71,375.14,78.63,731.08,2.45,188.0,263.2,8.1,5.3,11.38,54717,1,Bio-filtration,Elevated Organic / Particulate / Biological Load,BOD_elevated(188.0mg/L),Biological Oxidation & Sand Bio-filtration Required,Treatment Pathway Mandated
935,Mixed,7.92,28.8,0.33,69.98,205.06,229.26,87.28,337.56,3.57,184.57,258.4,16.64,10.25,19.29,58771,1,Bio-filtration,Elevated Organic / Particulate / Biological Load,"BOD_elevated(184.6mg/L), TUR_elevated(70.0NTU)",Biological Oxidation & Sand Bio-filtration Required,Treatment Pathway Mandated
936,Bathroom,7.26,33.08,0.28,10.41,379.5,404.49,16.23,477.55,4.72,30.55,117.04,9.33,6.51,16.45,40022,2,Restricted Irrigation,Moderate Water Quality Profile Suitable for Restricted Irrigation,"E_coli_exceeds_indoor(40022CFU), TDS_exceeds_indoor(404.5mg/L)",Secondary Settling / Disc Filtration & Drip Irrigation Barrier Required,Restricted Non-Potable Landscape Irrigation
937,Mixed,7.67,31.48,0.31,74.73,420.77,422.95,224.52,704.09,3.1,101.65,272.58,11.57,4.53,24.31,17442,1,Bio-filtration,Elevated Organic / Particulate / Biological Load,"TSS_elevated(224.5mg/L), TUR_elevated(74.7NTU)",Biological Oxidation & Sand Bio-filtration Required,Treatment Pathway Mandated
938,Bathroom,6.43,26.39,0.2,24.68,162.89,174.31,35.96,521.21,5.03,43.14,129.78,14.53,6.46,15.74,16652,2,Restricted Irrigation,Moderate Water Quality Profile Suitable for Restricted Irrigation,"COD_exceeds_indoor(129.8mg/L), pH_outside_indoor(6.43)",Secondary Settling / Disc Filtration & Drip Irrigation Barrier Required,Restricted Non-Potable Landscape Irrigation
939,Mixed,7.47,28.76,0.24,95.16,135.96,143.02,185.82,546.68,2.09,76.84,384.66,2.13,6.88,16.44,62341,1,Bio-filtration,Elevated Organic / Particulate / Biological Load,"COD_elevated(384.7mg/L), TSS_elevated(185.8mg/L), TUR_elevated(95.2NTU)",Biological Oxidation & Sand Bio-filtration Required,Treatment Pathway Mandated
940,Bathroom,6.68,26.49,0.21,49.89,129.56,144.37,75.71,516.81,4.15,69.14,179.54,11.28,6.45,14.21,5485,2,Restricted Irrigation,Moderate Water Quality Profile Suitable for Restricted Irrigation,"BOD_exceeds_indoor(69.1mg/L), COD_exceeds_indoor(179.5mg/L), TSS_exceeds_indoor(75.7mg/L), TUR_exceeds_indoor(49.9NTU)",Secondary Settling / Disc Filtration & Drip Irrigation Barrier Required,Restricted Non-Potable Landscape Irrigation
941,Bathroom,6.64,20.92,0.16,33.18,270.17,299.51,60.81,415.32,5.01,41.24,79.02,7.95,7.27,14.28,13330,2,Restricted Irrigation,Moderate Water Quality Profile Suitable for Restricted Irrigation,"TSS_exceeds_indoor(60.8mg/L), TUR_exceeds_indoor(33.2NTU)",Secondary Settling / Disc Filtration & Drip Irrigation Barrier Required,Restricted Non-Potable Landscape Irrigation
942,Mixed,7.96,19.7,0.29,94.22,489.17,493.8,155.59,730.5,2.99,114.83,259.23,5.94,7.69,15.54,67955,1,Bio-filtration,Elevated Organic / Particulate / Biological Load,"TSS_elevated(155.6mg/L), TUR_elevated(94.2NTU)",Biological Oxidation & Sand Bio-filtration Required,Treatment Pathway Mandated
943,Bathroom,6.49,27.14,0.29,20.84,172.82,180.84,47.42,572.67,4.94,52.14,114.73,6.53,7.19,20.89,8622,2,Restricted Irrigation,Moderate Water Quality Profile Suitable for Restricted Irrigation,"BOD_exceeds_indoor(52.1mg/L), TSS_exceeds_indoor(47.4mg/L), SAL_exceeds_indoor(0.29ppt), pH_outside_indoor(6.49)",Secondary Settling / Disc Filtration & Drip Irrigation Barrier Required,Restricted Non-Potable Landscape Irrigation
944,Laundry,6.66,24.54,0.37,46.22,373.9,369.45,61.45,861.16,0.54,516.77,723.48,12.11,4.59,24.23,128581,0,Sewer Bypass,Severe Contamination / Environmental Hazard,"BOD_severe(516.8mg/L), Septic_Anoxic(DO=0.54,BOD=516.8,COD=723.5)",No Treatment Viable - Direct Sewer Bypass,Critical Hazard Failsafe
945,Laundry,7.26,21.08,0.4,116.77,276.2,304.68,222.74,694.69,1.95,360.37,705.1,8.64,8.7,25.98,55467,1,Bio-filtration,Elevated Organic / Particulate / Biological Load,"BOD_elevated(360.4mg/L), COD_elevated(705.1mg/L), TSS_elevated(222.7mg/L), TUR_elevated(116.8NTU), DO_depleted(1.95mg/L)",Biological Oxidation & Sand Bio-filtration Required,Treatment Pathway Mandated
946,Bathroom,6.42,20.77,0.14,29.34,431.53,449.19,44.67,438.03,5.92,74.24,125.81,11.63,7.59,17.53,6717,2,Restricted Irrigation,Moderate Water Quality Profile Suitable for Restricted Irrigation,"BOD_exceeds_indoor(74.2mg/L), COD_exceeds_indoor(125.8mg/L), TUR_exceeds_indoor(29.3NTU), TDS_exceeds_indoor(449.2mg/L), pH_outside_indoor(6.42)",Secondary Settling / Disc Filtration & Drip Irrigation Barrier Required,Restricted Non-Potable Landscape Irrigation
947,Kitchen,7.09,20.84,0.46,158.24,529.71,530.72,294.5,792.75,1.84,392.23,646.43,11.02,7.11,28.16,196997,0,Sewer Bypass,Severe Contamination / Environmental Hazard,"TSS_severe(294.5mg/L), TUR_severe(158.2NTU)",No Treatment Viable - Direct Sewer Bypass,Critical Hazard Failsafe
948,Mixed,7.57,29.57,0.22,108.18,362.38,366.78,192.96,452.04,3.57,241.08,337.52,13.28,7.9,14.93,31745,1,Bio-filtration,Elevated Organic / Particulate / Biological Load,"BOD_elevated(241.1mg/L), COD_elevated(337.5mg/L), TSS_elevated(193.0mg/L), TUR_elevated(108.2NTU)",Biological Oxidation & Sand Bio-filtration Required,Treatment Pathway Mandated
949,Mixed,7.43,25.68,0.42,36.99,484.52,521.91,50.05,519.37,1.73,21.33,422.84,9.38,4.4,29.79,79290,1,Bio-filtration,Elevated Organic / Particulate / Biological Load,"COD_elevated(422.8mg/L), E_coli_elevated(79290CFU), DO_depleted(1.73mg/L)",Biological Oxidation & Sand Bio-filtration Required,Treatment Pathway Mandated
950,Laundry,6.65,25.65,0.37,97.98,442.75,452.92,176.3,450.95,2.62,347.95,487.12,13.35,5.63,24.76,14067,1,Bio-filtration,Elevated Organic / Particulate / Biological Load,"BOD_elevated(347.9mg/L), COD_elevated(487.1mg/L), TSS_elevated(176.3mg/L), TUR_elevated(98.0NTU)",Biological Oxidation & Sand Bio-filtration Required,Treatment Pathway Mandated
951,Laundry,6.66,32.55,0.5,155.85,697.36,724.89,312.64,784.09,1.08,315.07,715.04,14.81,4.35,21.23,47430,0,Sewer Bypass,Severe Contamination / Environmental Hazard,"TSS_severe(312.6mg/L), TUR_severe(155.8NTU)",No Treatment Viable - Direct Sewer Bypass,Critical Hazard Failsafe
952,Bathroom,6.58,19.57,0.23,29.81,248.6,257.83,61.11,542.5,3.9,34.87,169.91,6.79,5.17,12.2,11764,2,Restricted Irrigation,Moderate Water Quality Profile Suitable for Restricted Irrigation,"COD_exceeds_indoor(169.9mg/L), TSS_exceeds_indoor(61.1mg/L), TUR_exceeds_indoor(29.8NTU)",Secondary Settling / Disc Filtration & Drip Irrigation Barrier Required,Restricted Non-Potable Landscape Irrigation
953,Bathroom,6.8,25.71,0.29,43.03,321.07,314.2,100.92,753.99,5.01,66.95,107.82,6.38,2.57,24.34,5734,1,Bio-filtration,Elevated Organic / Particulate / Biological Load,TSS_elevated(100.9mg/L),Biological Oxidation & Sand Bio-filtration Required,Treatment Pathway Mandated
954,Bathroom,7.15,23.04,0.43,48.8,378.82,386.09,115.21,520.88,4.46,71.42,99.98,8.46,5.18,9.51,29447,1,Bio-filtration,Elevated Organic / Particulate / Biological Load,TSS_elevated(115.2mg/L),Biological Oxidation & Sand Bio-filtration Required,Treatment Pathway Mandated
955,Mixed,6.81,18.0,0.31,57.17,236.17,255.17,23.08,442.37,4.07,119.41,340.67,11.86,8.0,21.37,25270,1,Bio-filtration,Elevated Organic / Particulate / Biological Load,COD_elevated(340.7mg/L),Biological Oxidation & Sand Bio-filtration Required,Treatment Pathway Mandated
956,Mixed,7.45,31.48,0.27,55.08,247.0,251.73,62.42,412.37,3.89,188.83,322.99,7.15,3.62,18.4,31494,1,Bio-filtration,Elevated Organic / Particulate / Biological Load,"BOD_elevated(188.8mg/L), COD_elevated(323.0mg/L)",Biological Oxidation & Sand Bio-filtration Required,Treatment Pathway Mandated
957,Mixed,7.09,18.64,0.18,71.62,443.42,482.59,161.84,542.49,3.55,102.74,199.57,11.22,9.6,12.08,43108,1,Bio-filtration,Elevated Organic / Particulate / Biological Load,"TSS_elevated(161.8mg/L), TUR_elevated(71.6NTU)",Biological Oxidation & Sand Bio-filtration Required,Treatment Pathway Mandated
958,Laundry,6.59,21.29,0.4,98.17,381.77,430.19,177.51,477.02,1.38,422.18,627.52,12.22,6.11,21.27,127255,0,Sewer Bypass,Severe Contamination / Environmental Hazard,BOD_severe(422.2mg/L),No Treatment Viable - Direct Sewer Bypass,Critical Hazard Failsafe
959,Laundry,6.87,27.98,0.52,51.22,331.35,335.27,111.61,674.21,1.05,336.9,495.94,18.81,8.05,26.02,698457,0,Sewer Bypass,Severe Contamination / Environmental Hazard,E_coli_severe(698457CFU),No Treatment Viable - Direct Sewer Bypass,Critical Hazard Failsafe
960,Laundry,6.45,21.22,0.39,5.0,540.93,548.47,10.0,473.87,1.09,300.69,687.94,15.17,5.96,26.13,150468,1,Bio-filtration,Elevated Organic / Particulate / Biological Load,"BOD_elevated(300.7mg/L), COD_elevated(687.9mg/L), E_coli_elevated(150468CFU), DO_depleted(1.09mg/L)",Biological Oxidation & Sand Bio-filtration Required,Treatment Pathway Mandated
961,Laundry,6.48,33.25,0.5,135.75,475.95,490.05,345.67,412.06,0.61,226.66,746.99,6.43,4.52,24.46,64833,0,Sewer Bypass,Severe Contamination / Environmental Hazard,"TSS_severe(345.7mg/L), Septic_Anoxic(DO=0.61,BOD=226.7,COD=747.0)",No Treatment Viable - Direct Sewer Bypass,Critical Hazard Failsafe
962,Laundry,6.68,24.17,0.45,116.35,573.44,655.83,350.0,690.93,1.92,231.14,539.34,7.27,3.97,27.76,16940,0,Sewer Bypass,Severe Contamination / Environmental Hazard,TSS_severe(350.0mg/L),No Treatment Viable - Direct Sewer Bypass,Critical Hazard Failsafe
963,Bathroom,7.15,25.33,0.19,23.23,410.8,445.64,30.0,497.64,4.37,55.14,137.07,8.33,4.26,21.9,17886,2,Restricted Irrigation,Moderate Water Quality Profile Suitable for Restricted Irrigation,"BOD_exceeds_indoor(55.1mg/L), COD_exceeds_indoor(137.1mg/L), TDS_exceeds_indoor(445.6mg/L)",Secondary Settling / Disc Filtration & Drip Irrigation Barrier Required,Restricted Non-Potable Landscape Irrigation
964,Bathroom,6.83,33.66,0.25,33.51,375.1,371.73,79.74,602.66,2.55,53.59,118.89,11.68,6.42,21.7,17791,2,Restricted Irrigation,Moderate Water Quality Profile Suitable for Restricted Irrigation,"BOD_exceeds_indoor(53.6mg/L), TSS_exceeds_indoor(79.7mg/L), TUR_exceeds_indoor(33.5NTU), TDS_exceeds_indoor(371.7mg/L), DO_low_for_indoor(2.55mg/L)",Secondary Settling / Disc Filtration & Drip Irrigation Barrier Required,Restricted Non-Potable Landscape Irrigation
965,Mixed,7.53,20.8,0.35,38.4,95.46,100.0,55.77,435.72,5.92,132.77,185.87,9.84,3.62,10.15,58871,1,Bio-filtration,Elevated Organic / Particulate / Biological Load,BOD_elevated(132.8mg/L),Biological Oxidation & Sand Bio-filtration Required,Treatment Pathway Mandated
966,Laundry,6.84,32.86,0.5,92.36,630.97,669.32,183.97,815.14,1.41,426.93,597.7,4.49,4.97,27.5,196146,0,Sewer Bypass,Severe Contamination / Environmental Hazard,BOD_severe(426.9mg/L),No Treatment Viable - Direct Sewer Bypass,Critical Hazard Failsafe
967,Mixed,7.27,34.65,0.34,56.26,243.89,259.1,72.86,628.73,3.28,199.04,278.65,2.27,5.93,16.38,23288,1,Bio-filtration,Elevated Organic / Particulate / Biological Load,BOD_elevated(199.0mg/L),Biological Oxidation & Sand Bio-filtration Required,Treatment Pathway Mandated
968,Bathroom,6.96,25.84,0.27,56.61,185.76,190.87,74.11,453.28,4.49,50.35,129.73,6.78,7.31,13.34,18141,2,Restricted Irrigation,Moderate Water Quality Profile Suitable for Restricted Irrigation,"BOD_exceeds_indoor(50.4mg/L), COD_exceeds_indoor(129.7mg/L), TSS_exceeds_indoor(74.1mg/L), TUR_exceeds_indoor(56.6NTU)",Secondary Settling / Disc Filtration & Drip Irrigation Barrier Required,Restricted Non-Potable Landscape Irrigation
969,Laundry,7.03,28.02,0.29,116.42,460.89,470.89,192.51,497.76,0.3,92.88,873.16,14.17,4.49,25.0,8841,0,Sewer Bypass,Severe Contamination / Environmental Hazard,"COD_severe(873.2mg/L), Septic_Anoxic(DO=0.30,BOD=92.9,COD=873.2)",No Treatment Viable - Direct Sewer Bypass,Critical Hazard Failsafe
970,Bathroom,6.92,33.54,0.22,43.74,222.04,251.67,52.7,686.14,3.1,53.42,142.9,10.43,5.0,17.24,11219,2,Restricted Irrigation,Moderate Water Quality Profile Suitable for Restricted Irrigation,"BOD_exceeds_indoor(53.4mg/L), COD_exceeds_indoor(142.9mg/L), TSS_exceeds_indoor(52.7mg/L), TUR_exceeds_indoor(43.7NTU), DO_low_for_indoor(3.10mg/L)",Secondary Settling / Disc Filtration & Drip Irrigation Barrier Required,Restricted Non-Potable Landscape Irrigation
971,Bathroom,6.45,25.08,0.25,42.85,300.96,313.1,94.45,495.65,4.19,44.45,173.53,6.44,2.54,22.22,9503,1,Bio-filtration,Elevated Organic / Particulate / Biological Load,TSS_elevated(94.5mg/L),Biological Oxidation & Sand Bio-filtration Required,Treatment Pathway Mandated
972,Bathroom,7.03,37.59,0.28,44.82,389.78,415.34,102.27,523.19,4.18,99.46,139.24,5.88,7.25,15.43,55614,1,Bio-filtration,Elevated Organic / Particulate / Biological Load,TSS_elevated(102.3mg/L),Biological Oxidation & Sand Bio-filtration Required,Treatment Pathway Mandated
973,Bathroom,6.42,29.47,0.18,27.11,327.52,341.36,42.27,473.77,4.17,73.43,102.8,10.48,9.07,17.07,15693,2,Restricted Irrigation,Moderate Water Quality Profile Suitable for Restricted Irrigation,"BOD_exceeds_indoor(73.4mg/L), TUR_exceeds_indoor(27.1NTU), TDS_exceeds_indoor(341.4mg/L), pH_outside_indoor(6.42)",Secondary Settling / Disc Filtration & Drip Irrigation Barrier Required,Restricted Non-Potable Landscape Irrigation
974,Mixed,7.4,18.0,0.34,37.73,272.77,292.84,40.74,658.51,3.64,168.98,236.57,12.59,5.48,18.62,31577,1,Bio-filtration,Elevated Organic / Particulate / Biological Load,BOD_elevated(169.0mg/L),Biological Oxidation & Sand Bio-filtration Required,Treatment Pathway Mandated
975,Laundry,6.93,32.14,0.26,135.96,584.08,601.26,246.67,591.87,1.86,129.37,508.24,15.59,8.88,17.59,181336,1,Bio-filtration,Elevated Organic / Particulate / Biological Load,"BOD_elevated(129.4mg/L), COD_elevated(508.2mg/L), TSS_elevated(246.7mg/L), TUR_elevated(136.0NTU), E_coli_elevated(181336CFU), DO_depleted(1.86mg/L)",Biological Oxidation & Sand Bio-filtration Required,Treatment Pathway Mandated
976,Kitchen,7.23,30.07,0.65,153.85,774.4,823.58,347.16,483.86,0.3,346.5,699.09,11.64,8.64,22.22,306157,0,Sewer Bypass,Severe Contamination / Environmental Hazard,"TSS_severe(347.2mg/L), TUR_severe(153.8NTU), TDS_severe(823.6mg/L), SAL_severe(0.65ppt), Septic_Anoxic(DO=0.30,BOD=346.5,COD=699.1)",No Treatment Viable - Direct Sewer Bypass,Critical Hazard Failsafe
977,Laundry,6.91,31.78,0.39,101.37,298.1,309.8,255.5,735.54,1.1,532.64,759.09,17.26,7.84,20.46,9017,0,Sewer Bypass,Severe Contamination / Environmental Hazard,"BOD_severe(532.6mg/L), TSS_severe(255.5mg/L)",No Treatment Viable - Direct Sewer Bypass,Critical Hazard Failsafe
978,Laundry,7.04,26.28,0.44,78.38,363.41,404.79,77.44,849.22,3.12,20.0,431.06,7.18,8.06,23.32,20600,1,Bio-filtration,Elevated Organic / Particulate / Biological Load,"COD_elevated(431.1mg/L), TUR_elevated(78.4NTU)",Biological Oxidation & Sand Bio-filtration Required,Treatment Pathway Mandated
979,Laundry,6.85,24.98,0.48,48.81,224.89,242.4,73.78,702.99,0.7,337.53,681.82,15.47,5.94,13.43,533323,0,Sewer Bypass,Severe Contamination / Environmental Hazard,"E_coli_severe(533323CFU), Septic_Anoxic(DO=0.70,BOD=337.5,COD=681.8)",No Treatment Viable - Direct Sewer Bypass,Critical Hazard Failsafe
980,Bathroom,6.18,18.57,0.32,39.69,232.62,257.74,52.6,409.44,2.5,81.67,204.6,3.76,2.43,22.31,30354,2,Restricted Irrigation,Moderate Water Quality Profile Suitable for Restricted Irrigation,"BOD_exceeds_indoor(81.7mg/L), COD_exceeds_indoor(204.6mg/L), TSS_exceeds_indoor(52.6mg/L), TUR_exceeds_indoor(39.7NTU), E_coli_exceeds_indoor(30354CFU), SAL_exceeds_indoor(0.32ppt), DO_low_for_indoor(2.50mg/L), pH_outside_indoor(6.18)",Secondary Settling / Disc Filtration & Drip Irrigation Barrier Required,Restricted Non-Potable Landscape Irrigation
981,Mixed,7.33,28.03,0.37,63.71,214.74,219.01,109.34,398.16,2.96,132.75,323.89,13.56,6.52,10.87,96592,1,Bio-filtration,Elevated Organic / Particulate / Biological Load,"BOD_elevated(132.8mg/L), COD_elevated(323.9mg/L), TSS_elevated(109.3mg/L), TUR_elevated(63.7NTU), E_coli_elevated(96592CFU)",Biological Oxidation & Sand Bio-filtration Required,Treatment Pathway Mandated
982,Mixed,7.42,29.3,0.3,88.57,265.44,269.02,90.68,534.82,3.36,252.66,353.73,4.74,4.68,11.8,832144,0,Sewer Bypass,Severe Contamination / Environmental Hazard,E_coli_severe(832144CFU),No Treatment Viable - Direct Sewer Bypass,Critical Hazard Failsafe
983,Kitchen,7.17,27.33,0.37,125.32,294.73,313.89,248.39,866.76,0.3,270.62,950.1,16.93,4.38,23.11,143484,0,Sewer Bypass,Severe Contamination / Environmental Hazard,"COD_severe(950.1mg/L), Septic_Anoxic(DO=0.30,BOD=270.6,COD=950.1)",No Treatment Viable - Direct Sewer Bypass,Critical Hazard Failsafe
984,Laundry,7.46,27.01,0.53,26.92,508.4,539.55,43.9,439.42,0.3,221.64,837.68,7.61,8.25,19.73,75072,0,Sewer Bypass,Severe Contamination / Environmental Hazard,"COD_severe(837.7mg/L), Septic_Anoxic(DO=0.30,BOD=221.6,COD=837.7)",No Treatment Viable - Direct Sewer Bypass,Critical Hazard Failsafe
985,Bathroom,6.55,24.94,0.37,40.25,160.35,170.87,64.84,527.95,6.61,48.4,98.58,6.99,5.18,12.77,15164,2,Restricted Irrigation,Moderate Water Quality Profile Suitable for Restricted Irrigation,"BOD_exceeds_indoor(48.4mg/L), TSS_exceeds_indoor(64.8mg/L), TUR_exceeds_indoor(40.2NTU), SAL_exceeds_indoor(0.37ppt)",Secondary Settling / Disc Filtration & Drip Irrigation Barrier Required,Restricted Non-Potable Landscape Irrigation
986,Mixed,7.33,31.14,0.41,74.19,437.4,436.63,140.51,597.6,1.22,88.88,562.31,7.93,3.21,12.64,185402,1,Bio-filtration,Elevated Organic / Particulate / Biological Load,"COD_elevated(562.3mg/L), TSS_elevated(140.5mg/L), TUR_elevated(74.2NTU), E_coli_elevated(185402CFU), DO_depleted(1.22mg/L)",Biological Oxidation & Sand Bio-filtration Required,Treatment Pathway Mandated
987,Laundry,7.69,24.45,0.38,106.55,458.41,458.4,298.17,890.88,1.03,339.22,658.7,8.7,4.1,24.62,279592,0,Sewer Bypass,Severe Contamination / Environmental Hazard,TSS_severe(298.2mg/L),No Treatment Viable - Direct Sewer Bypass,Critical Hazard Failsafe
988,Bathroom,6.93,28.17,0.16,49.67,128.92,136.84,134.5,555.8,1.9,57.58,176.48,9.57,5.02,5.84,21707,1,Bio-filtration,Elevated Organic / Particulate / Biological Load,"TSS_elevated(134.5mg/L), DO_depleted(1.90mg/L)",Biological Oxidation & Sand Bio-filtration Required,Treatment Pathway Mandated
989,Laundry,6.85,26.89,0.42,83.42,268.96,298.25,124.23,790.43,2.41,272.25,381.15,15.03,7.21,14.09,5874,1,Bio-filtration,Elevated Organic / Particulate / Biological Load,"BOD_elevated(272.2mg/L), COD_elevated(381.1mg/L), TSS_elevated(124.2mg/L), TUR_elevated(83.4NTU)",Biological Oxidation & Sand Bio-filtration Required,Treatment Pathway Mandated
990,Mixed,7.06,24.83,0.2,44.36,286.97,289.1,79.11,675.2,3.48,140.48,196.67,5.92,8.04,18.38,193122,1,Bio-filtration,Elevated Organic / Particulate / Biological Load,"BOD_elevated(140.5mg/L), E_coli_elevated(193122CFU)",Biological Oxidation & Sand Bio-filtration Required,Treatment Pathway Mandated
991,Kitchen,7.25,22.41,0.53,75.83,668.77,647.78,150.57,776.73,0.3,345.62,1000.0,14.22,6.36,23.21,245896,0,Sewer Bypass,Severe Contamination / Environmental Hazard,"COD_severe(1000.0mg/L), Septic_Anoxic(DO=0.30,BOD=345.6,COD=1000.0)",No Treatment Viable - Direct Sewer Bypass,Critical Hazard Failsafe
992,Mixed,7.16,23.2,0.35,88.48,331.5,332.18,224.82,615.86,1.06,364.82,510.74,12.35,9.09,10.51,32984,1,Bio-filtration,Elevated Organic / Particulate / Biological Load,"BOD_elevated(364.8mg/L), COD_elevated(510.7mg/L), TSS_elevated(224.8mg/L), TUR_elevated(88.5NTU), DO_depleted(1.06mg/L)",Biological Oxidation & Sand Bio-filtration Required,Treatment Pathway Mandated
993,Mixed,7.69,25.78,0.37,62.49,406.3,436.26,71.19,374.31,2.59,176.58,247.22,9.57,8.0,14.36,36082,1,Bio-filtration,Elevated Organic / Particulate / Biological Load,"BOD_elevated(176.6mg/L), TUR_elevated(62.5NTU)",Biological Oxidation & Sand Bio-filtration Required,Treatment Pathway Mandated
994,Bathroom,6.58,25.35,0.31,39.14,443.35,457.67,69.51,623.21,3.57,42.29,234.74,9.58,6.87,20.59,91939,1,Bio-filtration,Elevated Organic / Particulate / Biological Load,E_coli_elevated(91939CFU),Biological Oxidation & Sand Bio-filtration Required,Treatment Pathway Mandated
995,Mixed,7.09,30.53,0.35,68.74,406.52,427.29,112.9,642.61,2.94,107.5,441.29,9.32,4.81,20.23,135501,1,Bio-filtration,Elevated Organic / Particulate / Biological Load,"COD_elevated(441.3mg/L), TSS_elevated(112.9mg/L), TUR_elevated(68.7NTU), E_coli_elevated(135501CFU)",Biological Oxidation & Sand Bio-filtration Required,Treatment Pathway Mandated
996,Laundry,6.34,28.69,0.46,116.7,122.47,126.53,246.53,748.18,1.5,243.31,343.46,16.02,7.69,19.74,38740,1,Bio-filtration,Elevated Organic / Particulate / Biological Load,"BOD_elevated(243.3mg/L), COD_elevated(343.5mg/L), TSS_elevated(246.5mg/L), TUR_elevated(116.7NTU), DO_depleted(1.50mg/L)",Biological Oxidation & Sand Bio-filtration Required,Treatment Pathway Mandated
997,Kitchen,7.68,20.24,0.48,83.48,614.29,622.68,213.34,803.07,3.59,221.6,531.48,14.35,8.37,20.15,149752,1,Bio-filtration,Elevated Organic / Particulate / Biological Load,"BOD_elevated(221.6mg/L), COD_elevated(531.5mg/L), TSS_elevated(213.3mg/L), TUR_elevated(83.5NTU), E_coli_elevated(149752CFU)",Biological Oxidation & Sand Bio-filtration Required,Treatment Pathway Mandated
998,Bathroom,7.24,24.72,0.27,31.43,210.39,223.32,57.27,421.72,3.61,61.26,121.84,9.34,4.74,15.58,59970,2,Restricted Irrigation,Moderate Water Quality Profile Suitable for Restricted Irrigation,"BOD_exceeds_indoor(61.3mg/L), TSS_exceeds_indoor(57.3mg/L), TUR_exceeds_indoor(31.4NTU), E_coli_exceeds_indoor(59970CFU)",Secondary Settling / Disc Filtration & Drip Irrigation Barrier Required,Restricted Non-Potable Landscape Irrigation
999,Mixed,6.86,36.78,0.29,63.35,344.78,370.77,146.59,534.11,3.7,123.17,271.81,10.54,5.76,14.0,32437,1,Bio-filtration,Elevated Organic / Particulate / Biological Load,"BOD_elevated(123.2mg/L), TSS_elevated(146.6mg/L), TUR_elevated(63.4NTU)",Biological Oxidation & Sand Bio-filtration Required,Treatment Pathway Mandated
1000,Bathroom,6.84,29.07,0.11,43.11,333.05,346.95,85.04,499.85,3.49,50.25,112.92,6.48,5.79,11.54,9825,2,Restricted Irrigation,Moderate Water Quality Profile Suitable for Restricted Irrigation,"BOD_exceeds_indoor(50.2mg/L), TSS_exceeds_indoor(85.0mg/L), TUR_exceeds_indoor(43.1NTU), TDS_exceeds_indoor(346.9mg/L), DO_low_for_indoor(3.49mg/L)",Secondary Settling / Disc Filtration & Drip Irrigation Barrier Required,Restricted Non-Potable Landscape Irrigation
1001,Bathroom,7.54,19.79,0.3,32.76,169.28,182.03,56.05,401.89,4.81,84.73,168.3,3.75,4.81,17.07,47795,2,Restricted Irrigation,Moderate Water Quality Profile Suitable for Restricted Irrigation,"BOD_exceeds_indoor(84.7mg/L), COD_exceeds_indoor(168.3mg/L), TSS_exceeds_indoor(56.0mg/L), TUR_exceeds_indoor(32.8NTU), E_coli_exceeds_indoor(47795CFU), SAL_exceeds_indoor(0.30ppt)",Secondary Settling / Disc Filtration & Drip Irrigation Barrier Required,Restricted Non-Potable Landscape Irrigation
1002,Laundry,7.51,31.81,0.33,124.81,741.91,769.73,208.42,686.92,2.16,287.57,402.6,11.85,7.85,29.1,30520,1,Bio-filtration,Elevated Organic / Particulate / Biological Load,"BOD_elevated(287.6mg/L), COD_elevated(402.6mg/L), TSS_elevated(208.4mg/L), TUR_elevated(124.8NTU)",Biological Oxidation & Sand Bio-filtration Required,Treatment Pathway Mandated
1003,Bathroom,7.73,27.67,0.26,37.94,134.77,144.11,86.22,540.31,4.42,60.0,84.0,14.53,8.34,13.54,95526,1,Bio-filtration,Elevated Organic / Particulate / Biological Load,E_coli_elevated(95526CFU),Biological Oxidation & Sand Bio-filtration Required,Treatment Pathway Mandated
1004,Bathroom,6.56,22.63,0.27,57.83,311.61,328.55,102.65,423.53,3.29,59.34,130.9,9.95,4.74,12.0,70985,1,Bio-filtration,Elevated Organic / Particulate / Biological Load,TSS_elevated(102.7mg/L),Biological Oxidation & Sand Bio-filtration Required,Treatment Pathway Mandated
1005,Kitchen,8.16,35.74,0.66,147.31,528.55,552.19,292.04,767.84,1.88,65.0,627.55,5.59,4.97,23.25,684647,0,Sewer Bypass,Severe Contamination / Environmental Hazard,"TSS_severe(292.0mg/L), TUR_severe(147.3NTU), E_coli_severe(684647CFU), SAL_severe(0.66ppt)",No Treatment Viable - Direct Sewer Bypass,Critical Hazard Failsafe
1006,Laundry,6.45,20.84,0.38,63.54,208.8,231.66,86.57,847.24,3.13,283.51,396.92,19.76,4.81,24.1,115174,1,Bio-filtration,Elevated Organic / Particulate / Biological Load,"BOD_elevated(283.5mg/L), COD_elevated(396.9mg/L), TUR_elevated(63.5NTU), E_coli_elevated(115174CFU)",Biological Oxidation & Sand Bio-filtration Required,Treatment Pathway Mandated
1007,Mixed,7.31,28.8,0.39,73.88,503.99,513.85,150.98,496.68,5.44,98.76,311.45,0.1,5.47,21.07,55723,1,Bio-filtration,Elevated Organic / Particulate / Biological Load,"COD_elevated(311.4mg/L), TSS_elevated(151.0mg/L), TUR_elevated(73.9NTU)",Biological Oxidation & Sand Bio-filtration Required,Treatment Pathway Mandated
1008,Laundry,6.83,27.41,0.45,86.62,431.34,458.64,234.75,621.74,1.29,205.07,716.36,12.75,3.97,15.12,431902,1,Bio-filtration,Elevated Organic / Particulate / Biological Load,"BOD_elevated(205.1mg/L), COD_elevated(716.4mg/L), TSS_elevated(234.8mg/L), TUR_elevated(86.6NTU), E_coli_elevated(431902CFU), DO_depleted(1.29mg/L)",Biological Oxidation & Sand Bio-filtration Required,Treatment Pathway Mandated
1009,Kitchen,7.13,29.88,0.51,80.32,728.79,781.51,109.77,710.74,0.3,406.65,717.0,13.99,3.83,26.94,342934,0,Sewer Bypass,Severe Contamination / Environmental Hazard,"BOD_severe(406.6mg/L), Septic_Anoxic(DO=0.30,BOD=406.6,COD=717.0)",No Treatment Viable - Direct Sewer Bypass,Critical Hazard Failsafe
1010,Laundry,6.89,28.22,0.38,153.26,377.81,409.67,315.81,488.06,2.36,212.91,407.36,14.79,8.39,22.78,111986,0,Sewer Bypass,Severe Contamination / Environmental Hazard,"TSS_severe(315.8mg/L), TUR_severe(153.3NTU)",No Treatment Viable - Direct Sewer Bypass,Critical Hazard Failsafe
1011,Kitchen,7.31,18.0,0.51,135.44,167.54,189.72,233.94,901.72,0.3,564.97,813.21,22.02,9.89,17.41,69087,0,Sewer Bypass,Severe Contamination / Environmental Hazard,"BOD_severe(565.0mg/L), COD_severe(813.2mg/L), Septic_Anoxic(DO=0.30,BOD=565.0,COD=813.2)",No Treatment Viable - Direct Sewer Bypass,Critical Hazard Failsafe
1012,Laundry,6.71,20.49,0.3,93.59,278.89,294.54,179.44,358.87,1.42,223.23,530.07,10.27,4.41,9.17,46865,1,Bio-filtration,Elevated Organic / Particulate / Biological Load,"BOD_elevated(223.2mg/L), COD_elevated(530.1mg/L), TSS_elevated(179.4mg/L), TUR_elevated(93.6NTU), DO_depleted(1.42mg/L)",Biological Oxidation & Sand Bio-filtration Required,Treatment Pathway Mandated
1013,Laundry,6.83,25.6,0.5,98.72,477.88,484.04,149.55,420.79,2.51,323.17,452.44,17.12,9.83,20.51,230833,1,Bio-filtration,Elevated Organic / Particulate / Biological Load,"BOD_elevated(323.2mg/L), COD_elevated(452.4mg/L), TSS_elevated(149.6mg/L), TUR_elevated(98.7NTU), E_coli_elevated(230833CFU)",Biological Oxidation & Sand Bio-filtration Required,Treatment Pathway Mandated
1014,Mixed,6.88,26.84,0.22,57.38,372.81,363.91,109.73,431.38,3.13,265.33,371.46,10.61,6.38,12.52,103099,1,Bio-filtration,Elevated Organic / Particulate / Biological Load,"BOD_elevated(265.3mg/L), COD_elevated(371.5mg/L), TSS_elevated(109.7mg/L), E_coli_elevated(103099CFU)",Biological Oxidation & Sand Bio-filtration Required,Treatment Pathway Mandated
1015,Laundry,6.49,25.38,0.4,73.62,94.61,100.0,102.74,628.06,1.25,478.01,669.21,17.15,8.12,15.77,106031,0,Sewer Bypass,Severe Contamination / Environmental Hazard,BOD_severe(478.0mg/L),No Treatment Viable - Direct Sewer Bypass,Critical Hazard Failsafe
1016,Bathroom,7.25,18.0,0.19,60.59,400.59,413.54,70.54,664.76,6.22,66.74,93.44,3.23,5.4,7.59,19192,1,Bio-filtration,Elevated Organic / Particulate / Biological Load,TUR_elevated(60.6NTU),Biological Oxidation & Sand Bio-filtration Required,Treatment Pathway Mandated
1017,Kitchen,7.25,32.12,0.59,102.13,739.78,804.95,170.88,798.8,0.3,401.57,876.95,16.67,4.54,26.02,749076,0,Sewer Bypass,Severe Contamination / Environmental Hazard,"BOD_severe(401.6mg/L), COD_severe(877.0mg/L), E_coli_severe(749076CFU), TDS_severe(805.0mg/L), Septic_Anoxic(DO=0.30,BOD=401.6,COD=877.0)",No Treatment Viable - Direct Sewer Bypass,Critical Hazard Failsafe
1018,Mixed,6.71,29.2,0.26,80.4,469.46,474.66,148.34,604.4,5.05,135.17,189.24,11.83,4.11,20.48,223149,1,Bio-filtration,Elevated Organic / Particulate / Biological Load,"BOD_elevated(135.2mg/L), TSS_elevated(148.3mg/L), TUR_elevated(80.4NTU), E_coli_elevated(223149CFU)",Biological Oxidation & Sand Bio-filtration Required,Treatment Pathway Mandated
1019,Bathroom,7.35,22.83,0.34,5.0,289.57,313.21,10.4,633.65,5.28,93.38,186.25,14.92,9.13,16.49,5509,2,Restricted Irrigation,Moderate Water Quality Profile Suitable for Restricted Irrigation,"BOD_exceeds_indoor(93.4mg/L), COD_exceeds_indoor(186.2mg/L), TDS_exceeds_indoor(313.2mg/L), SAL_exceeds_indoor(0.34ppt)",Secondary Settling / Disc Filtration & Drip Irrigation Barrier Required,Restricted Non-Potable Landscape Irrigation
1020,Laundry,7.77,27.28,0.39,135.85,358.5,359.01,95.07,597.69,0.3,331.81,742.61,15.62,8.7,29.11,162171,0,Sewer Bypass,Severe Contamination / Environmental Hazard,"Septic_Anoxic(DO=0.30,BOD=331.8,COD=742.6)",No Treatment Viable - Direct Sewer Bypass,Critical Hazard Failsafe
1021,Mixed,7.14,21.28,0.37,106.61,386.52,403.0,114.19,432.21,3.97,182.65,255.7,4.47,8.07,19.09,44038,1,Bio-filtration,Elevated Organic / Particulate / Biological Load,"BOD_elevated(182.7mg/L), TSS_elevated(114.2mg/L), TUR_elevated(106.6NTU)",Biological Oxidation & Sand Bio-filtration Required,Treatment Pathway Mandated
1022,Kitchen,7.75,28.59,0.69,175.65,593.32,614.49,293.62,901.41,0.3,279.61,858.75,3.93,5.73,23.07,134368,0,Sewer Bypass,Severe Contamination / Environmental Hazard,"COD_severe(858.8mg/L), TSS_severe(293.6mg/L), TUR_severe(175.7NTU), SAL_severe(0.69ppt), Septic_Anoxic(DO=0.30,BOD=279.6,COD=858.8)",No Treatment Viable - Direct Sewer Bypass,Critical Hazard Failsafe
1023,Mixed,6.78,28.37,0.35,71.06,219.23,242.01,119.84,632.6,3.82,103.63,314.38,4.86,5.52,22.33,19561,1,Bio-filtration,Elevated Organic / Particulate / Biological Load,"COD_elevated(314.4mg/L), TSS_elevated(119.8mg/L), TUR_elevated(71.1NTU)",Biological Oxidation & Sand Bio-filtration Required,Treatment Pathway Mandated
1024,Laundry,7.3,34.29,0.39,87.61,386.26,385.75,150.36,302.8,0.3,332.69,679.88,11.91,7.91,17.49,17344,0,Sewer Bypass,Severe Contamination / Environmental Hazard,"Septic_Anoxic(DO=0.30,BOD=332.7,COD=679.9)",No Treatment Viable - Direct Sewer Bypass,Critical Hazard Failsafe
1025,Kitchen,7.83,26.04,0.46,165.83,333.18,348.82,336.53,832.96,0.3,20.0,1000.0,12.97,7.89,20.22,108776,0,Sewer Bypass,Severe Contamination / Environmental Hazard,"COD_severe(1000.0mg/L), TSS_severe(336.5mg/L), TUR_severe(165.8NTU), Septic_Anoxic(DO=0.30,BOD=20.0,COD=1000.0)",No Treatment Viable - Direct Sewer Bypass,Critical Hazard Failsafe
1026,Laundry,7.07,33.45,0.33,97.76,607.8,675.32,105.28,809.99,1.51,508.85,792.76,19.17,4.69,13.83,356852,0,Sewer Bypass,Severe Contamination / Environmental Hazard,BOD_severe(508.9mg/L),No Treatment Viable - Direct Sewer Bypass,Critical Hazard Failsafe
1027,Mixed,6.78,34.13,0.43,80.23,315.25,322.45,161.22,524.4,2.43,249.05,348.67,16.96,2.31,19.06,146653,1,Bio-filtration,Elevated Organic / Particulate / Biological Load,"BOD_elevated(249.1mg/L), COD_elevated(348.7mg/L), TSS_elevated(161.2mg/L), TUR_elevated(80.2NTU), E_coli_elevated(146653CFU)",Biological Oxidation & Sand Bio-filtration Required,Treatment Pathway Mandated
1028,Laundry,6.61,31.38,0.24,94.12,359.08,359.6,123.44,791.94,1.28,312.0,548.29,14.24,5.98,22.67,140074,1,Bio-filtration,Elevated Organic / Particulate / Biological Load,"BOD_elevated(312.0mg/L), COD_elevated(548.3mg/L), TSS_elevated(123.4mg/L), TUR_elevated(94.1NTU), E_coli_elevated(140074CFU), DO_depleted(1.28mg/L)",Biological Oxidation & Sand Bio-filtration Required,Treatment Pathway Mandated
1029,Kitchen,7.56,28.31,0.56,100.17,529.27,545.68,172.49,1067.29,2.37,402.64,563.69,11.71,3.85,28.42,301345,0,Sewer Bypass,Severe Contamination / Environmental Hazard,BOD_severe(402.6mg/L),No Treatment Viable - Direct Sewer Bypass,Critical Hazard Failsafe
1030,Laundry,7.24,29.05,0.57,91.9,390.45,393.93,212.26,649.65,1.46,257.9,361.06,5.12,4.58,16.75,158321,1,Bio-filtration,Elevated Organic / Particulate / Biological Load,"BOD_elevated(257.9mg/L), COD_elevated(361.1mg/L), TSS_elevated(212.3mg/L), TUR_elevated(91.9NTU), E_coli_elevated(158321CFU), DO_depleted(1.46mg/L)",Biological Oxidation & Sand Bio-filtration Required,Treatment Pathway Mandated
1031,Laundry,6.89,30.8,0.42,96.49,404.5,431.74,235.46,427.52,0.86,259.66,687.75,11.93,5.42,25.44,80192,0,Sewer Bypass,Severe Contamination / Environmental Hazard,"Septic_Anoxic(DO=0.86,BOD=259.7,COD=687.8)",No Treatment Viable - Direct Sewer Bypass,Critical Hazard Failsafe
1032,Kitchen,8.09,28.23,0.55,120.91,563.84,573.84,185.63,878.49,0.61,395.53,785.76,14.31,9.28,22.72,2031686,0,Sewer Bypass,Severe Contamination / Environmental Hazard,"E_coli_severe(2031686CFU), Septic_Anoxic(DO=0.61,BOD=395.5,COD=785.8)",No Treatment Viable - Direct Sewer Bypass,Critical Hazard Failsafe
1033,Laundry,6.92,31.32,0.44,70.86,569.07,610.7,142.08,619.86,2.44,253.7,390.83,17.97,7.37,14.72,239226,1,Bio-filtration,Elevated Organic / Particulate / Biological Load,"BOD_elevated(253.7mg/L), COD_elevated(390.8mg/L), TSS_elevated(142.1mg/L), TUR_elevated(70.9NTU), E_coli_elevated(239226CFU)",Biological Oxidation & Sand Bio-filtration Required,Treatment Pathway Mandated
1034,Mixed,6.99,30.35,0.42,77.58,404.36,391.01,110.72,627.27,3.44,118.83,221.7,11.08,3.07,20.62,17117,1,Bio-filtration,Elevated Organic / Particulate / Biological Load,"TSS_elevated(110.7mg/L), TUR_elevated(77.6NTU)",Biological Oxidation & Sand Bio-filtration Required,Treatment Pathway Mandated
1035,Laundry,7.35,29.31,0.4,158.61,489.33,516.27,228.5,696.26,3.15,412.85,577.99,19.29,6.14,28.73,36557,0,Sewer Bypass,Severe Contamination / Environmental Hazard,"BOD_severe(412.9mg/L), TUR_severe(158.6NTU)",No Treatment Viable - Direct Sewer Bypass,Critical Hazard Failsafe
1036,Kitchen,7.47,21.26,0.63,180.0,273.85,303.47,272.59,1108.51,0.3,367.09,949.64,15.2,9.52,15.32,69704,0,Sewer Bypass,Severe Contamination / Environmental Hazard,"COD_severe(949.6mg/L), TSS_severe(272.6mg/L), TUR_severe(180.0NTU), SAL_severe(0.63ppt), Septic_Anoxic(DO=0.30,BOD=367.1,COD=949.6)",No Treatment Viable - Direct Sewer Bypass,Critical Hazard Failsafe
1037,Laundry,7.06,30.33,0.42,98.67,532.56,559.44,183.27,716.86,0.89,460.69,644.96,17.02,8.38,24.26,164158,0,Sewer Bypass,Severe Contamination / Environmental Hazard,"BOD_severe(460.7mg/L), Septic_Anoxic(DO=0.89,BOD=460.7,COD=645.0)",No Treatment Viable - Direct Sewer Bypass,Critical Hazard Failsafe
1038,Laundry,6.38,18.0,0.51,137.4,466.73,486.61,290.25,952.57,1.14,387.77,542.88,4.27,6.61,24.84,263013,0,Sewer Bypass,Severe Contamination / Environmental Hazard,TSS_severe(290.2mg/L),No Treatment Viable - Direct Sewer Bypass,Critical Hazard Failsafe
1039,Laundry,7.14,26.31,0.3,76.24,308.47,323.53,103.68,926.55,3.07,257.93,361.1,11.86,5.24,12.19,80197,1,Bio-filtration,Elevated Organic / Particulate / Biological Load,"BOD_elevated(257.9mg/L), COD_elevated(361.1mg/L), TSS_elevated(103.7mg/L), TUR_elevated(76.2NTU), E_coli_elevated(80197CFU)",Biological Oxidation & Sand Bio-filtration Required,Treatment Pathway Mandated
1040,Bathroom,6.81,26.38,0.25,58.98,288.96,294.46,93.83,426.18,4.36,110.09,154.12,6.34,0.1,12.47,216251,1,Bio-filtration,Elevated Organic / Particulate / Biological Load,"TSS_elevated(93.8mg/L), E_coli_elevated(216251CFU)",Biological Oxidation & Sand Bio-filtration Required,Treatment Pathway Mandated
1041,Bathroom,7.21,34.38,0.25,30.74,91.57,100.0,60.82,548.42,3.56,43.33,172.76,9.88,6.18,11.66,8284,2,Restricted Irrigation,Moderate Water Quality Profile Suitable for Restricted Irrigation,"COD_exceeds_indoor(172.8mg/L), TSS_exceeds_indoor(60.8mg/L), TUR_exceeds_indoor(30.7NTU)",Secondary Settling / Disc Filtration & Drip Irrigation Barrier Required,Restricted Non-Potable Landscape Irrigation
1042,Kitchen,7.25,35.43,0.62,166.72,727.67,783.67,192.24,1064.36,0.3,369.21,609.22,17.01,8.73,20.36,69967,0,Sewer Bypass,Severe Contamination / Environmental Hazard,"TUR_severe(166.7NTU), SAL_severe(0.62ppt), Septic_Anoxic(DO=0.30,BOD=369.2,COD=609.2)",No Treatment Viable - Direct Sewer Bypass,Critical Hazard Failsafe
1043,Kitchen,7.83,24.11,0.64,180.0,548.18,580.37,327.65,774.41,0.3,474.01,966.59,13.28,6.04,18.58,650168,0,Sewer Bypass,Severe Contamination / Environmental Hazard,"BOD_severe(474.0mg/L), COD_severe(966.6mg/L), TSS_severe(327.6mg/L), TUR_severe(180.0NTU), E_coli_severe(650168CFU), SAL_severe(0.64ppt), Septic_Anoxic(DO=0.30,BOD=474.0,COD=966.6)",No Treatment Viable - Direct Sewer Bypass,Critical Hazard Failsafe
1044,Kitchen,7.75,26.59,0.51,81.09,847.05,877.35,141.21,1152.96,0.3,305.35,643.46,13.84,4.58,22.31,74158,0,Sewer Bypass,Severe Contamination / Environmental Hazard,"TDS_severe(877.4mg/L), Septic_Anoxic(DO=0.30,BOD=305.4,COD=643.5)",No Treatment Viable - Direct Sewer Bypass,Critical Hazard Failsafe
1045,Bathroom,6.79,23.22,0.3,38.03,256.77,266.93,108.73,501.39,4.46,70.81,127.14,9.14,6.14,13.07,12201,1,Bio-filtration,Elevated Organic / Particulate / Biological Load,TSS_elevated(108.7mg/L),Biological Oxidation & Sand Bio-filtration Required,Treatment Pathway Mandated
1046,Laundry,6.91,18.13,0.29,144.74,685.23,708.75,303.89,824.1,3.61,383.97,537.55,13.01,7.86,21.74,719617,0,Sewer Bypass,Severe Contamination / Environmental Hazard,"TSS_severe(303.9mg/L), TUR_severe(144.7NTU), E_coli_severe(719617CFU)",No Treatment Viable - Direct Sewer Bypass,Critical Hazard Failsafe
1047,Bathroom,6.82,32.24,0.34,42.68,304.28,313.96,64.01,210.71,4.18,44.25,183.22,13.46,7.68,4.39,36989,2,Restricted Irrigation,Moderate Water Quality Profile Suitable for Restricted Irrigation,"COD_exceeds_indoor(183.2mg/L), TSS_exceeds_indoor(64.0mg/L), TUR_exceeds_indoor(42.7NTU), E_coli_exceeds_indoor(36989CFU), TDS_exceeds_indoor(314.0mg/L), SAL_exceeds_indoor(0.34ppt)",Secondary Settling / Disc Filtration & Drip Irrigation Barrier Required,Restricted Non-Potable Landscape Irrigation
1048,Mixed,7.18,32.24,0.18,78.45,369.86,389.69,108.99,495.24,2.82,122.22,171.11,10.3,6.89,17.69,42508,1,Bio-filtration,Elevated Organic / Particulate / Biological Load,"BOD_elevated(122.2mg/L), TSS_elevated(109.0mg/L), TUR_elevated(78.5NTU)",Biological Oxidation & Sand Bio-filtration Required,Treatment Pathway Mandated
1049,Mixed,6.97,25.57,0.35,46.29,291.12,323.78,97.94,478.27,3.63,216.78,334.43,2.99,4.25,22.37,116480,1,Bio-filtration,Elevated Organic / Particulate / Biological Load,"BOD_elevated(216.8mg/L), COD_elevated(334.4mg/L), TSS_elevated(97.9mg/L), E_coli_elevated(116480CFU)",Biological Oxidation & Sand Bio-filtration Required,Treatment Pathway Mandated
1050,Bathroom,7.65,34.67,0.2,38.67,238.56,258.83,61.33,471.17,5.47,34.8,148.27,12.25,5.34,20.95,28286,2,Restricted Irrigation,Moderate Water Quality Profile Suitable for Restricted Irrigation,"COD_exceeds_indoor(148.3mg/L), TSS_exceeds_indoor(61.3mg/L), TUR_exceeds_indoor(38.7NTU), E_coli_exceeds_indoor(28286CFU)",Secondary Settling / Disc Filtration & Drip Irrigation Barrier Required,Restricted Non-Potable Landscape Irrigation
1051,Kitchen,7.39,26.54,0.57,111.6,692.51,717.19,164.3,698.13,0.35,410.01,623.28,19.15,8.61,12.82,572617,0,Sewer Bypass,Severe Contamination / Environmental Hazard,"BOD_severe(410.0mg/L), E_coli_severe(572617CFU), Septic_Anoxic(DO=0.35,BOD=410.0,COD=623.3)",No Treatment Viable - Direct Sewer Bypass,Critical Hazard Failsafe
1052,Bathroom,6.93,27.85,0.09,48.94,418.86,418.81,93.41,355.47,3.2,74.32,191.06,8.04,4.53,15.36,58597,1,Bio-filtration,Elevated Organic / Particulate / Biological Load,TSS_elevated(93.4mg/L),Biological Oxidation & Sand Bio-filtration Required,Treatment Pathway Mandated
1053,Bathroom,7.08,25.97,0.26,67.55,156.62,159.51,89.71,501.17,4.0,73.58,118.12,7.99,3.48,17.55,26497,1,Bio-filtration,Elevated Organic / Particulate / Biological Load,TUR_elevated(67.5NTU),Biological Oxidation & Sand Bio-filtration Required,Treatment Pathway Mandated
1054,Bathroom,7.15,26.69,0.36,32.64,379.08,378.75,79.53,564.56,5.23,45.85,120.86,12.06,5.38,12.45,16309,2,Restricted Irrigation,Moderate Water Quality Profile Suitable for Restricted Irrigation,"BOD_exceeds_indoor(45.9mg/L), TSS_exceeds_indoor(79.5mg/L), TUR_exceeds_indoor(32.6NTU), TDS_exceeds_indoor(378.8mg/L), SAL_exceeds_indoor(0.36ppt)",Secondary Settling / Disc Filtration & Drip Irrigation Barrier Required,Restricted Non-Potable Landscape Irrigation
1055,Bathroom,6.76,34.76,0.24,44.31,198.02,215.66,64.24,453.16,6.16,79.52,111.33,5.42,2.62,23.68,74962,2,Restricted Irrigation,Moderate Water Quality Profile Suitable for Restricted Irrigation,"BOD_exceeds_indoor(79.5mg/L), TSS_exceeds_indoor(64.2mg/L), TUR_exceeds_indoor(44.3NTU), E_coli_exceeds_indoor(74962CFU)",Secondary Settling / Disc Filtration & Drip Irrigation Barrier Required,Restricted Non-Potable Landscape Irrigation
1056,Kitchen,7.34,28.72,0.7,137.08,567.23,624.61,93.64,684.86,0.3,609.76,853.66,18.26,7.34,24.37,11984,0,Sewer Bypass,Severe Contamination / Environmental Hazard,"BOD_severe(609.8mg/L), COD_severe(853.7mg/L), SAL_severe(0.70ppt), Septic_Anoxic(DO=0.30,BOD=609.8,COD=853.7)",No Treatment Viable - Direct Sewer Bypass,Critical Hazard Failsafe
1057,Mixed,8.41,32.1,0.36,60.5,258.74,258.87,122.38,561.66,3.53,152.79,342.2,11.67,6.52,22.85,14173,1,Bio-filtration,Elevated Organic / Particulate / Biological Load,"BOD_elevated(152.8mg/L), COD_elevated(342.2mg/L), TSS_elevated(122.4mg/L), TUR_elevated(60.5NTU)",Biological Oxidation & Sand Bio-filtration Required,Treatment Pathway Mandated
1058,Bathroom,6.72,27.12,0.22,26.06,249.57,246.73,45.16,301.23,4.65,56.28,131.81,10.74,5.58,9.74,12866,2,Restricted Irrigation,Moderate Water Quality Profile Suitable for Restricted Irrigation,"BOD_exceeds_indoor(56.3mg/L), COD_exceeds_indoor(131.8mg/L), TSS_exceeds_indoor(45.2mg/L), TUR_exceeds_indoor(26.1NTU)",Secondary Settling / Disc Filtration & Drip Irrigation Barrier Required,Restricted Non-Potable Landscape Irrigation
1059,Laundry,6.68,25.72,0.45,117.98,478.74,482.13,191.97,888.97,0.54,292.57,654.03,3.95,4.1,22.97,86681,0,Sewer Bypass,Severe Contamination / Environmental Hazard,"Septic_Anoxic(DO=0.54,BOD=292.6,COD=654.0)",No Treatment Viable - Direct Sewer Bypass,Critical Hazard Failsafe
1060,Kitchen,7.35,23.18,0.65,37.86,815.09,856.47,60.82,718.69,1.96,473.39,662.74,14.52,4.94,23.38,68534,0,Sewer Bypass,Severe Contamination / Environmental Hazard,"BOD_severe(473.4mg/L), TDS_severe(856.5mg/L), SAL_severe(0.65ppt)",No Treatment Viable - Direct Sewer Bypass,Critical Hazard Failsafe
1061,Mixed,6.84,30.49,0.25,59.98,379.95,391.1,122.77,291.18,3.65,196.44,275.02,5.38,5.46,25.92,151880,1,Bio-filtration,Elevated Organic / Particulate / Biological Load,"BOD_elevated(196.4mg/L), TSS_elevated(122.8mg/L), E_coli_elevated(151880CFU)",Biological Oxidation & Sand Bio-filtration Required,Treatment Pathway Mandated
1062,Kitchen,6.75,30.82,0.68,180.0,979.0,1000.0,213.48,934.98,0.3,323.81,955.56,14.35,1.17,22.25,149084,0,Sewer Bypass,Severe Contamination / Environmental Hazard,"COD_severe(955.6mg/L), TUR_severe(180.0NTU), TDS_severe(1000.0mg/L), SAL_severe(0.68ppt), Septic_Anoxic(DO=0.30,BOD=323.8,COD=955.6)",No Treatment Viable - Direct Sewer Bypass,Critical Hazard Failsafe
1063,Bathroom,6.87,21.15,0.22,28.88,294.32,307.69,52.77,607.54,5.83,84.9,118.86,13.73,5.39,15.17,24593,2,Restricted Irrigation,Moderate Water Quality Profile Suitable for Restricted Irrigation,"BOD_exceeds_indoor(84.9mg/L), TSS_exceeds_indoor(52.8mg/L), TUR_exceeds_indoor(28.9NTU), E_coli_exceeds_indoor(24593CFU), TDS_exceeds_indoor(307.7mg/L)",Secondary Settling / Disc Filtration & Drip Irrigation Barrier Required,Restricted Non-Potable Landscape Irrigation
1064,Kitchen,7.61,31.93,0.44,63.7,594.13,678.74,109.57,1134.24,1.59,126.11,754.09,11.19,2.09,13.77,165402,1,Bio-filtration,Elevated Organic / Particulate / Biological Load,"BOD_elevated(126.1mg/L), COD_elevated(754.1mg/L), TSS_elevated(109.6mg/L), TUR_elevated(63.7NTU), E_coli_elevated(165402CFU), DO_depleted(1.59mg/L)",Biological Oxidation & Sand Bio-filtration Required,Treatment Pathway Mandated
1065,Laundry,6.49,27.62,0.47,101.52,378.78,366.82,209.7,843.92,1.74,263.19,503.25,14.67,4.87,26.13,37945,1,Bio-filtration,Elevated Organic / Particulate / Biological Load,"BOD_elevated(263.2mg/L), COD_elevated(503.2mg/L), TSS_elevated(209.7mg/L), TUR_elevated(101.5NTU), DO_depleted(1.74mg/L)",Biological Oxidation & Sand Bio-filtration Required,Treatment Pathway Mandated
1066,Mixed,7.38,25.97,0.32,54.74,513.69,545.06,91.03,465.99,3.37,153.52,214.92,12.74,8.07,20.3,74253,1,Bio-filtration,Elevated Organic / Particulate / Biological Load,"BOD_elevated(153.5mg/L), TSS_elevated(91.0mg/L)",Biological Oxidation & Sand Bio-filtration Required,Treatment Pathway Mandated
1067,Laundry,6.77,24.74,0.37,64.42,213.58,229.19,142.17,595.57,0.3,239.07,775.25,12.69,5.88,15.78,102143,0,Sewer Bypass,Severe Contamination / Environmental Hazard,"Septic_Anoxic(DO=0.30,BOD=239.1,COD=775.2)",No Treatment Viable - Direct Sewer Bypass,Critical Hazard Failsafe
1068,Kitchen,7.42,30.57,0.58,118.77,879.05,913.99,122.74,974.79,0.3,354.56,636.41,5.53,8.74,22.78,393962,0,Sewer Bypass,Severe Contamination / Environmental Hazard,"TDS_severe(914.0mg/L), Septic_Anoxic(DO=0.30,BOD=354.6,COD=636.4)",No Treatment Viable - Direct Sewer Bypass,Critical Hazard Failsafe
1069,Bathroom,6.44,22.29,0.2,43.31,266.37,271.39,77.7,495.16,5.09,28.73,193.82,4.28,3.13,14.33,28111,2,Restricted Irrigation,Moderate Water Quality Profile Suitable for Restricted Irrigation,"COD_exceeds_indoor(193.8mg/L), TSS_exceeds_indoor(77.7mg/L), TUR_exceeds_indoor(43.3NTU), E_coli_exceeds_indoor(28111CFU), pH_outside_indoor(6.44)",Secondary Settling / Disc Filtration & Drip Irrigation Barrier Required,Restricted Non-Potable Landscape Irrigation
1070,Laundry,6.84,29.25,0.52,93.36,438.68,415.21,145.99,908.94,2.2,336.46,471.04,10.99,5.92,12.91,170423,1,Bio-filtration,Elevated Organic / Particulate / Biological Load,"BOD_elevated(336.5mg/L), COD_elevated(471.0mg/L), TSS_elevated(146.0mg/L), TUR_elevated(93.4NTU), E_coli_elevated(170423CFU)",Biological Oxidation & Sand Bio-filtration Required,Treatment Pathway Mandated
1071,Mixed,7.64,32.27,0.36,56.31,219.28,225.12,145.84,558.78,4.04,144.96,247.14,9.75,6.59,17.91,99088,1,Bio-filtration,Elevated Organic / Particulate / Biological Load,"BOD_elevated(145.0mg/L), TSS_elevated(145.8mg/L), E_coli_elevated(99088CFU)",Biological Oxidation & Sand Bio-filtration Required,Treatment Pathway Mandated
1072,Kitchen,7.6,23.16,0.62,81.61,568.2,592.33,127.72,897.12,0.3,516.25,1000.0,11.09,5.31,21.29,118180,0,Sewer Bypass,Severe Contamination / Environmental Hazard,"BOD_severe(516.2mg/L), COD_severe(1000.0mg/L), SAL_severe(0.62ppt), Septic_Anoxic(DO=0.30,BOD=516.2,COD=1000.0)",No Treatment Viable - Direct Sewer Bypass,Critical Hazard Failsafe
1073,Laundry,6.71,25.63,0.35,111.07,272.37,258.48,200.98,819.52,2.33,344.33,558.92,12.37,9.09,8.42,206727,1,Bio-filtration,Elevated Organic / Particulate / Biological Load,"BOD_elevated(344.3mg/L), COD_elevated(558.9mg/L), TSS_elevated(201.0mg/L), TUR_elevated(111.1NTU), E_coli_elevated(206727CFU)",Biological Oxidation & Sand Bio-filtration Required,Treatment Pathway Mandated
1074,Mixed,7.34,22.42,0.36,109.41,449.94,513.02,205.64,639.27,2.59,256.99,437.3,20.96,8.55,17.94,40291,1,Bio-filtration,Elevated Organic / Particulate / Biological Load,"BOD_elevated(257.0mg/L), COD_elevated(437.3mg/L), TSS_elevated(205.6mg/L), TUR_elevated(109.4NTU)",Biological Oxidation & Sand Bio-filtration Required,Treatment Pathway Mandated
1075,Mixed,7.74,23.43,0.41,55.68,298.39,306.28,95.37,383.4,2.17,134.12,512.09,15.08,7.47,23.17,123820,1,Bio-filtration,Elevated Organic / Particulate / Biological Load,"BOD_elevated(134.1mg/L), COD_elevated(512.1mg/L), TSS_elevated(95.4mg/L), E_coli_elevated(123820CFU)",Biological Oxidation & Sand Bio-filtration Required,Treatment Pathway Mandated
1076,Laundry,6.98,31.92,0.4,177.66,391.95,395.2,319.37,736.82,2.79,38.33,502.16,5.51,7.28,18.85,66058,0,Sewer Bypass,Severe Contamination / Environmental Hazard,"TSS_severe(319.4mg/L), TUR_severe(177.7NTU)",No Treatment Viable - Direct Sewer Bypass,Critical Hazard Failsafe
1077,Laundry,7.22,30.06,0.26,108.98,543.17,561.05,115.51,602.6,1.5,353.62,709.38,15.26,8.16,12.53,71841,1,Bio-filtration,Elevated Organic / Particulate / Biological Load,"BOD_elevated(353.6mg/L), COD_elevated(709.4mg/L), TSS_elevated(115.5mg/L), TUR_elevated(109.0NTU), DO_depleted(1.50mg/L)",Biological Oxidation & Sand Bio-filtration Required,Treatment Pathway Mandated
1078,Laundry,6.4,25.39,0.41,148.74,563.31,571.03,255.58,509.17,0.3,404.4,617.47,14.48,2.33,24.59,40005,0,Sewer Bypass,Severe Contamination / Environmental Hazard,"BOD_severe(404.4mg/L), TSS_severe(255.6mg/L), TUR_severe(148.7NTU), Septic_Anoxic(DO=0.30,BOD=404.4,COD=617.5)",No Treatment Viable - Direct Sewer Bypass,Critical Hazard Failsafe
1079,Kitchen,6.97,30.68,0.59,143.49,672.43,641.83,299.29,723.91,0.3,309.95,1000.0,14.17,3.25,21.93,141793,0,Sewer Bypass,Severe Contamination / Environmental Hazard,"COD_severe(1000.0mg/L), TSS_severe(299.3mg/L), TUR_severe(143.5NTU), Septic_Anoxic(DO=0.30,BOD=309.9,COD=1000.0)",No Treatment Viable - Direct Sewer Bypass,Critical Hazard Failsafe
1080,Laundry,6.54,26.0,0.42,109.49,388.0,429.44,183.62,588.95,1.87,289.58,462.21,12.61,7.93,19.83,331987,1,Bio-filtration,Elevated Organic / Particulate / Biological Load,"BOD_elevated(289.6mg/L), COD_elevated(462.2mg/L), TSS_elevated(183.6mg/L), TUR_elevated(109.5NTU), E_coli_elevated(331987CFU), DO_depleted(1.87mg/L)",Biological Oxidation & Sand Bio-filtration Required,Treatment Pathway Mandated
1081,Bathroom,7.4,33.74,0.36,51.77,375.87,411.29,108.26,665.71,4.1,38.04,159.91,15.96,3.5,14.32,3271,1,Bio-filtration,Elevated Organic / Particulate / Biological Load,TSS_elevated(108.3mg/L),Biological Oxidation & Sand Bio-filtration Required,Treatment Pathway Mandated
1082,Mixed,7.35,37.19,0.35,63.99,333.89,340.0,111.84,596.3,3.85,105.88,290.13,13.3,8.66,18.78,99911,1,Bio-filtration,Elevated Organic / Particulate / Biological Load,"TSS_elevated(111.8mg/L), TUR_elevated(64.0NTU), E_coli_elevated(99911CFU)",Biological Oxidation & Sand Bio-filtration Required,Treatment Pathway Mandated
1083,Mixed,7.56,24.32,0.26,50.54,288.74,317.65,100.22,682.71,2.61,187.85,262.99,19.04,4.52,10.37,86765,1,Bio-filtration,Elevated Organic / Particulate / Biological Load,"BOD_elevated(187.8mg/L), TSS_elevated(100.2mg/L), E_coli_elevated(86765CFU)",Biological Oxidation & Sand Bio-filtration Required,Treatment Pathway Mandated
1084,Mixed,7.39,30.0,0.38,110.53,237.09,253.06,278.97,668.8,3.13,122.25,418.22,10.59,4.68,16.33,363937,0,Sewer Bypass,Severe Contamination / Environmental Hazard,TSS_severe(279.0mg/L),No Treatment Viable - Direct Sewer Bypass,Critical Hazard Failsafe
1085,Mixed,6.92,23.4,0.32,50.72,277.57,289.33,113.17,608.37,1.46,177.73,365.52,14.95,4.54,14.12,98389,1,Bio-filtration,Elevated Organic / Particulate / Biological Load,"BOD_elevated(177.7mg/L), COD_elevated(365.5mg/L), TSS_elevated(113.2mg/L), E_coli_elevated(98389CFU), DO_depleted(1.46mg/L)",Biological Oxidation & Sand Bio-filtration Required,Treatment Pathway Mandated
1086,Kitchen,7.37,29.19,0.61,125.96,559.51,547.92,266.86,909.06,0.3,251.25,1000.0,12.22,5.4,18.6,95237,0,Sewer Bypass,Severe Contamination / Environmental Hazard,"COD_severe(1000.0mg/L), TSS_severe(266.9mg/L), SAL_severe(0.61ppt), Septic_Anoxic(DO=0.30,BOD=251.2,COD=1000.0)",No Treatment Viable - Direct Sewer Bypass,Critical Hazard Failsafe
1087,Mixed,7.03,32.35,0.31,37.59,421.36,427.37,61.22,617.37,4.41,89.54,185.5,11.76,6.42,16.45,57862,2,Restricted Irrigation,Moderate Water Quality Profile Suitable for Restricted Irrigation,"BOD_exceeds_indoor(89.5mg/L), COD_exceeds_indoor(185.5mg/L), TSS_exceeds_indoor(61.2mg/L), TUR_exceeds_indoor(37.6NTU), E_coli_exceeds_indoor(57862CFU), TDS_exceeds_indoor(427.4mg/L), SAL_exceeds_indoor(0.31ppt)",Secondary Settling / Disc Filtration & Drip Irrigation Barrier Required,Restricted Non-Potable Landscape Irrigation
1088,Mixed,7.19,19.14,0.27,66.39,367.49,381.72,172.37,422.92,1.53,168.51,325.6,12.94,6.53,7.13,62289,1,Bio-filtration,Elevated Organic / Particulate / Biological Load,"BOD_elevated(168.5mg/L), COD_elevated(325.6mg/L), TSS_elevated(172.4mg/L), TUR_elevated(66.4NTU), DO_depleted(1.53mg/L)",Biological Oxidation & Sand Bio-filtration Required,Treatment Pathway Mandated
1089,Laundry,6.62,24.96,0.42,50.51,498.43,483.69,96.94,332.21,3.11,258.2,361.48,15.39,4.89,11.04,10701,1,Bio-filtration,Elevated Organic / Particulate / Biological Load,"BOD_elevated(258.2mg/L), COD_elevated(361.5mg/L), TSS_elevated(96.9mg/L)",Biological Oxidation & Sand Bio-filtration Required,Treatment Pathway Mandated
1090,Laundry,6.67,26.3,0.47,77.84,335.95,341.86,156.33,690.3,2.58,206.49,333.13,8.73,1.6,14.4,241501,1,Bio-filtration,Elevated Organic / Particulate / Biological Load,"BOD_elevated(206.5mg/L), COD_elevated(333.1mg/L), TSS_elevated(156.3mg/L), TUR_elevated(77.8NTU), E_coli_elevated(241501CFU)",Biological Oxidation & Sand Bio-filtration Required,Treatment Pathway Mandated
1091,Bathroom,7.28,29.36,0.25,36.61,368.6,401.71,50.01,654.47,3.72,40.23,155.11,5.25,3.69,19.63,24570,2,Restricted Irrigation,Moderate Water Quality Profile Suitable for Restricted Irrigation,"COD_exceeds_indoor(155.1mg/L), TSS_exceeds_indoor(50.0mg/L), TUR_exceeds_indoor(36.6NTU), E_coli_exceeds_indoor(24570CFU), TDS_exceeds_indoor(401.7mg/L)",Secondary Settling / Disc Filtration & Drip Irrigation Barrier Required,Restricted Non-Potable Landscape Irrigation
1092,Kitchen,7.93,25.69,0.49,107.1,858.64,859.13,199.76,544.82,0.34,202.43,708.93,17.45,3.25,19.08,191572,0,Sewer Bypass,Severe Contamination / Environmental Hazard,"TDS_severe(859.1mg/L), Septic_Anoxic(DO=0.34,BOD=202.4,COD=708.9)",No Treatment Viable - Direct Sewer Bypass,Critical Hazard Failsafe
1093,Bathroom,7.18,18.0,0.24,13.74,261.53,257.86,36.41,470.43,5.27,36.59,158.81,13.57,6.03,11.68,20164,2,Restricted Irrigation,Moderate Water Quality Profile Suitable for Restricted Irrigation,"COD_exceeds_indoor(158.8mg/L), E_coli_exceeds_indoor(20164CFU)",Secondary Settling / Disc Filtration & Drip Irrigation Barrier Required,Restricted Non-Potable Landscape Irrigation
1094,Bathroom,7.48,25.2,0.29,12.76,236.98,249.76,12.51,547.75,4.78,95.92,134.28,13.31,7.1,10.71,6895,2,Restricted Irrigation,Moderate Water Quality Profile Suitable for Restricted Irrigation,"BOD_exceeds_indoor(95.9mg/L), COD_exceeds_indoor(134.3mg/L), SAL_exceeds_indoor(0.29ppt)",Secondary Settling / Disc Filtration & Drip Irrigation Barrier Required,Restricted Non-Potable Landscape Irrigation
1095,Laundry,6.93,27.41,0.44,76.4,563.19,596.62,72.41,625.99,2.58,318.3,603.17,8.32,4.82,28.67,11186,1,Bio-filtration,Elevated Organic / Particulate / Biological Load,"BOD_elevated(318.3mg/L), COD_elevated(603.2mg/L), TUR_elevated(76.4NTU)",Biological Oxidation & Sand Bio-filtration Required,Treatment Pathway Mandated
1096,Laundry,6.88,32.53,0.3,135.37,508.67,515.16,180.25,868.45,0.93,152.27,613.31,11.11,6.75,28.62,123439,0,Sewer Bypass,Severe Contamination / Environmental Hazard,"Septic_Anoxic(DO=0.93,BOD=152.3,COD=613.3)",No Treatment Viable - Direct Sewer Bypass,Critical Hazard Failsafe
1097,Bathroom,6.78,30.04,0.07,24.81,343.36,356.71,49.13,307.03,2.82,21.97,209.43,11.26,4.62,16.15,19125,2,Restricted Irrigation,Moderate Water Quality Profile Suitable for Restricted Irrigation,"COD_exceeds_indoor(209.4mg/L), TSS_exceeds_indoor(49.1mg/L), TDS_exceeds_indoor(356.7mg/L), DO_low_for_indoor(2.82mg/L)",Secondary Settling / Disc Filtration & Drip Irrigation Barrier Required,Restricted Non-Potable Landscape Irrigation
1098,Mixed,7.88,29.63,0.39,73.76,428.43,458.37,168.23,664.01,2.78,150.08,254.08,7.02,3.73,20.71,55709,1,Bio-filtration,Elevated Organic / Particulate / Biological Load,"BOD_elevated(150.1mg/L), TSS_elevated(168.2mg/L), TUR_elevated(73.8NTU)",Biological Oxidation & Sand Bio-filtration Required,Treatment Pathway Mandated
1099,Mixed,7.45,29.2,0.46,40.89,211.2,222.11,59.34,438.63,2.16,61.87,512.42,12.87,7.77,18.42,368826,1,Bio-filtration,Elevated Organic / Particulate / Biological Load,"COD_elevated(512.4mg/L), E_coli_elevated(368826CFU)",Biological Oxidation & Sand Bio-filtration Required,Treatment Pathway Mandated
1100,Bathroom,6.62,26.3,0.41,24.55,128.39,137.53,64.88,499.25,4.93,100.89,266.28,18.95,7.17,15.2,26858,2,Restricted Irrigation,Moderate Water Quality Profile Suitable for Restricted Irrigation,"BOD_exceeds_indoor(100.9mg/L), COD_exceeds_indoor(266.3mg/L), TSS_exceeds_indoor(64.9mg/L), E_coli_exceeds_indoor(26858CFU), SAL_exceeds_indoor(0.41ppt)",Secondary Settling / Disc Filtration & Drip Irrigation Barrier Required,Restricted Non-Potable Landscape Irrigation
1101,Bathroom,7.0,27.67,0.2,44.21,217.96,240.87,86.82,437.14,5.21,51.86,113.07,8.11,7.97,16.64,18305,2,Restricted Irrigation,Moderate Water Quality Profile Suitable for Restricted Irrigation,"BOD_exceeds_indoor(51.9mg/L), TSS_exceeds_indoor(86.8mg/L), TUR_exceeds_indoor(44.2NTU)",Secondary Settling / Disc Filtration & Drip Irrigation Barrier Required,Restricted Non-Potable Landscape Irrigation
1102,Laundry,6.96,21.19,0.36,106.24,539.35,539.55,126.59,429.42,0.73,435.08,609.12,8.71,4.33,16.34,203902,0,Sewer Bypass,Severe Contamination / Environmental Hazard,"BOD_severe(435.1mg/L), Septic_Anoxic(DO=0.73,BOD=435.1,COD=609.1)",No Treatment Viable - Direct Sewer Bypass,Critical Hazard Failsafe
1103,Mixed,7.65,22.28,0.33,82.13,360.04,394.42,144.74,593.11,3.63,50.53,313.77,15.08,4.87,15.19,56805,1,Bio-filtration,Elevated Organic / Particulate / Biological Load,"COD_elevated(313.8mg/L), TSS_elevated(144.7mg/L), TUR_elevated(82.1NTU)",Biological Oxidation & Sand Bio-filtration Required,Treatment Pathway Mandated
1104,Mixed,7.4,27.44,0.46,78.75,213.33,218.61,115.44,531.87,2.36,70.51,270.66,9.67,7.87,16.13,62288,1,Bio-filtration,Elevated Organic / Particulate / Biological Load,"TSS_elevated(115.4mg/L), TUR_elevated(78.8NTU)",Biological Oxidation & Sand Bio-filtration Required,Treatment Pathway Mandated
1105,Bathroom,7.46,28.49,0.18,45.04,287.35,340.08,79.52,391.06,5.78,87.44,122.42,3.68,3.13,20.91,14215,2,Restricted Irrigation,Moderate Water Quality Profile Suitable for Restricted Irrigation,"BOD_exceeds_indoor(87.4mg/L), TSS_exceeds_indoor(79.5mg/L), TUR_exceeds_indoor(45.0NTU), TDS_exceeds_indoor(340.1mg/L)",Secondary Settling / Disc Filtration & Drip Irrigation Barrier Required,Restricted Non-Potable Landscape Irrigation
1106,Mixed,7.41,26.49,0.3,61.76,290.04,299.88,128.99,754.22,4.7,134.81,245.14,12.78,2.22,6.78,30521,1,Bio-filtration,Elevated Organic / Particulate / Biological Load,"BOD_elevated(134.8mg/L), TSS_elevated(129.0mg/L), TUR_elevated(61.8NTU)",Biological Oxidation & Sand Bio-filtration Required,Treatment Pathway Mandated
1107,Bathroom,7.08,26.85,0.34,41.31,269.48,265.26,88.7,529.28,4.35,20.0,126.13,10.71,2.43,14.68,29850,2,Restricted Irrigation,Moderate Water Quality Profile Suitable for Restricted Irrigation,"COD_exceeds_indoor(126.1mg/L), TSS_exceeds_indoor(88.7mg/L), TUR_exceeds_indoor(41.3NTU), E_coli_exceeds_indoor(29850CFU), SAL_exceeds_indoor(0.34ppt)",Secondary Settling / Disc Filtration & Drip Irrigation Barrier Required,Restricted Non-Potable Landscape Irrigation
1108,Laundry,7.07,32.34,0.46,120.32,416.66,422.15,205.67,682.28,2.12,274.93,608.42,14.97,8.66,29.97,161572,1,Bio-filtration,Elevated Organic / Particulate / Biological Load,"BOD_elevated(274.9mg/L), COD_elevated(608.4mg/L), TSS_elevated(205.7mg/L), TUR_elevated(120.3NTU), E_coli_elevated(161572CFU)",Biological Oxidation & Sand Bio-filtration Required,Treatment Pathway Mandated
1109,Mixed,7.14,29.3,0.47,75.67,398.47,390.74,78.85,741.5,2.63,196.36,362.17,10.97,7.27,21.03,143912,1,Bio-filtration,Elevated Organic / Particulate / Biological Load,"BOD_elevated(196.4mg/L), COD_elevated(362.2mg/L), TUR_elevated(75.7NTU), E_coli_elevated(143912CFU)",Biological Oxidation & Sand Bio-filtration Required,Treatment Pathway Mandated
1110,Bathroom,7.22,31.04,0.37,44.64,192.65,193.95,117.68,516.82,3.72,34.82,128.65,14.04,9.4,14.41,64508,1,Bio-filtration,Elevated Organic / Particulate / Biological Load,TSS_elevated(117.7mg/L),Biological Oxidation & Sand Bio-filtration Required,Treatment Pathway Mandated
1111,Bathroom,7.58,26.85,0.21,36.59,316.45,341.62,67.67,776.28,3.95,73.78,153.83,9.99,9.3,19.89,40672,2,Restricted Irrigation,Moderate Water Quality Profile Suitable for Restricted Irrigation,"BOD_exceeds_indoor(73.8mg/L), COD_exceeds_indoor(153.8mg/L), TSS_exceeds_indoor(67.7mg/L), TUR_exceeds_indoor(36.6NTU), E_coli_exceeds_indoor(40672CFU), TDS_exceeds_indoor(341.6mg/L)",Secondary Settling / Disc Filtration & Drip Irrigation Barrier Required,Restricted Non-Potable Landscape Irrigation
1112,Laundry,7.46,25.7,0.43,60.19,635.39,658.12,132.55,544.28,1.17,157.14,552.05,6.85,4.94,10.4,25081,1,Bio-filtration,Elevated Organic / Particulate / Biological Load,"BOD_elevated(157.1mg/L), COD_elevated(552.0mg/L), TSS_elevated(132.6mg/L), TUR_elevated(60.2NTU), DO_depleted(1.17mg/L)",Biological Oxidation & Sand Bio-filtration Required,Treatment Pathway Mandated
1113,Kitchen,7.67,28.56,0.52,74.88,646.13,698.62,159.12,827.39,0.3,337.25,1000.0,13.97,7.68,17.67,30458,0,Sewer Bypass,Severe Contamination / Environmental Hazard,"COD_severe(1000.0mg/L), Septic_Anoxic(DO=0.30,BOD=337.2,COD=1000.0)",No Treatment Viable - Direct Sewer Bypass,Critical Hazard Failsafe
1114,Mixed,7.09,30.42,0.2,57.22,306.02,307.12,82.23,538.77,3.69,180.53,324.1,6.13,5.11,10.21,54728,1,Bio-filtration,Elevated Organic / Particulate / Biological Load,"BOD_elevated(180.5mg/L), COD_elevated(324.1mg/L)",Biological Oxidation & Sand Bio-filtration Required,Treatment Pathway Mandated
1115,Mixed,7.82,25.56,0.2,33.93,235.26,262.69,41.28,634.88,2.76,179.99,302.7,11.61,4.05,20.14,34818,1,Bio-filtration,Elevated Organic / Particulate / Biological Load,"BOD_elevated(180.0mg/L), COD_elevated(302.7mg/L)",Biological Oxidation & Sand Bio-filtration Required,Treatment Pathway Mandated
1116,Bathroom,6.86,24.73,0.22,43.45,278.54,325.73,83.17,311.35,4.72,52.62,113.98,11.67,4.39,12.84,19293,2,Restricted Irrigation,Moderate Water Quality Profile Suitable for Restricted Irrigation,"BOD_exceeds_indoor(52.6mg/L), TSS_exceeds_indoor(83.2mg/L), TUR_exceeds_indoor(43.5NTU), TDS_exceeds_indoor(325.7mg/L)",Secondary Settling / Disc Filtration & Drip Irrigation Barrier Required,Restricted Non-Potable Landscape Irrigation
1117,Bathroom,6.46,24.85,0.21,51.51,145.24,153.47,78.99,759.83,4.51,44.44,83.1,9.75,4.01,19.25,26227,2,Restricted Irrigation,Moderate Water Quality Profile Suitable for Restricted Irrigation,"TSS_exceeds_indoor(79.0mg/L), TUR_exceeds_indoor(51.5NTU), E_coli_exceeds_indoor(26227CFU), pH_outside_indoor(6.46)",Secondary Settling / Disc Filtration & Drip Irrigation Barrier Required,Restricted Non-Potable Landscape Irrigation
1118,Mixed,7.6,25.52,0.28,70.53,314.56,308.9,130.65,551.11,3.71,126.98,324.96,7.17,5.83,17.55,100168,1,Bio-filtration,Elevated Organic / Particulate / Biological Load,"BOD_elevated(127.0mg/L), COD_elevated(325.0mg/L), TSS_elevated(130.7mg/L), TUR_elevated(70.5NTU), E_coli_elevated(100168CFU)",Biological Oxidation & Sand Bio-filtration Required,Treatment Pathway Mandated
1119,Bathroom,6.4,22.84,0.22,18.27,261.26,282.76,28.8,377.16,4.4,30.27,164.48,9.05,5.12,6.05,12648,2,Restricted Irrigation,Moderate Water Quality Profile Suitable for Restricted Irrigation,"COD_exceeds_indoor(164.5mg/L), pH_outside_indoor(6.40)",Secondary Settling / Disc Filtration & Drip Irrigation Barrier Required,Restricted Non-Potable Landscape Irrigation
1120,Mixed,7.03,28.11,0.4,79.1,365.95,362.14,122.15,472.86,4.83,170.64,274.07,12.87,5.65,14.0,263751,1,Bio-filtration,Elevated Organic / Particulate / Biological Load,"BOD_elevated(170.6mg/L), TSS_elevated(122.2mg/L), TUR_elevated(79.1NTU), E_coli_elevated(263751CFU)",Biological Oxidation & Sand Bio-filtration Required,Treatment Pathway Mandated
1121,Kitchen,7.47,27.11,0.59,148.4,744.76,758.42,326.16,938.24,0.3,247.57,1000.0,12.95,3.36,22.89,84719,0,Sewer Bypass,Severe Contamination / Environmental Hazard,"COD_severe(1000.0mg/L), TSS_severe(326.2mg/L), TUR_severe(148.4NTU), Septic_Anoxic(DO=0.30,BOD=247.6,COD=1000.0)",No Treatment Viable - Direct Sewer Bypass,Critical Hazard Failsafe
1122,Bathroom,7.05,28.54,0.32,23.28,281.9,277.53,28.16,417.86,5.0,56.71,136.88,5.67,4.42,12.95,14119,2,Restricted Irrigation,Moderate Water Quality Profile Suitable for Restricted Irrigation,"BOD_exceeds_indoor(56.7mg/L), COD_exceeds_indoor(136.9mg/L), SAL_exceeds_indoor(0.32ppt)",Secondary Settling / Disc Filtration & Drip Irrigation Barrier Required,Restricted Non-Potable Landscape Irrigation
1123,Mixed,7.77,19.35,0.19,37.83,197.93,194.8,57.64,508.68,2.86,143.21,390.98,9.72,2.65,13.28,81077,1,Bio-filtration,Elevated Organic / Particulate / Biological Load,"BOD_elevated(143.2mg/L), COD_elevated(391.0mg/L), E_coli_elevated(81077CFU)",Biological Oxidation & Sand Bio-filtration Required,Treatment Pathway Mandated
1124,Bathroom,6.65,29.95,0.41,45.84,233.01,235.59,80.25,657.2,5.05,30.94,165.01,4.58,4.22,12.6,17513,2,Restricted Irrigation,Moderate Water Quality Profile Suitable for Restricted Irrigation,"COD_exceeds_indoor(165.0mg/L), TSS_exceeds_indoor(80.2mg/L), TUR_exceeds_indoor(45.8NTU), SAL_exceeds_indoor(0.41ppt)",Secondary Settling / Disc Filtration & Drip Irrigation Barrier Required,Restricted Non-Potable Landscape Irrigation
1125,Laundry,6.78,26.11,0.32,122.86,170.8,185.44,258.19,743.91,0.3,342.69,790.78,9.11,7.48,23.4,32979,0,Sewer Bypass,Severe Contamination / Environmental Hazard,"TSS_severe(258.2mg/L), Septic_Anoxic(DO=0.30,BOD=342.7,COD=790.8)",No Treatment Viable - Direct Sewer Bypass,Critical Hazard Failsafe
1126,Laundry,6.91,31.91,0.26,98.84,200.04,204.6,134.37,467.1,1.79,413.33,578.66,16.52,6.64,16.55,117105,0,Sewer Bypass,Severe Contamination / Environmental Hazard,BOD_severe(413.3mg/L),No Treatment Viable - Direct Sewer Bypass,Critical Hazard Failsafe
1127,Laundry,6.95,23.58,0.43,66.76,397.7,416.46,133.06,827.23,2.8,189.18,264.85,5.46,3.98,19.46,87044,1,Bio-filtration,Elevated Organic / Particulate / Biological Load,"BOD_elevated(189.2mg/L), TSS_elevated(133.1mg/L), TUR_elevated(66.8NTU), E_coli_elevated(87044CFU)",Biological Oxidation & Sand Bio-filtration Required,Treatment Pathway Mandated
1128,Kitchen,8.05,29.17,0.51,180.0,731.22,728.73,294.93,639.93,0.92,348.34,546.1,14.89,4.18,15.26,48839,0,Sewer Bypass,Severe Contamination / Environmental Hazard,"TSS_severe(294.9mg/L), TUR_severe(180.0NTU), Septic_Anoxic(DO=0.92,BOD=348.3,COD=546.1)",No Treatment Viable - Direct Sewer Bypass,Critical Hazard Failsafe
1129,Kitchen,7.32,22.54,0.5,110.42,696.03,708.08,165.92,595.08,0.3,441.79,917.85,19.43,10.01,20.21,663280,0,Sewer Bypass,Severe Contamination / Environmental Hazard,"BOD_severe(441.8mg/L), COD_severe(917.9mg/L), E_coli_severe(663280CFU), Septic_Anoxic(DO=0.30,BOD=441.8,COD=917.9)",No Treatment Viable - Direct Sewer Bypass,Critical Hazard Failsafe
1130,Mixed,7.21,31.59,0.39,81.12,123.71,134.27,101.43,324.57,3.23,292.4,409.36,18.32,6.88,13.89,54751,1,Bio-filtration,Elevated Organic / Particulate / Biological Load,"BOD_elevated(292.4mg/L), COD_elevated(409.4mg/L), TSS_elevated(101.4mg/L), TUR_elevated(81.1NTU)",Biological Oxidation & Sand Bio-filtration Required,Treatment Pathway Mandated
1131,Mixed,7.49,30.94,0.22,75.51,356.66,372.32,81.79,663.56,1.81,199.64,379.35,8.56,9.93,17.19,20661,1,Bio-filtration,Elevated Organic / Particulate / Biological Load,"BOD_elevated(199.6mg/L), COD_elevated(379.4mg/L), TUR_elevated(75.5NTU), DO_depleted(1.81mg/L)",Biological Oxidation & Sand Bio-filtration Required,Treatment Pathway Mandated
1132,Laundry,7.18,23.52,0.46,31.14,458.94,497.05,60.56,536.63,2.78,300.55,420.77,11.35,8.74,21.43,170406,1,Bio-filtration,Elevated Organic / Particulate / Biological Load,"BOD_elevated(300.6mg/L), COD_elevated(420.8mg/L), E_coli_elevated(170406CFU)",Biological Oxidation & Sand Bio-filtration Required,Treatment Pathway Mandated
1133,Bathroom,6.75,23.44,0.18,34.69,253.08,249.71,60.04,373.51,4.09,76.23,122.39,13.38,4.24,4.57,8523,2,Restricted Irrigation,Moderate Water Quality Profile Suitable for Restricted Irrigation,"BOD_exceeds_indoor(76.2mg/L), TSS_exceeds_indoor(60.0mg/L), TUR_exceeds_indoor(34.7NTU)",Secondary Settling / Disc Filtration & Drip Irrigation Barrier Required,Restricted Non-Potable Landscape Irrigation
1134,Kitchen,7.48,25.88,0.45,54.46,756.7,782.89,107.57,932.03,0.38,392.4,922.33,16.77,7.37,15.06,147776,0,Sewer Bypass,Severe Contamination / Environmental Hazard,"COD_severe(922.3mg/L), Septic_Anoxic(DO=0.38,BOD=392.4,COD=922.3)",No Treatment Viable - Direct Sewer Bypass,Critical Hazard Failsafe
1135,Mixed,6.97,32.77,0.19,90.72,226.03,235.9,173.43,663.95,1.15,20.0,304.01,8.93,6.9,21.72,37559,1,Bio-filtration,Elevated Organic / Particulate / Biological Load,"COD_elevated(304.0mg/L), TSS_elevated(173.4mg/L), TUR_elevated(90.7NTU), DO_depleted(1.15mg/L)",Biological Oxidation & Sand Bio-filtration Required,Treatment Pathway Mandated
1136,Laundry,6.96,29.93,0.39,55.91,532.17,548.08,85.4,681.46,2.1,367.37,514.32,11.03,4.01,21.08,32630,1,Bio-filtration,Elevated Organic / Particulate / Biological Load,"BOD_elevated(367.4mg/L), COD_elevated(514.3mg/L)",Biological Oxidation & Sand Bio-filtration Required,Treatment Pathway Mandated
1137,Laundry,7.18,29.67,0.4,69.56,425.19,457.58,74.99,569.34,2.32,338.4,568.25,9.15,4.98,27.09,11599,1,Bio-filtration,Elevated Organic / Particulate / Biological Load,"BOD_elevated(338.4mg/L), COD_elevated(568.2mg/L), TUR_elevated(69.6NTU)",Biological Oxidation & Sand Bio-filtration Required,Treatment Pathway Mandated
1138,Laundry,6.74,22.18,0.35,88.5,368.01,373.96,169.48,461.81,2.87,279.99,679.74,15.01,4.18,17.14,95870,1,Bio-filtration,Elevated Organic / Particulate / Biological Load,"BOD_elevated(280.0mg/L), COD_elevated(679.7mg/L), TSS_elevated(169.5mg/L), TUR_elevated(88.5NTU), E_coli_elevated(95870CFU)",Biological Oxidation & Sand Bio-filtration Required,Treatment Pathway Mandated
1139,Bathroom,6.82,29.12,0.15,7.18,307.19,326.46,12.56,695.3,4.14,61.0,166.12,2.46,7.9,15.84,11801,2,Restricted Irrigation,Moderate Water Quality Profile Suitable for Restricted Irrigation,"BOD_exceeds_indoor(61.0mg/L), COD_exceeds_indoor(166.1mg/L), TDS_exceeds_indoor(326.5mg/L)",Secondary Settling / Disc Filtration & Drip Irrigation Barrier Required,Restricted Non-Potable Landscape Irrigation
1140,Kitchen,7.29,25.28,0.68,70.01,589.46,629.69,147.16,951.19,0.8,320.37,503.2,21.58,8.05,17.98,815490,0,Sewer Bypass,Severe Contamination / Environmental Hazard,"E_coli_severe(815490CFU), SAL_severe(0.68ppt), Septic_Anoxic(DO=0.80,BOD=320.4,COD=503.2)",No Treatment Viable - Direct Sewer Bypass,Critical Hazard Failsafe
1141,Laundry,7.37,20.92,0.29,69.95,378.74,412.93,122.86,768.08,0.76,312.82,760.85,12.39,4.65,22.35,24658,0,Sewer Bypass,Severe Contamination / Environmental Hazard,"Septic_Anoxic(DO=0.76,BOD=312.8,COD=760.9)",No Treatment Viable - Direct Sewer Bypass,Critical Hazard Failsafe
1142,Mixed,7.38,27.11,0.29,90.61,255.99,272.31,112.46,605.32,4.11,104.83,219.48,5.16,3.38,20.57,59286,1,Bio-filtration,Elevated Organic / Particulate / Biological Load,"TSS_elevated(112.5mg/L), TUR_elevated(90.6NTU)",Biological Oxidation & Sand Bio-filtration Required,Treatment Pathway Mandated
1143,Mixed,7.63,25.38,0.27,64.97,350.83,345.47,155.14,695.88,3.82,96.84,379.88,14.1,6.15,20.82,147508,1,Bio-filtration,Elevated Organic / Particulate / Biological Load,"COD_elevated(379.9mg/L), TSS_elevated(155.1mg/L), TUR_elevated(65.0NTU), E_coli_elevated(147508CFU)",Biological Oxidation & Sand Bio-filtration Required,Treatment Pathway Mandated
1144,Mixed,7.35,27.87,0.33,67.23,234.98,251.98,99.8,347.7,3.73,157.4,380.01,15.66,9.09,11.99,16718,1,Bio-filtration,Elevated Organic / Particulate / Biological Load,"BOD_elevated(157.4mg/L), COD_elevated(380.0mg/L), TSS_elevated(99.8mg/L), TUR_elevated(67.2NTU)",Biological Oxidation & Sand Bio-filtration Required,Treatment Pathway Mandated
1145,Laundry,7.23,33.22,0.5,146.74,433.52,492.56,288.27,744.32,0.3,440.12,711.92,10.49,6.91,15.43,349730,0,Sewer Bypass,Severe Contamination / Environmental Hazard,"BOD_severe(440.1mg/L), TSS_severe(288.3mg/L), TUR_severe(146.7NTU), Septic_Anoxic(DO=0.30,BOD=440.1,COD=711.9)",No Treatment Viable - Direct Sewer Bypass,Critical Hazard Failsafe
1146,Laundry,6.3,29.55,0.36,105.62,372.27,403.33,92.13,579.33,1.96,404.51,566.32,8.9,6.67,6.86,650227,0,Sewer Bypass,Severe Contamination / Environmental Hazard,"BOD_severe(404.5mg/L), E_coli_severe(650227CFU)",No Treatment Viable - Direct Sewer Bypass,Critical Hazard Failsafe
1147,Kitchen,7.35,18.0,0.48,89.85,413.08,442.38,146.99,720.46,0.55,187.78,901.34,9.8,5.75,13.0,161040,0,Sewer Bypass,Severe Contamination / Environmental Hazard,"COD_severe(901.3mg/L), Septic_Anoxic(DO=0.55,BOD=187.8,COD=901.3)",No Treatment Viable - Direct Sewer Bypass,Critical Hazard Failsafe
1148,Mixed,7.38,26.01,0.45,74.01,330.94,360.56,172.95,523.73,2.9,186.91,506.95,11.71,4.49,13.9,119286,1,Bio-filtration,Elevated Organic / Particulate / Biological Load,"BOD_elevated(186.9mg/L), COD_elevated(506.9mg/L), TSS_elevated(172.9mg/L), TUR_elevated(74.0NTU), E_coli_elevated(119286CFU)",Biological Oxidation & Sand Bio-filtration Required,Treatment Pathway Mandated
1149,Laundry,6.95,24.35,0.44,122.7,432.2,435.0,167.0,811.72,0.58,414.13,724.73,13.55,9.65,17.07,169094,0,Sewer Bypass,Severe Contamination / Environmental Hazard,"BOD_severe(414.1mg/L), Septic_Anoxic(DO=0.58,BOD=414.1,COD=724.7)",No Treatment Viable - Direct Sewer Bypass,Critical Hazard Failsafe
1150,Mixed,7.17,18.62,0.35,37.08,365.76,370.19,73.57,694.96,2.96,110.38,362.4,7.35,6.53,17.95,38225,1,Bio-filtration,Elevated Organic / Particulate / Biological Load,COD_elevated(362.4mg/L),Biological Oxidation & Sand Bio-filtration Required,Treatment Pathway Mandated
1151,Bathroom,6.94,33.36,0.33,51.92,284.65,295.8,59.97,725.64,4.43,71.54,100.16,8.56,7.05,14.18,15863,2,Restricted Irrigation,Moderate Water Quality Profile Suitable for Restricted Irrigation,"BOD_exceeds_indoor(71.5mg/L), TSS_exceeds_indoor(60.0mg/L), TUR_exceeds_indoor(51.9NTU), SAL_exceeds_indoor(0.33ppt)",Secondary Settling / Disc Filtration & Drip Irrigation Barrier Required,Restricted Non-Potable Landscape Irrigation
1152,Mixed,7.52,23.52,0.33,51.94,353.87,349.14,112.39,686.04,4.47,255.68,357.96,20.44,7.55,21.4,67389,1,Bio-filtration,Elevated Organic / Particulate / Biological Load,"BOD_elevated(255.7mg/L), COD_elevated(358.0mg/L), TSS_elevated(112.4mg/L)",Biological Oxidation & Sand Bio-filtration Required,Treatment Pathway Mandated
1153,Bathroom,6.93,24.25,0.13,34.4,319.12,326.7,92.67,531.99,3.79,91.17,127.64,10.45,6.67,9.67,9480,1,Bio-filtration,Elevated Organic / Particulate / Biological Load,TSS_elevated(92.7mg/L),Biological Oxidation & Sand Bio-filtration Required,Treatment Pathway Mandated
1154,Bathroom,6.48,29.8,0.09,49.5,177.33,177.37,109.83,441.18,5.62,31.43,102.92,8.0,3.63,15.4,5476,1,Bio-filtration,Elevated Organic / Particulate / Biological Load,TSS_elevated(109.8mg/L),Biological Oxidation & Sand Bio-filtration Required,Treatment Pathway Mandated
1155,Laundry,7.08,22.6,0.35,67.32,492.8,478.44,187.75,502.15,0.3,337.74,760.9,13.42,5.1,9.56,21007,0,Sewer Bypass,Severe Contamination / Environmental Hazard,"Septic_Anoxic(DO=0.30,BOD=337.7,COD=760.9)",No Treatment Viable - Direct Sewer Bypass,Critical Hazard Failsafe
1156,Bathroom,6.8,27.26,0.24,47.35,309.12,309.77,85.8,435.69,3.82,70.3,176.98,5.34,6.1,19.04,68610,2,Restricted Irrigation,Moderate Water Quality Profile Suitable for Restricted Irrigation,"BOD_exceeds_indoor(70.3mg/L), COD_exceeds_indoor(177.0mg/L), TSS_exceeds_indoor(85.8mg/L), TUR_exceeds_indoor(47.4NTU), E_coli_exceeds_indoor(68610CFU), TDS_exceeds_indoor(309.8mg/L)",Secondary Settling / Disc Filtration & Drip Irrigation Barrier Required,Restricted Non-Potable Landscape Irrigation
1157,Bathroom,6.76,23.99,0.41,44.26,231.52,245.78,104.65,356.03,3.9,41.52,169.44,9.71,5.25,19.97,14131,1,Bio-filtration,Elevated Organic / Particulate / Biological Load,TSS_elevated(104.7mg/L),Biological Oxidation & Sand Bio-filtration Required,Treatment Pathway Mandated
1158,Bathroom,6.8,35.16,0.41,35.36,201.0,223.24,93.33,453.99,4.32,63.77,136.5,17.82,2.04,16.42,15340,1,Bio-filtration,Elevated Organic / Particulate / Biological Load,TSS_elevated(93.3mg/L),Biological Oxidation & Sand Bio-filtration Required,Treatment Pathway Mandated
1159,Laundry,6.83,27.67,0.46,86.15,435.67,454.27,104.14,717.89,0.71,219.29,893.03,14.67,7.84,18.96,250484,0,Sewer Bypass,Severe Contamination / Environmental Hazard,"COD_severe(893.0mg/L), Septic_Anoxic(DO=0.71,BOD=219.3,COD=893.0)",No Treatment Viable - Direct Sewer Bypass,Critical Hazard Failsafe
1160,Mixed,7.85,30.64,0.27,52.03,320.51,326.07,113.26,540.2,2.05,261.39,365.94,6.61,3.64,23.13,251974,1,Bio-filtration,Elevated Organic / Particulate / Biological Load,"BOD_elevated(261.4mg/L), COD_elevated(365.9mg/L), TSS_elevated(113.3mg/L), E_coli_elevated(251974CFU)",Biological Oxidation & Sand Bio-filtration Required,Treatment Pathway Mandated
1161,Bathroom,6.97,29.23,0.18,34.87,188.64,179.87,84.34,562.39,4.49,50.05,98.49,9.99,5.12,7.43,168644,1,Bio-filtration,Elevated Organic / Particulate / Biological Load,E_coli_elevated(168644CFU),Biological Oxidation & Sand Bio-filtration Required,Treatment Pathway Mandated
1162,Kitchen,7.48,29.05,0.62,102.26,305.02,318.84,169.19,988.71,0.79,457.1,942.13,16.42,8.51,19.25,22434,0,Sewer Bypass,Severe Contamination / Environmental Hazard,"BOD_severe(457.1mg/L), COD_severe(942.1mg/L), SAL_severe(0.62ppt), Septic_Anoxic(DO=0.79,BOD=457.1,COD=942.1)",No Treatment Viable - Direct Sewer Bypass,Critical Hazard Failsafe
1163,Mixed,7.25,23.1,0.45,70.27,247.72,251.69,157.5,702.25,6.3,52.73,174.1,12.83,6.48,15.94,66130,1,Bio-filtration,Elevated Organic / Particulate / Biological Load,"TSS_elevated(157.5mg/L), TUR_elevated(70.3NTU)",Biological Oxidation & Sand Bio-filtration Required,Treatment Pathway Mandated
1164,Bathroom,6.32,23.52,0.27,33.63,205.93,219.87,99.26,489.9,3.68,60.34,156.82,13.89,7.0,8.86,17961,1,Bio-filtration,Elevated Organic / Particulate / Biological Load,TSS_elevated(99.3mg/L),Biological Oxidation & Sand Bio-filtration Required,Treatment Pathway Mandated
1165,Bathroom,6.94,26.02,0.08,41.24,326.87,333.32,80.52,530.24,3.3,72.11,152.22,10.2,7.11,22.86,33315,2,Restricted Irrigation,Moderate Water Quality Profile Suitable for Restricted Irrigation,"BOD_exceeds_indoor(72.1mg/L), COD_exceeds_indoor(152.2mg/L), TSS_exceeds_indoor(80.5mg/L), TUR_exceeds_indoor(41.2NTU), E_coli_exceeds_indoor(33315CFU), TDS_exceeds_indoor(333.3mg/L), DO_low_for_indoor(3.30mg/L)",Secondary Settling / Disc Filtration & Drip Irrigation Barrier Required,Restricted Non-Potable Landscape Irrigation
1166,Mixed,7.41,31.26,0.39,58.03,346.74,370.79,133.44,346.37,1.97,161.13,401.37,10.78,5.98,19.73,24555,1,Bio-filtration,Elevated Organic / Particulate / Biological Load,"BOD_elevated(161.1mg/L), COD_elevated(401.4mg/L), TSS_elevated(133.4mg/L), DO_depleted(1.97mg/L)",Biological Oxidation & Sand Bio-filtration Required,Treatment Pathway Mandated
1167,Mixed,7.52,18.69,0.44,49.81,174.09,175.29,98.62,607.69,2.87,139.78,364.01,9.75,8.39,25.04,45468,1,Bio-filtration,Elevated Organic / Particulate / Biological Load,"BOD_elevated(139.8mg/L), COD_elevated(364.0mg/L), TSS_elevated(98.6mg/L)",Biological Oxidation & Sand Bio-filtration Required,Treatment Pathway Mandated
1168,Laundry,7.19,28.44,0.34,106.01,437.26,461.89,19.8,892.98,1.38,252.95,498.36,12.76,5.93,15.35,92881,1,Bio-filtration,Elevated Organic / Particulate / Biological Load,"BOD_elevated(252.9mg/L), COD_elevated(498.4mg/L), TUR_elevated(106.0NTU), E_coli_elevated(92881CFU), DO_depleted(1.38mg/L)",Biological Oxidation & Sand Bio-filtration Required,Treatment Pathway Mandated
1169,Mixed,7.29,31.18,0.27,34.51,247.52,250.27,52.18,435.72,3.09,153.54,289.8,6.19,7.04,22.39,10361,1,Bio-filtration,Elevated Organic / Particulate / Biological Load,BOD_elevated(153.5mg/L),Biological Oxidation & Sand Bio-filtration Required,Treatment Pathway Mandated
1170,Bathroom,6.46,31.51,0.38,54.23,100.4,101.15,137.58,416.86,3.56,51.08,144.32,12.77,7.69,22.14,84465,1,Bio-filtration,Elevated Organic / Particulate / Biological Load,"TSS_elevated(137.6mg/L), E_coli_elevated(84465CFU)",Biological Oxidation & Sand Bio-filtration Required,Treatment Pathway Mandated
1171,Laundry,6.9,38.0,0.33,139.91,459.81,499.73,155.51,440.64,0.72,434.26,632.06,13.97,5.6,23.5,33222,0,Sewer Bypass,Severe Contamination / Environmental Hazard,"BOD_severe(434.3mg/L), Septic_Anoxic(DO=0.72,BOD=434.3,COD=632.1)",No Treatment Viable - Direct Sewer Bypass,Critical Hazard Failsafe
1172,Kitchen,7.52,28.35,0.55,84.35,839.93,885.84,114.14,1016.74,2.23,407.18,570.05,22.8,4.3,27.06,68396,0,Sewer Bypass,Severe Contamination / Environmental Hazard,"BOD_severe(407.2mg/L), TDS_severe(885.8mg/L)",No Treatment Viable - Direct Sewer Bypass,Critical Hazard Failsafe
1173,Bathroom,7.94,32.58,0.14,38.46,162.81,176.86,82.13,357.05,4.49,55.19,136.07,7.07,7.41,10.34,37426,2,Restricted Irrigation,Moderate Water Quality Profile Suitable for Restricted Irrigation,"BOD_exceeds_indoor(55.2mg/L), COD_exceeds_indoor(136.1mg/L), TSS_exceeds_indoor(82.1mg/L), TUR_exceeds_indoor(38.5NTU), E_coli_exceeds_indoor(37426CFU)",Secondary Settling / Disc Filtration & Drip Irrigation Barrier Required,Restricted Non-Potable Landscape Irrigation
1174,Mixed,7.37,29.7,0.31,91.89,265.99,284.92,95.59,294.6,3.02,153.12,214.37,16.39,8.06,9.97,44976,1,Bio-filtration,Elevated Organic / Particulate / Biological Load,"BOD_elevated(153.1mg/L), TSS_elevated(95.6mg/L), TUR_elevated(91.9NTU)",Biological Oxidation & Sand Bio-filtration Required,Treatment Pathway Mandated
1175,Laundry,7.04,24.18,0.44,68.11,387.77,386.37,158.81,548.36,2.42,279.28,390.99,7.13,7.9,25.56,53061,1,Bio-filtration,Elevated Organic / Particulate / Biological Load,"BOD_elevated(279.3mg/L), COD_elevated(391.0mg/L), TSS_elevated(158.8mg/L), TUR_elevated(68.1NTU)",Biological Oxidation & Sand Bio-filtration Required,Treatment Pathway Mandated
1176,Mixed,7.07,31.75,0.35,92.67,209.59,219.67,164.34,452.5,3.46,115.2,243.27,3.77,1.19,19.89,33387,1,Bio-filtration,Elevated Organic / Particulate / Biological Load,"TSS_elevated(164.3mg/L), TUR_elevated(92.7NTU)",Biological Oxidation & Sand Bio-filtration Required,Treatment Pathway Mandated
1177,Laundry,7.65,35.87,0.46,78.16,729.91,731.74,117.99,268.08,1.09,283.51,621.53,7.68,4.76,26.51,56128,1,Bio-filtration,Elevated Organic / Particulate / Biological Load,"BOD_elevated(283.5mg/L), COD_elevated(621.5mg/L), TSS_elevated(118.0mg/L), TUR_elevated(78.2NTU), DO_depleted(1.09mg/L)",Biological Oxidation & Sand Bio-filtration Required,Treatment Pathway Mandated
1178,Laundry,6.77,20.16,0.57,98.03,285.63,286.56,144.07,615.11,2.73,245.66,456.73,4.54,7.87,21.27,135162,1,Bio-filtration,Elevated Organic / Particulate / Biological Load,"BOD_elevated(245.7mg/L), COD_elevated(456.7mg/L), TSS_elevated(144.1mg/L), TUR_elevated(98.0NTU), E_coli_elevated(135162CFU)",Biological Oxidation & Sand Bio-filtration Required,Treatment Pathway Mandated
1179,Bathroom,6.0,25.83,0.37,19.41,375.21,374.42,38.32,376.11,3.94,49.23,212.14,10.77,4.94,24.65,36751,2,Restricted Irrigation,Moderate Water Quality Profile Suitable for Restricted Irrigation,"BOD_exceeds_indoor(49.2mg/L), COD_exceeds_indoor(212.1mg/L), E_coli_exceeds_indoor(36751CFU), TDS_exceeds_indoor(374.4mg/L), SAL_exceeds_indoor(0.37ppt), pH_outside_indoor(6.00)",Secondary Settling / Disc Filtration & Drip Irrigation Barrier Required,Restricted Non-Potable Landscape Irrigation
1180,Bathroom,7.51,27.8,0.1,34.42,335.83,329.99,77.71,536.53,4.42,72.83,101.96,8.63,2.85,18.81,172440,1,Bio-filtration,Elevated Organic / Particulate / Biological Load,E_coli_elevated(172440CFU),Biological Oxidation & Sand Bio-filtration Required,Treatment Pathway Mandated
1181,Mixed,7.19,30.45,0.43,118.59,388.07,415.4,226.11,610.82,2.32,237.7,332.78,11.29,3.87,0.5,33881,1,Bio-filtration,Elevated Organic / Particulate / Biological Load,"BOD_elevated(237.7mg/L), COD_elevated(332.8mg/L), TSS_elevated(226.1mg/L), TUR_elevated(118.6NTU)",Biological Oxidation & Sand Bio-filtration Required,Treatment Pathway Mandated
1182,Bathroom,7.0,24.64,0.25,22.79,276.03,283.48,36.21,684.06,4.36,35.83,78.83,12.99,4.39,19.23,21983,2,Restricted Irrigation,Moderate Water Quality Profile Suitable for Restricted Irrigation,E_coli_exceeds_indoor(21983CFU),Secondary Settling / Disc Filtration & Drip Irrigation Barrier Required,Restricted Non-Potable Landscape Irrigation
1183,Bathroom,7.7,28.76,0.29,26.45,338.71,341.86,42.88,380.79,4.73,56.4,78.96,6.3,2.47,15.37,72143,2,Restricted Irrigation,Moderate Water Quality Profile Suitable for Restricted Irrigation,"BOD_exceeds_indoor(56.4mg/L), TUR_exceeds_indoor(26.4NTU), E_coli_exceeds_indoor(72143CFU), TDS_exceeds_indoor(341.9mg/L), SAL_exceeds_indoor(0.29ppt)",Secondary Settling / Disc Filtration & Drip Irrigation Barrier Required,Restricted Non-Potable Landscape Irrigation
1184,Bathroom,7.42,31.26,0.2,38.3,318.15,330.05,49.89,411.7,3.06,85.83,178.99,9.5,4.95,16.18,11701,2,Restricted Irrigation,Moderate Water Quality Profile Suitable for Restricted Irrigation,"BOD_exceeds_indoor(85.8mg/L), COD_exceeds_indoor(179.0mg/L), TSS_exceeds_indoor(49.9mg/L), TUR_exceeds_indoor(38.3NTU), TDS_exceeds_indoor(330.1mg/L), DO_low_for_indoor(3.06mg/L)",Secondary Settling / Disc Filtration & Drip Irrigation Barrier Required,Restricted Non-Potable Landscape Irrigation
1185,Bathroom,7.49,26.91,0.37,37.65,274.6,298.84,69.61,647.05,4.68,29.75,60.9,12.88,6.75,19.88,5131,2,Restricted Irrigation,Moderate Water Quality Profile Suitable for Restricted Irrigation,"TSS_exceeds_indoor(69.6mg/L), TUR_exceeds_indoor(37.6NTU), SAL_exceeds_indoor(0.37ppt)",Secondary Settling / Disc Filtration & Drip Irrigation Barrier Required,Restricted Non-Potable Landscape Irrigation
1186,Mixed,7.1,18.0,0.2,61.76,117.28,115.74,154.38,567.79,2.41,184.05,495.21,15.5,5.27,9.38,65211,1,Bio-filtration,Elevated Organic / Particulate / Biological Load,"BOD_elevated(184.1mg/L), COD_elevated(495.2mg/L), TSS_elevated(154.4mg/L), TUR_elevated(61.8NTU)",Biological Oxidation & Sand Bio-filtration Required,Treatment Pathway Mandated
1187,Laundry,6.23,37.19,0.31,99.64,510.14,541.81,110.17,876.44,1.32,319.07,623.74,9.65,5.47,15.38,179684,1,Bio-filtration,Elevated Organic / Particulate / Biological Load,"BOD_elevated(319.1mg/L), COD_elevated(623.7mg/L), TSS_elevated(110.2mg/L), TUR_elevated(99.6NTU), E_coli_elevated(179684CFU), DO_depleted(1.32mg/L)",Biological Oxidation & Sand Bio-filtration Required,Treatment Pathway Mandated
1188,Mixed,7.5,26.9,0.3,52.07,489.03,538.62,57.53,539.63,2.82,230.25,367.84,13.46,7.04,30.6,90184,1,Bio-filtration,Elevated Organic / Particulate / Biological Load,"BOD_elevated(230.2mg/L), COD_elevated(367.8mg/L), E_coli_elevated(90184CFU)",Biological Oxidation & Sand Bio-filtration Required,Treatment Pathway Mandated
1189,Bathroom,6.76,27.89,0.3,5.0,278.29,277.26,10.35,555.71,4.19,79.27,194.85,7.92,1.01,21.05,33479,2,Restricted Irrigation,Moderate Water Quality Profile Suitable for Restricted Irrigation,"BOD_exceeds_indoor(79.3mg/L), COD_exceeds_indoor(194.8mg/L), E_coli_exceeds_indoor(33479CFU), SAL_exceeds_indoor(0.30ppt)",Secondary Settling / Disc Filtration & Drip Irrigation Barrier Required,Restricted Non-Potable Landscape Irrigation
1190,Kitchen,7.45,23.9,0.46,160.54,530.79,553.7,284.92,937.95,0.85,428.76,600.26,17.97,4.45,24.72,166002,0,Sewer Bypass,Severe Contamination / Environmental Hazard,"BOD_severe(428.8mg/L), TSS_severe(284.9mg/L), TUR_severe(160.5NTU), Septic_Anoxic(DO=0.85,BOD=428.8,COD=600.3)",No Treatment Viable - Direct Sewer Bypass,Critical Hazard Failsafe
1191,Laundry,6.32,33.14,0.45,105.32,480.98,480.84,260.62,690.52,0.88,321.57,475.2,13.68,8.85,22.13,27511,0,Sewer Bypass,Severe Contamination / Environmental Hazard,"TSS_severe(260.6mg/L), Septic_Anoxic(DO=0.88,BOD=321.6,COD=475.2)",No Treatment Viable - Direct Sewer Bypass,Critical Hazard Failsafe
1192,Laundry,7.28,25.61,0.38,25.44,517.63,561.31,66.18,834.23,0.3,331.45,998.12,13.92,11.89,21.01,143142,0,Sewer Bypass,Severe Contamination / Environmental Hazard,"COD_severe(998.1mg/L), Septic_Anoxic(DO=0.30,BOD=331.4,COD=998.1)",No Treatment Viable - Direct Sewer Bypass,Critical Hazard Failsafe
1193,Mixed,6.97,19.46,0.25,58.45,324.85,333.8,67.87,633.58,2.29,198.96,398.17,7.13,8.66,21.37,81489,1,Bio-filtration,Elevated Organic / Particulate / Biological Load,"BOD_elevated(199.0mg/L), COD_elevated(398.2mg/L), E_coli_elevated(81489CFU)",Biological Oxidation & Sand Bio-filtration Required,Treatment Pathway Mandated
1194,Mixed,7.81,27.37,0.32,50.88,220.6,230.83,109.26,725.8,2.38,237.64,332.7,6.34,4.49,9.12,522177,0,Sewer Bypass,Severe Contamination / Environmental Hazard,E_coli_severe(522177CFU),No Treatment Viable - Direct Sewer Bypass,Critical Hazard Failsafe
1195,Mixed,7.45,26.57,0.52,104.18,191.93,201.08,281.26,531.78,3.45,210.28,437.12,11.16,4.92,14.44,26090,0,Sewer Bypass,Severe Contamination / Environmental Hazard,TSS_severe(281.3mg/L),No Treatment Viable - Direct Sewer Bypass,Critical Hazard Failsafe
1196,Bathroom,6.98,26.98,0.22,55.69,347.81,329.84,46.13,374.44,3.08,87.83,125.01,8.34,3.27,9.98,147607,1,Bio-filtration,Elevated Organic / Particulate / Biological Load,E_coli_elevated(147607CFU),Biological Oxidation & Sand Bio-filtration Required,Treatment Pathway Mandated
1197,Bathroom,6.88,27.78,0.36,33.86,239.81,258.87,56.22,560.33,5.15,75.84,106.18,11.04,4.63,16.79,35446,2,Restricted Irrigation,Moderate Water Quality Profile Suitable for Restricted Irrigation,"BOD_exceeds_indoor(75.8mg/L), TSS_exceeds_indoor(56.2mg/L), TUR_exceeds_indoor(33.9NTU), E_coli_exceeds_indoor(35446CFU), SAL_exceeds_indoor(0.36ppt)",Secondary Settling / Disc Filtration & Drip Irrigation Barrier Required,Restricted Non-Potable Landscape Irrigation
1198,Kitchen,7.42,29.16,0.6,83.76,846.38,958.71,172.54,921.7,0.3,250.83,986.45,7.02,3.37,27.0,30390,0,Sewer Bypass,Severe Contamination / Environmental Hazard,"COD_severe(986.5mg/L), TDS_severe(958.7mg/L), Septic_Anoxic(DO=0.30,BOD=250.8,COD=986.5)",No Treatment Viable - Direct Sewer Bypass,Critical Hazard Failsafe
1199,Bathroom,7.63,31.72,0.22,57.38,401.64,424.6,80.84,200.0,4.04,93.84,131.38,7.19,6.33,24.8,4291,2,Restricted Irrigation,Moderate Water Quality Profile Suitable for Restricted Irrigation,"BOD_exceeds_indoor(93.8mg/L), COD_exceeds_indoor(131.4mg/L), TSS_exceeds_indoor(80.8mg/L), TUR_exceeds_indoor(57.4NTU), TDS_exceeds_indoor(424.6mg/L)",Secondary Settling / Disc Filtration & Drip Irrigation Barrier Required,Restricted Non-Potable Landscape Irrigation
1200,Kitchen,6.93,33.69,0.54,150.79,568.96,553.31,178.8,1032.05,1.14,434.92,608.88,17.47,6.27,26.58,508996,0,Sewer Bypass,Severe Contamination / Environmental Hazard,"BOD_severe(434.9mg/L), TUR_severe(150.8NTU), E_coli_severe(508996CFU)",No Treatment Viable - Direct Sewer Bypass,Critical Hazard Failsafe
1201,Laundry,6.56,30.71,0.36,61.99,430.96,436.97,88.29,779.46,0.3,214.96,673.56,7.68,7.7,19.1,18688,0,Sewer Bypass,Severe Contamination / Environmental Hazard,"Septic_Anoxic(DO=0.30,BOD=215.0,COD=673.6)",No Treatment Viable - Direct Sewer Bypass,Critical Hazard Failsafe
1202,Laundry,7.2,25.17,0.45,48.35,106.14,106.56,68.32,471.18,2.62,370.25,518.35,21.77,9.44,19.55,109525,1,Bio-filtration,Elevated Organic / Particulate / Biological Load,"BOD_elevated(370.2mg/L), COD_elevated(518.4mg/L), E_coli_elevated(109525CFU)",Biological Oxidation & Sand Bio-filtration Required,Treatment Pathway Mandated
1203,Mixed,7.14,26.75,0.33,75.03,190.96,205.51,86.84,579.75,1.85,118.23,386.15,7.01,7.12,19.73,31587,1,Bio-filtration,Elevated Organic / Particulate / Biological Load,"COD_elevated(386.1mg/L), TUR_elevated(75.0NTU), DO_depleted(1.85mg/L)",Biological Oxidation & Sand Bio-filtration Required,Treatment Pathway Mandated
1204,Kitchen,7.48,23.5,0.46,111.71,614.88,625.89,217.04,903.4,0.54,404.36,835.01,11.19,7.73,14.8,97496,0,Sewer Bypass,Severe Contamination / Environmental Hazard,"BOD_severe(404.4mg/L), COD_severe(835.0mg/L), Septic_Anoxic(DO=0.54,BOD=404.4,COD=835.0)",No Treatment Viable - Direct Sewer Bypass,Critical Hazard Failsafe
1205,Bathroom,6.9,21.32,0.41,31.44,264.85,298.6,51.01,310.89,4.37,59.67,135.73,11.31,7.86,8.66,74136,2,Restricted Irrigation,Moderate Water Quality Profile Suitable for Restricted Irrigation,"BOD_exceeds_indoor(59.7mg/L), COD_exceeds_indoor(135.7mg/L), TSS_exceeds_indoor(51.0mg/L), TUR_exceeds_indoor(31.4NTU), E_coli_exceeds_indoor(74136CFU), SAL_exceeds_indoor(0.41ppt)",Secondary Settling / Disc Filtration & Drip Irrigation Barrier Required,Restricted Non-Potable Landscape Irrigation
1206,Bathroom,7.44,26.7,0.31,33.55,91.02,100.0,68.21,663.59,4.5,53.33,217.63,7.22,9.94,8.02,4590,2,Restricted Irrigation,Moderate Water Quality Profile Suitable for Restricted Irrigation,"BOD_exceeds_indoor(53.3mg/L), COD_exceeds_indoor(217.6mg/L), TSS_exceeds_indoor(68.2mg/L), TUR_exceeds_indoor(33.5NTU), SAL_exceeds_indoor(0.31ppt)",Secondary Settling / Disc Filtration & Drip Irrigation Barrier Required,Restricted Non-Potable Landscape Irrigation
1207,Kitchen,7.25,23.59,0.37,104.67,712.9,743.66,188.02,861.5,0.69,137.86,605.6,9.14,8.54,22.78,39983,0,Sewer Bypass,Severe Contamination / Environmental Hazard,"Septic_Anoxic(DO=0.69,BOD=137.9,COD=605.6)",No Treatment Viable - Direct Sewer Bypass,Critical Hazard Failsafe
1208,Laundry,6.62,34.7,0.4,145.96,454.91,506.87,282.87,718.25,1.66,216.16,471.46,6.66,8.26,24.01,60165,0,Sewer Bypass,Severe Contamination / Environmental Hazard,"TSS_severe(282.9mg/L), TUR_severe(146.0NTU)",No Treatment Viable - Direct Sewer Bypass,Critical Hazard Failsafe
1209,Bathroom,7.12,28.75,0.36,63.7,350.96,353.3,115.75,468.04,4.78,69.35,97.09,12.39,1.8,12.69,28745,1,Bio-filtration,Elevated Organic / Particulate / Biological Load,"TSS_elevated(115.8mg/L), TUR_elevated(63.7NTU)",Biological Oxidation & Sand Bio-filtration Required,Treatment Pathway Mandated
1210,Laundry,6.23,19.05,0.37,86.01,484.29,493.41,216.06,672.49,2.76,133.58,467.31,13.01,6.57,22.14,286692,1,Bio-filtration,Elevated Organic / Particulate / Biological Load,"BOD_elevated(133.6mg/L), COD_elevated(467.3mg/L), TSS_elevated(216.1mg/L), TUR_elevated(86.0NTU), E_coli_elevated(286692CFU)",Biological Oxidation & Sand Bio-filtration Required,Treatment Pathway Mandated
1211,Mixed,7.33,33.15,0.29,48.47,303.63,322.74,104.53,421.67,3.82,40.98,362.41,12.26,7.61,21.04,140919,1,Bio-filtration,Elevated Organic / Particulate / Biological Load,"COD_elevated(362.4mg/L), TSS_elevated(104.5mg/L), E_coli_elevated(140919CFU)",Biological Oxidation & Sand Bio-filtration Required,Treatment Pathway Mandated
1212,Mixed,7.52,30.06,0.22,50.08,298.65,310.18,82.58,351.86,2.64,174.72,395.11,21.68,4.89,18.88,254601,1,Bio-filtration,Elevated Organic / Particulate / Biological Load,"BOD_elevated(174.7mg/L), COD_elevated(395.1mg/L), E_coli_elevated(254601CFU)",Biological Oxidation & Sand Bio-filtration Required,Treatment Pathway Mandated
1213,Laundry,7.27,29.95,0.43,130.59,448.74,437.15,310.46,530.63,0.3,106.7,827.62,15.0,5.98,9.28,1118109,0,Sewer Bypass,Severe Contamination / Environmental Hazard,"COD_severe(827.6mg/L), TSS_severe(310.5mg/L), E_coli_severe(1118109CFU), Septic_Anoxic(DO=0.30,BOD=106.7,COD=827.6)",No Treatment Viable - Direct Sewer Bypass,Critical Hazard Failsafe
1214,Laundry,6.95,22.5,0.31,133.1,659.31,692.63,233.63,696.14,0.3,202.65,876.78,7.69,4.71,27.75,11090,0,Sewer Bypass,Severe Contamination / Environmental Hazard,"COD_severe(876.8mg/L), Septic_Anoxic(DO=0.30,BOD=202.7,COD=876.8)",No Treatment Viable - Direct Sewer Bypass,Critical Hazard Failsafe
1215,Bathroom,7.09,38.0,0.32,59.88,332.3,328.15,143.0,504.95,4.67,94.35,132.09,10.86,6.08,17.0,25214,1,Bio-filtration,Elevated Organic / Particulate / Biological Load,TSS_elevated(143.0mg/L),Biological Oxidation & Sand Bio-filtration Required,Treatment Pathway Mandated
1216,Laundry,7.01,32.03,0.34,110.84,377.1,407.05,175.95,699.65,2.19,385.94,621.28,11.23,4.24,23.79,91102,1,Bio-filtration,Elevated Organic / Particulate / Biological Load,"BOD_elevated(385.9mg/L), COD_elevated(621.3mg/L), TSS_elevated(175.9mg/L), TUR_elevated(110.8NTU), E_coli_elevated(91102CFU)",Biological Oxidation & Sand Bio-filtration Required,Treatment Pathway Mandated
1217,Laundry,6.83,30.14,0.29,116.99,272.13,268.01,188.98,918.06,0.39,315.55,504.92,15.37,2.38,14.56,241363,0,Sewer Bypass,Severe Contamination / Environmental Hazard,"Septic_Anoxic(DO=0.39,BOD=315.6,COD=504.9)",No Treatment Viable - Direct Sewer Bypass,Critical Hazard Failsafe
1218,Laundry,6.71,22.93,0.36,121.61,375.45,397.81,288.68,482.81,3.25,377.04,527.86,12.79,7.77,22.33,68699,0,Sewer Bypass,Severe Contamination / Environmental Hazard,TSS_severe(288.7mg/L),No Treatment Viable - Direct Sewer Bypass,Critical Hazard Failsafe
1219,Kitchen,7.23,26.81,0.58,149.93,385.21,422.44,350.0,706.34,2.18,321.69,661.32,12.48,5.29,16.99,90665,0,Sewer Bypass,Severe Contamination / Environmental Hazard,"TSS_severe(350.0mg/L), TUR_severe(149.9NTU)",No Treatment Viable - Direct Sewer Bypass,Critical Hazard Failsafe
1220,Bathroom,6.77,24.75,0.36,55.37,321.48,339.77,124.14,330.17,4.42,83.49,231.75,11.0,8.46,13.97,13467,1,Bio-filtration,Elevated Organic / Particulate / Biological Load,TSS_elevated(124.1mg/L),Biological Oxidation & Sand Bio-filtration Required,Treatment Pathway Mandated
1221,Bathroom,6.98,33.16,0.3,24.52,193.1,199.19,52.04,435.91,4.17,85.1,184.62,8.91,9.18,15.06,51217,2,Restricted Irrigation,Moderate Water Quality Profile Suitable for Restricted Irrigation,"BOD_exceeds_indoor(85.1mg/L), COD_exceeds_indoor(184.6mg/L), TSS_exceeds_indoor(52.0mg/L), E_coli_exceeds_indoor(51217CFU), SAL_exceeds_indoor(0.30ppt)",Secondary Settling / Disc Filtration & Drip Irrigation Barrier Required,Restricted Non-Potable Landscape Irrigation
1222,Bathroom,7.69,30.76,0.43,22.79,166.79,175.92,48.29,573.2,3.4,64.57,115.1,13.69,6.08,7.11,20450,2,Restricted Irrigation,Moderate Water Quality Profile Suitable for Restricted Irrigation,"BOD_exceeds_indoor(64.6mg/L), TSS_exceeds_indoor(48.3mg/L), E_coli_exceeds_indoor(20450CFU), SAL_exceeds_indoor(0.43ppt), DO_low_for_indoor(3.40mg/L)",Secondary Settling / Disc Filtration & Drip Irrigation Barrier Required,Restricted Non-Potable Landscape Irrigation
1223,Mixed,6.95,25.08,0.24,65.14,226.08,240.39,95.44,459.26,4.23,129.1,206.06,10.74,8.25,25.04,137802,1,Bio-filtration,Elevated Organic / Particulate / Biological Load,"BOD_elevated(129.1mg/L), TSS_elevated(95.4mg/L), TUR_elevated(65.1NTU), E_coli_elevated(137802CFU)",Biological Oxidation & Sand Bio-filtration Required,Treatment Pathway Mandated
1224,Kitchen,7.56,30.33,0.55,139.6,583.96,609.04,187.09,1014.01,0.3,552.93,924.21,21.28,1.58,30.79,39337,0,Sewer Bypass,Severe Contamination / Environmental Hazard,"BOD_severe(552.9mg/L), COD_severe(924.2mg/L), Septic_Anoxic(DO=0.30,BOD=552.9,COD=924.2)",No Treatment Viable - Direct Sewer Bypass,Critical Hazard Failsafe
1225,Bathroom,7.17,28.92,0.09,48.77,220.63,252.39,80.6,493.79,5.03,56.0,81.05,7.86,9.55,14.5,30757,2,Restricted Irrigation,Moderate Water Quality Profile Suitable for Restricted Irrigation,"BOD_exceeds_indoor(56.0mg/L), TSS_exceeds_indoor(80.6mg/L), TUR_exceeds_indoor(48.8NTU), E_coli_exceeds_indoor(30757CFU)",Secondary Settling / Disc Filtration & Drip Irrigation Barrier Required,Restricted Non-Potable Landscape Irrigation
1226,Mixed,7.23,19.7,0.37,60.34,398.15,404.59,100.65,365.72,2.45,186.85,388.56,4.07,6.39,18.02,281513,1,Bio-filtration,Elevated Organic / Particulate / Biological Load,"BOD_elevated(186.8mg/L), COD_elevated(388.6mg/L), TSS_elevated(100.7mg/L), TUR_elevated(60.3NTU), E_coli_elevated(281513CFU)",Biological Oxidation & Sand Bio-filtration Required,Treatment Pathway Mandated
1227,Laundry,6.91,26.8,0.38,108.87,329.77,353.0,191.18,520.28,0.82,497.23,737.06,21.67,5.08,29.75,50477,0,Sewer Bypass,Severe Contamination / Environmental Hazard,"BOD_severe(497.2mg/L), Septic_Anoxic(DO=0.82,BOD=497.2,COD=737.1)",No Treatment Viable - Direct Sewer Bypass,Critical Hazard Failsafe
1228,Laundry,7.6,36.0,0.32,36.71,587.45,619.25,56.69,739.64,2.32,336.22,470.71,18.38,7.24,19.49,137474,1,Bio-filtration,Elevated Organic / Particulate / Biological Load,"BOD_elevated(336.2mg/L), COD_elevated(470.7mg/L), E_coli_elevated(137474CFU)",Biological Oxidation & Sand Bio-filtration Required,Treatment Pathway Mandated
1229,Mixed,6.81,23.23,0.26,55.21,398.2,407.9,112.68,546.54,3.19,255.24,357.34,11.38,7.04,15.09,200571,1,Bio-filtration,Elevated Organic / Particulate / Biological Load,"BOD_elevated(255.2mg/L), COD_elevated(357.3mg/L), TSS_elevated(112.7mg/L), E_coli_elevated(200571CFU)",Biological Oxidation & Sand Bio-filtration Required,Treatment Pathway Mandated
1230,Bathroom,7.48,31.46,0.28,36.93,261.19,243.45,50.0,625.4,3.76,53.62,138.42,10.51,6.47,29.04,58355,2,Restricted Irrigation,Moderate Water Quality Profile Suitable for Restricted Irrigation,"BOD_exceeds_indoor(53.6mg/L), COD_exceeds_indoor(138.4mg/L), TSS_exceeds_indoor(50.0mg/L), TUR_exceeds_indoor(36.9NTU), E_coli_exceeds_indoor(58355CFU)",Secondary Settling / Disc Filtration & Drip Irrigation Barrier Required,Restricted Non-Potable Landscape Irrigation
1231,Bathroom,7.18,29.59,0.32,57.53,189.09,198.48,54.19,586.83,3.25,33.1,195.3,7.13,5.81,22.95,8478,2,Restricted Irrigation,Moderate Water Quality Profile Suitable for Restricted Irrigation,"COD_exceeds_indoor(195.3mg/L), TSS_exceeds_indoor(54.2mg/L), TUR_exceeds_indoor(57.5NTU), SAL_exceeds_indoor(0.32ppt), DO_low_for_indoor(3.25mg/L)",Secondary Settling / Disc Filtration & Drip Irrigation Barrier Required,Restricted Non-Potable Landscape Irrigation
1232,Laundry,7.0,30.49,0.39,113.9,503.25,508.1,176.59,916.2,0.3,252.69,794.7,13.07,4.6,32.22,804870,0,Sewer Bypass,Severe Contamination / Environmental Hazard,"E_coli_severe(804870CFU), Septic_Anoxic(DO=0.30,BOD=252.7,COD=794.7)",No Treatment Viable - Direct Sewer Bypass,Critical Hazard Failsafe
1233,Bathroom,6.96,29.34,0.27,35.06,241.89,250.72,62.47,338.13,4.07,54.07,144.21,7.37,7.34,18.43,80784,1,Bio-filtration,Elevated Organic / Particulate / Biological Load,E_coli_elevated(80784CFU),Biological Oxidation & Sand Bio-filtration Required,Treatment Pathway Mandated
1234,Kitchen,7.57,26.11,0.48,145.9,254.24,243.49,280.64,1200.0,0.55,193.53,789.63,12.26,6.35,12.51,33963,0,Sewer Bypass,Severe Contamination / Environmental Hazard,"TSS_severe(280.6mg/L), TUR_severe(145.9NTU), Septic_Anoxic(DO=0.55,BOD=193.5,COD=789.6)",No Treatment Viable - Direct Sewer Bypass,Critical Hazard Failsafe
1235,Bathroom,7.1,21.23,0.36,18.13,242.38,248.03,48.86,637.12,6.12,69.38,146.69,3.75,4.47,14.04,48876,2,Restricted Irrigation,Moderate Water Quality Profile Suitable for Restricted Irrigation,"BOD_exceeds_indoor(69.4mg/L), COD_exceeds_indoor(146.7mg/L), TSS_exceeds_indoor(48.9mg/L), E_coli_exceeds_indoor(48876CFU), SAL_exceeds_indoor(0.36ppt)",Secondary Settling / Disc Filtration & Drip Irrigation Barrier Required,Restricted Non-Potable Landscape Irrigation
1236,Bathroom,6.66,30.44,0.29,42.1,345.47,348.32,104.93,514.11,5.9,38.8,86.1,5.33,6.71,19.88,64761,1,Bio-filtration,Elevated Organic / Particulate / Biological Load,TSS_elevated(104.9mg/L),Biological Oxidation & Sand Bio-filtration Required,Treatment Pathway Mandated
1237,Bathroom,6.42,31.01,0.24,34.29,218.12,229.61,77.72,607.46,5.11,29.94,81.38,3.34,5.03,28.85,31667,2,Restricted Irrigation,Moderate Water Quality Profile Suitable for Restricted Irrigation,"TSS_exceeds_indoor(77.7mg/L), TUR_exceeds_indoor(34.3NTU), E_coli_exceeds_indoor(31667CFU), pH_outside_indoor(6.42)",Secondary Settling / Disc Filtration & Drip Irrigation Barrier Required,Restricted Non-Potable Landscape Irrigation
1238,Laundry,7.16,22.23,0.68,54.19,505.34,532.66,126.17,681.73,0.68,227.1,613.55,15.93,7.36,15.68,64376,0,Sewer Bypass,Severe Contamination / Environmental Hazard,"SAL_severe(0.68ppt), Septic_Anoxic(DO=0.68,BOD=227.1,COD=613.5)",No Treatment Viable - Direct Sewer Bypass,Critical Hazard Failsafe
1239,Bathroom,7.52,33.08,0.34,18.9,258.45,249.26,33.45,553.9,4.27,27.89,91.79,13.64,8.33,19.84,19231,2,Restricted Irrigation,Moderate Water Quality Profile Suitable for Restricted Irrigation,SAL_exceeds_indoor(0.34ppt),Secondary Settling / Disc Filtration & Drip Irrigation Barrier Required,Restricted Non-Potable Landscape Irrigation
1240,Bathroom,7.43,26.76,0.36,43.31,376.65,365.01,78.8,488.59,3.46,87.38,122.33,14.59,3.08,9.51,16902,2,Restricted Irrigation,Moderate Water Quality Profile Suitable for Restricted Irrigation,"BOD_exceeds_indoor(87.4mg/L), TSS_exceeds_indoor(78.8mg/L), TUR_exceeds_indoor(43.3NTU), TDS_exceeds_indoor(365.0mg/L), SAL_exceeds_indoor(0.36ppt), DO_low_for_indoor(3.46mg/L)",Secondary Settling / Disc Filtration & Drip Irrigation Barrier Required,Restricted Non-Potable Landscape Irrigation
1241,Mixed,7.34,22.23,0.41,70.05,335.28,356.38,190.18,604.36,4.49,66.8,146.19,16.42,4.29,18.06,20356,1,Bio-filtration,Elevated Organic / Particulate / Biological Load,"TSS_elevated(190.2mg/L), TUR_elevated(70.0NTU)",Biological Oxidation & Sand Bio-filtration Required,Treatment Pathway Mandated
1242,Laundry,6.65,27.87,0.45,78.62,237.23,261.59,74.79,732.35,2.9,346.37,484.91,16.02,6.3,15.14,41800,1,Bio-filtration,Elevated Organic / Particulate / Biological Load,"BOD_elevated(346.4mg/L), COD_elevated(484.9mg/L), TUR_elevated(78.6NTU)",Biological Oxidation & Sand Bio-filtration Required,Treatment Pathway Mandated
1243,Laundry,6.97,34.28,0.33,132.83,389.62,396.95,173.26,770.82,0.3,357.31,1000.0,25.05,7.99,14.21,36110,0,Sewer Bypass,Severe Contamination / Environmental Hazard,"COD_severe(1000.0mg/L), Septic_Anoxic(DO=0.30,BOD=357.3,COD=1000.0)",No Treatment Viable - Direct Sewer Bypass,Critical Hazard Failsafe
1244,Bathroom,7.83,29.22,0.39,28.06,256.92,262.91,50.41,561.37,3.99,30.18,159.33,6.46,7.66,8.64,1876,2,Restricted Irrigation,Moderate Water Quality Profile Suitable for Restricted Irrigation,"COD_exceeds_indoor(159.3mg/L), TSS_exceeds_indoor(50.4mg/L), TUR_exceeds_indoor(28.1NTU), SAL_exceeds_indoor(0.39ppt)",Secondary Settling / Disc Filtration & Drip Irrigation Barrier Required,Restricted Non-Potable Landscape Irrigation
1245,Laundry,6.98,26.38,0.58,50.02,217.13,209.34,100.45,662.98,0.3,394.47,874.39,9.05,6.96,17.21,279133,0,Sewer Bypass,Severe Contamination / Environmental Hazard,"COD_severe(874.4mg/L), Septic_Anoxic(DO=0.30,BOD=394.5,COD=874.4)",No Treatment Viable - Direct Sewer Bypass,Critical Hazard Failsafe
1246,Bathroom,6.43,30.17,0.23,47.12,338.46,358.64,95.81,427.23,4.23,32.06,95.48,6.52,4.0,10.88,142142,1,Bio-filtration,Elevated Organic / Particulate / Biological Load,"TSS_elevated(95.8mg/L), E_coli_elevated(142142CFU)",Biological Oxidation & Sand Bio-filtration Required,Treatment Pathway Mandated
1247,Kitchen,7.22,28.48,0.62,46.12,816.25,844.38,73.81,764.93,1.92,20.0,498.07,7.78,10.63,22.98,403776,0,Sewer Bypass,Severe Contamination / Environmental Hazard,"TDS_severe(844.4mg/L), SAL_severe(0.62ppt)",No Treatment Viable - Direct Sewer Bypass,Critical Hazard Failsafe
1248,Bathroom,7.63,30.02,0.35,26.75,170.35,172.1,67.94,585.3,3.11,112.02,168.1,9.88,8.53,13.34,90146,1,Bio-filtration,Elevated Organic / Particulate / Biological Load,E_coli_elevated(90146CFU),Biological Oxidation & Sand Bio-filtration Required,Treatment Pathway Mandated
1249,Mixed,7.28,28.5,0.22,57.02,334.9,345.79,61.36,494.14,4.51,133.95,216.51,14.1,7.25,10.85,63456,1,Bio-filtration,Elevated Organic / Particulate / Biological Load,BOD_elevated(133.9mg/L),Biological Oxidation & Sand Bio-filtration Required,Treatment Pathway Mandated
1250,Mixed,6.83,26.34,0.3,79.73,419.19,428.22,188.66,582.86,2.21,215.91,395.18,12.75,5.43,8.38,108701,1,Bio-filtration,Elevated Organic / Particulate / Biological Load,"BOD_elevated(215.9mg/L), COD_elevated(395.2mg/L), TSS_elevated(188.7mg/L), TUR_elevated(79.7NTU), E_coli_elevated(108701CFU)",Biological Oxidation & Sand Bio-filtration Required,Treatment Pathway Mandated
1251,Bathroom,6.55,28.48,0.16,16.19,206.96,219.55,37.9,456.19,4.91,63.02,120.13,4.9,5.81,27.64,15743,2,Restricted Irrigation,Moderate Water Quality Profile Suitable for Restricted Irrigation,BOD_exceeds_indoor(63.0mg/L),Secondary Settling / Disc Filtration & Drip Irrigation Barrier Required,Restricted Non-Potable Landscape Irrigation
1252,Bathroom,7.07,19.53,0.14,24.55,301.67,318.62,50.98,570.82,3.74,77.34,108.27,10.08,8.94,11.76,23182,2,Restricted Irrigation,Moderate Water Quality Profile Suitable for Restricted Irrigation,"BOD_exceeds_indoor(77.3mg/L), TSS_exceeds_indoor(51.0mg/L), E_coli_exceeds_indoor(23182CFU), TDS_exceeds_indoor(318.6mg/L)",Secondary Settling / Disc Filtration & Drip Irrigation Barrier Required,Restricted Non-Potable Landscape Irrigation
1253,Bathroom,7.05,29.96,0.29,49.5,246.17,246.06,118.74,733.36,3.18,58.46,108.41,7.77,5.85,15.14,36359,1,Bio-filtration,Elevated Organic / Particulate / Biological Load,TSS_elevated(118.7mg/L),Biological Oxidation & Sand Bio-filtration Required,Treatment Pathway Mandated
1254,Kitchen,6.89,26.18,0.41,180.0,767.25,779.21,350.0,778.56,1.26,414.0,579.6,14.2,5.24,34.55,929807,0,Sewer Bypass,Severe Contamination / Environmental Hazard,"BOD_severe(414.0mg/L), TSS_severe(350.0mg/L), TUR_severe(180.0NTU), E_coli_severe(929807CFU)",No Treatment Viable - Direct Sewer Bypass,Critical Hazard Failsafe
1255,Bathroom,7.36,22.84,0.2,58.54,306.2,331.99,106.23,634.65,3.25,58.09,144.4,7.79,3.57,21.32,8066,1,Bio-filtration,Elevated Organic / Particulate / Biological Load,TSS_elevated(106.2mg/L),Biological Oxidation & Sand Bio-filtration Required,Treatment Pathway Mandated
1256,Mixed,7.4,20.74,0.18,39.21,202.01,212.99,73.77,596.14,4.1,149.21,221.19,9.17,5.57,11.47,392738,1,Bio-filtration,Elevated Organic / Particulate / Biological Load,"BOD_elevated(149.2mg/L), E_coli_elevated(392738CFU)",Biological Oxidation & Sand Bio-filtration Required,Treatment Pathway Mandated
1257,Mixed,6.85,25.2,0.24,67.45,283.59,305.12,66.42,462.52,1.73,267.47,537.79,6.39,6.99,11.67,40419,1,Bio-filtration,Elevated Organic / Particulate / Biological Load,"BOD_elevated(267.5mg/L), COD_elevated(537.8mg/L), TUR_elevated(67.5NTU), DO_depleted(1.73mg/L)",Biological Oxidation & Sand Bio-filtration Required,Treatment Pathway Mandated
1258,Mixed,7.08,24.75,0.33,56.93,186.35,199.96,128.6,545.76,2.05,20.0,399.52,12.8,6.33,12.19,13075,1,Bio-filtration,Elevated Organic / Particulate / Biological Load,"COD_elevated(399.5mg/L), TSS_elevated(128.6mg/L)",Biological Oxidation & Sand Bio-filtration Required,Treatment Pathway Mandated
1259,Laundry,7.66,30.61,0.46,123.7,644.0,664.63,297.93,587.35,2.41,209.43,444.77,6.07,6.14,20.41,10962,0,Sewer Bypass,Severe Contamination / Environmental Hazard,TSS_severe(297.9mg/L),No Treatment Viable - Direct Sewer Bypass,Critical Hazard Failsafe
1260,Mixed,7.14,25.45,0.32,84.4,364.65,358.23,171.68,479.92,2.94,137.72,351.24,7.55,5.62,19.68,25586,1,Bio-filtration,Elevated Organic / Particulate / Biological Load,"BOD_elevated(137.7mg/L), COD_elevated(351.2mg/L), TSS_elevated(171.7mg/L), TUR_elevated(84.4NTU)",Biological Oxidation & Sand Bio-filtration Required,Treatment Pathway Mandated
1261,Bathroom,7.11,19.9,0.32,48.54,332.45,324.28,62.99,655.56,3.45,50.99,112.86,3.38,3.77,10.59,98637,1,Bio-filtration,Elevated Organic / Particulate / Biological Load,E_coli_elevated(98637CFU),Biological Oxidation & Sand Bio-filtration Required,Treatment Pathway Mandated
1262,Laundry,6.37,27.67,0.41,109.49,465.55,476.12,243.71,592.31,1.96,247.12,786.18,6.93,1.49,21.99,233317,1,Bio-filtration,Elevated Organic / Particulate / Biological Load,"BOD_elevated(247.1mg/L), COD_elevated(786.2mg/L), TSS_elevated(243.7mg/L), TUR_elevated(109.5NTU), E_coli_elevated(233317CFU), DO_depleted(1.96mg/L)",Biological Oxidation & Sand Bio-filtration Required,Treatment Pathway Mandated
1263,Laundry,7.58,30.32,0.4,141.41,656.12,644.15,310.61,465.36,1.84,313.6,521.14,18.97,5.0,25.66,109778,0,Sewer Bypass,Severe Contamination / Environmental Hazard,"TSS_severe(310.6mg/L), TUR_severe(141.4NTU)",No Treatment Viable - Direct Sewer Bypass,Critical Hazard Failsafe
1264,Mixed,7.0,22.16,0.35,26.3,361.99,378.07,37.56,312.67,2.88,148.88,225.06,9.28,6.68,16.02,21326,1,Bio-filtration,Elevated Organic / Particulate / Biological Load,BOD_elevated(148.9mg/L),Biological Oxidation & Sand Bio-filtration Required,Treatment Pathway Mandated
1265,Laundry,6.88,31.7,0.27,96.34,415.56,438.83,134.84,519.9,1.3,412.3,627.4,15.37,6.91,14.91,57787,0,Sewer Bypass,Severe Contamination / Environmental Hazard,BOD_severe(412.3mg/L),No Treatment Viable - Direct Sewer Bypass,Critical Hazard Failsafe
1266,Mixed,7.13,38.0,0.3,88.21,351.69,346.62,207.99,375.36,2.64,158.96,364.21,9.99,4.88,22.44,16529,1,Bio-filtration,Elevated Organic / Particulate / Biological Load,"BOD_elevated(159.0mg/L), COD_elevated(364.2mg/L), TSS_elevated(208.0mg/L), TUR_elevated(88.2NTU)",Biological Oxidation & Sand Bio-filtration Required,Treatment Pathway Mandated
1267,Bathroom,6.85,18.7,0.36,22.39,298.5,306.64,37.14,654.43,3.79,53.48,141.39,11.31,3.52,25.58,62534,2,Restricted Irrigation,Moderate Water Quality Profile Suitable for Restricted Irrigation,"BOD_exceeds_indoor(53.5mg/L), COD_exceeds_indoor(141.4mg/L), E_coli_exceeds_indoor(62534CFU), TDS_exceeds_indoor(306.6mg/L), SAL_exceeds_indoor(0.36ppt)",Secondary Settling / Disc Filtration & Drip Irrigation Barrier Required,Restricted Non-Potable Landscape Irrigation
1268,Mixed,6.88,23.45,0.32,74.58,291.11,296.51,122.19,742.89,1.28,314.92,440.88,21.07,8.88,18.35,133637,1,Bio-filtration,Elevated Organic / Particulate / Biological Load,"BOD_elevated(314.9mg/L), COD_elevated(440.9mg/L), TSS_elevated(122.2mg/L), TUR_elevated(74.6NTU), E_coli_elevated(133637CFU), DO_depleted(1.28mg/L)",Biological Oxidation & Sand Bio-filtration Required,Treatment Pathway Mandated
1269,Laundry,6.48,18.88,0.4,93.61,593.17,607.86,240.5,860.56,0.3,412.58,827.77,13.33,6.35,9.06,105896,0,Sewer Bypass,Severe Contamination / Environmental Hazard,"BOD_severe(412.6mg/L), COD_severe(827.8mg/L), Septic_Anoxic(DO=0.30,BOD=412.6,COD=827.8)",No Treatment Viable - Direct Sewer Bypass,Critical Hazard Failsafe
1270,Laundry,7.15,27.65,0.35,106.46,373.52,424.39,271.28,604.16,0.87,432.09,724.97,17.56,4.09,17.96,292016,0,Sewer Bypass,Severe Contamination / Environmental Hazard,"BOD_severe(432.1mg/L), TSS_severe(271.3mg/L), Septic_Anoxic(DO=0.87,BOD=432.1,COD=725.0)",No Treatment Viable - Direct Sewer Bypass,Critical Hazard Failsafe
1271,Mixed,7.06,22.51,0.39,66.79,335.31,340.1,78.8,227.5,1.84,90.69,235.95,13.45,6.78,18.65,94817,1,Bio-filtration,Elevated Organic / Particulate / Biological Load,"TUR_elevated(66.8NTU), E_coli_elevated(94817CFU), DO_depleted(1.84mg/L)",Biological Oxidation & Sand Bio-filtration Required,Treatment Pathway Mandated
1272,Laundry,6.18,22.57,0.28,79.98,316.45,333.41,152.83,812.78,0.3,279.01,674.48,11.41,6.85,17.06,156996,0,Sewer Bypass,Severe Contamination / Environmental Hazard,"Septic_Anoxic(DO=0.30,BOD=279.0,COD=674.5)",No Treatment Viable - Direct Sewer Bypass,Critical Hazard Failsafe
1273,Laundry,6.93,25.6,0.5,56.01,445.26,461.88,75.79,748.36,1.97,206.07,402.48,4.38,9.36,16.68,33905,1,Bio-filtration,Elevated Organic / Particulate / Biological Load,"BOD_elevated(206.1mg/L), COD_elevated(402.5mg/L), DO_depleted(1.97mg/L)",Biological Oxidation & Sand Bio-filtration Required,Treatment Pathway Mandated
1274,Laundry,6.51,25.25,0.39,71.88,560.15,615.51,79.62,743.76,1.23,255.03,645.77,11.64,3.12,12.89,39709,1,Bio-filtration,Elevated Organic / Particulate / Biological Load,"BOD_elevated(255.0mg/L), COD_elevated(645.8mg/L), TUR_elevated(71.9NTU), DO_depleted(1.23mg/L)",Biological Oxidation & Sand Bio-filtration Required,Treatment Pathway Mandated
1275,Bathroom,6.62,28.21,0.22,12.97,231.06,242.44,23.11,567.72,3.62,40.32,186.62,14.28,5.49,15.56,17408,2,Restricted Irrigation,Moderate Water Quality Profile Suitable for Restricted Irrigation,COD_exceeds_indoor(186.6mg/L),Secondary Settling / Disc Filtration & Drip Irrigation Barrier Required,Restricted Non-Potable Landscape Irrigation
1276,Laundry,6.98,25.11,0.31,98.2,628.7,627.48,223.41,456.29,0.47,304.39,685.67,9.78,8.57,24.84,230445,0,Sewer Bypass,Severe Contamination / Environmental Hazard,"Septic_Anoxic(DO=0.47,BOD=304.4,COD=685.7)",No Treatment Viable - Direct Sewer Bypass,Critical Hazard Failsafe
1277,Bathroom,6.85,24.66,0.32,46.62,241.31,257.93,64.76,458.85,3.48,21.79,158.62,7.49,5.31,14.77,15008,2,Restricted Irrigation,Moderate Water Quality Profile Suitable for Restricted Irrigation,"COD_exceeds_indoor(158.6mg/L), TSS_exceeds_indoor(64.8mg/L), TUR_exceeds_indoor(46.6NTU), SAL_exceeds_indoor(0.32ppt), DO_low_for_indoor(3.48mg/L)",Secondary Settling / Disc Filtration & Drip Irrigation Barrier Required,Restricted Non-Potable Landscape Irrigation
1278,Bathroom,6.84,24.43,0.2,51.17,269.4,282.1,77.26,471.21,2.6,71.84,100.57,9.31,5.19,13.3,49763,2,Restricted Irrigation,Moderate Water Quality Profile Suitable for Restricted Irrigation,"BOD_exceeds_indoor(71.8mg/L), TSS_exceeds_indoor(77.3mg/L), TUR_exceeds_indoor(51.2NTU), E_coli_exceeds_indoor(49763CFU), DO_low_for_indoor(2.60mg/L)",Secondary Settling / Disc Filtration & Drip Irrigation Barrier Required,Restricted Non-Potable Landscape Irrigation
1279,Mixed,6.34,34.09,0.27,88.99,252.28,267.82,180.39,617.2,2.63,56.53,521.94,9.48,6.11,19.12,146871,1,Bio-filtration,Elevated Organic / Particulate / Biological Load,"COD_elevated(521.9mg/L), TSS_elevated(180.4mg/L), TUR_elevated(89.0NTU), E_coli_elevated(146871CFU)",Biological Oxidation & Sand Bio-filtration Required,Treatment Pathway Mandated
1280,Laundry,6.17,25.42,0.35,79.88,405.42,409.17,79.43,455.2,2.12,297.29,697.27,11.31,7.57,21.69,137509,1,Bio-filtration,Elevated Organic / Particulate / Biological Load,"BOD_elevated(297.3mg/L), COD_elevated(697.3mg/L), TUR_elevated(79.9NTU), E_coli_elevated(137509CFU)",Biological Oxidation & Sand Bio-filtration Required,Treatment Pathway Mandated
1281,Laundry,6.89,25.2,0.45,59.58,276.61,284.02,105.78,596.93,2.58,257.55,367.41,15.15,4.16,17.31,75686,1,Bio-filtration,Elevated Organic / Particulate / Biological Load,"BOD_elevated(257.6mg/L), COD_elevated(367.4mg/L), TSS_elevated(105.8mg/L), E_coli_elevated(75686CFU)",Biological Oxidation & Sand Bio-filtration Required,Treatment Pathway Mandated
1282,Laundry,6.63,25.68,0.35,42.74,402.13,444.14,97.56,646.04,0.96,409.98,573.98,6.83,8.17,28.03,15005,0,Sewer Bypass,Severe Contamination / Environmental Hazard,"BOD_severe(410.0mg/L), Septic_Anoxic(DO=0.96,BOD=410.0,COD=574.0)",No Treatment Viable - Direct Sewer Bypass,Critical Hazard Failsafe
1283,Laundry,6.61,27.31,0.42,77.85,406.92,425.96,154.41,514.13,0.84,154.99,462.16,8.71,4.55,23.11,75396,1,Bio-filtration,Elevated Organic / Particulate / Biological Load,"BOD_elevated(155.0mg/L), COD_elevated(462.2mg/L), TSS_elevated(154.4mg/L), TUR_elevated(77.8NTU), E_coli_elevated(75396CFU), DO_depleted(0.84mg/L)",Biological Oxidation & Sand Bio-filtration Required,Treatment Pathway Mandated
1284,Kitchen,7.44,26.9,0.48,30.58,227.86,240.55,58.87,804.08,1.9,316.36,619.86,15.64,5.14,15.36,197716,1,Bio-filtration,Elevated Organic / Particulate / Biological Load,"BOD_elevated(316.4mg/L), COD_elevated(619.9mg/L), E_coli_elevated(197716CFU), DO_depleted(1.90mg/L)",Biological Oxidation & Sand Bio-filtration Required,Treatment Pathway Mandated
1285,Mixed,7.45,34.44,0.33,64.36,407.2,445.71,97.38,279.82,3.46,201.44,282.02,13.44,7.17,12.71,151656,1,Bio-filtration,Elevated Organic / Particulate / Biological Load,"BOD_elevated(201.4mg/L), TSS_elevated(97.4mg/L), TUR_elevated(64.4NTU), E_coli_elevated(151656CFU)",Biological Oxidation & Sand Bio-filtration Required,Treatment Pathway Mandated
1286,Mixed,7.3,29.66,0.42,62.14,369.33,367.72,106.14,585.94,4.27,151.47,212.06,16.01,8.86,21.09,6714,1,Bio-filtration,Elevated Organic / Particulate / Biological Load,"BOD_elevated(151.5mg/L), TSS_elevated(106.1mg/L), TUR_elevated(62.1NTU)",Biological Oxidation & Sand Bio-filtration Required,Treatment Pathway Mandated
1287,Laundry,6.68,24.37,0.34,96.49,593.88,647.79,271.04,601.96,1.23,374.66,714.69,10.54,6.85,16.55,36045,0,Sewer Bypass,Severe Contamination / Environmental Hazard,TSS_severe(271.0mg/L),No Treatment Viable - Direct Sewer Bypass,Critical Hazard Failsafe
1288,Laundry,6.87,23.31,0.35,130.0,338.07,355.42,182.51,817.51,0.3,407.91,741.95,14.24,5.19,20.06,65861,0,Sewer Bypass,Severe Contamination / Environmental Hazard,"BOD_severe(407.9mg/L), Septic_Anoxic(DO=0.30,BOD=407.9,COD=742.0)",No Treatment Viable - Direct Sewer Bypass,Critical Hazard Failsafe
1289,Laundry,6.75,27.21,0.37,42.39,414.33,420.22,78.94,804.46,2.7,228.56,328.83,19.29,7.09,15.38,29250,1,Bio-filtration,Elevated Organic / Particulate / Biological Load,"BOD_elevated(228.6mg/L), COD_elevated(328.8mg/L)",Biological Oxidation & Sand Bio-filtration Required,Treatment Pathway Mandated
1290,Laundry,6.34,23.26,0.39,120.24,345.55,374.91,170.54,758.59,3.87,209.75,481.71,16.02,9.22,8.86,68780,1,Bio-filtration,Elevated Organic / Particulate / Biological Load,"BOD_elevated(209.8mg/L), COD_elevated(481.7mg/L), TSS_elevated(170.5mg/L), TUR_elevated(120.2NTU)",Biological Oxidation & Sand Bio-filtration Required,Treatment Pathway Mandated
1291,Laundry,6.67,29.45,0.46,130.24,436.75,472.11,195.69,754.2,1.65,295.79,564.53,13.51,7.51,22.23,81909,1,Bio-filtration,Elevated Organic / Particulate / Biological Load,"BOD_elevated(295.8mg/L), COD_elevated(564.5mg/L), TSS_elevated(195.7mg/L), TUR_elevated(130.2NTU), E_coli_elevated(81909CFU), DO_depleted(1.65mg/L)",Biological Oxidation & Sand Bio-filtration Required,Treatment Pathway Mandated
1292,Kitchen,7.38,26.61,0.55,87.23,448.91,457.25,129.03,1009.12,0.54,464.74,856.05,13.07,6.86,22.55,31794,0,Sewer Bypass,Severe Contamination / Environmental Hazard,"BOD_severe(464.7mg/L), COD_severe(856.0mg/L), Septic_Anoxic(DO=0.54,BOD=464.7,COD=856.0)",No Treatment Viable - Direct Sewer Bypass,Critical Hazard Failsafe
1293,Laundry,7.5,37.2,0.48,126.5,525.18,533.96,209.28,643.28,2.64,171.0,339.52,13.19,4.32,18.88,71905,1,Bio-filtration,Elevated Organic / Particulate / Biological Load,"BOD_elevated(171.0mg/L), COD_elevated(339.5mg/L), TSS_elevated(209.3mg/L), TUR_elevated(126.5NTU)",Biological Oxidation & Sand Bio-filtration Required,Treatment Pathway Mandated
1294,Laundry,6.55,18.0,0.35,60.87,454.12,463.65,123.1,752.53,1.17,185.85,610.89,14.42,6.92,25.37,50223,1,Bio-filtration,Elevated Organic / Particulate / Biological Load,"BOD_elevated(185.8mg/L), COD_elevated(610.9mg/L), TSS_elevated(123.1mg/L), TUR_elevated(60.9NTU), DO_depleted(1.17mg/L)",Biological Oxidation & Sand Bio-filtration Required,Treatment Pathway Mandated
1295,Laundry,7.27,36.16,0.36,96.79,456.23,494.41,213.16,831.39,1.75,345.65,593.01,16.43,7.35,18.72,184071,1,Bio-filtration,Elevated Organic / Particulate / Biological Load,"BOD_elevated(345.6mg/L), COD_elevated(593.0mg/L), TSS_elevated(213.2mg/L), TUR_elevated(96.8NTU), E_coli_elevated(184071CFU), DO_depleted(1.75mg/L)",Biological Oxidation & Sand Bio-filtration Required,Treatment Pathway Mandated
1296,Laundry,7.29,24.51,0.41,94.94,198.48,201.84,223.15,620.94,2.38,255.34,467.44,8.69,5.22,10.5,144185,1,Bio-filtration,Elevated Organic / Particulate / Biological Load,"BOD_elevated(255.3mg/L), COD_elevated(467.4mg/L), TSS_elevated(223.2mg/L), TUR_elevated(94.9NTU), E_coli_elevated(144185CFU)",Biological Oxidation & Sand Bio-filtration Required,Treatment Pathway Mandated
1297,Bathroom,7.08,25.06,0.19,35.45,262.96,261.46,56.78,595.95,4.8,72.91,177.2,14.98,6.78,22.11,101485,1,Bio-filtration,Elevated Organic / Particulate / Biological Load,E_coli_elevated(101485CFU),Biological Oxidation & Sand Bio-filtration Required,Treatment Pathway Mandated
1298,Bathroom,6.61,24.29,0.11,16.68,332.1,369.14,16.66,388.75,3.14,60.99,85.38,8.75,5.73,8.19,9796,2,Restricted Irrigation,Moderate Water Quality Profile Suitable for Restricted Irrigation,"BOD_exceeds_indoor(61.0mg/L), TDS_exceeds_indoor(369.1mg/L), DO_low_for_indoor(3.14mg/L)",Secondary Settling / Disc Filtration & Drip Irrigation Barrier Required,Restricted Non-Potable Landscape Irrigation
1299,Kitchen,7.37,25.39,0.53,106.16,849.52,812.27,176.12,591.57,1.37,377.2,686.95,22.51,3.37,21.65,700488,0,Sewer Bypass,Severe Contamination / Environmental Hazard,"E_coli_severe(700488CFU), TDS_severe(812.3mg/L)",No Treatment Viable - Direct Sewer Bypass,Critical Hazard Failsafe
1300,Laundry,6.72,30.55,0.34,115.98,611.1,589.56,226.14,394.98,0.99,524.84,734.77,5.81,2.76,25.28,82929,0,Sewer Bypass,Severe Contamination / Environmental Hazard,"BOD_severe(524.8mg/L), Septic_Anoxic(DO=0.99,BOD=524.8,COD=734.8)",No Treatment Viable - Direct Sewer Bypass,Critical Hazard Failsafe
1301,Bathroom,6.87,23.34,0.3,10.54,320.89,338.25,11.76,523.61,4.22,50.59,135.28,5.93,5.58,20.75,56282,2,Restricted Irrigation,Moderate Water Quality Profile Suitable for Restricted Irrigation,"BOD_exceeds_indoor(50.6mg/L), COD_exceeds_indoor(135.3mg/L), E_coli_exceeds_indoor(56282CFU), TDS_exceeds_indoor(338.2mg/L), SAL_exceeds_indoor(0.30ppt)",Secondary Settling / Disc Filtration & Drip Irrigation Barrier Required,Restricted Non-Potable Landscape Irrigation
1302,Laundry,7.18,23.96,0.51,116.15,456.53,490.05,184.81,763.18,0.83,77.09,849.97,9.95,5.31,21.3,42159,0,Sewer Bypass,Severe Contamination / Environmental Hazard,"COD_severe(850.0mg/L), Septic_Anoxic(DO=0.83,BOD=77.1,COD=850.0)",No Treatment Viable - Direct Sewer Bypass,Critical Hazard Failsafe
1303,Mixed,7.24,20.36,0.25,25.38,539.88,560.9,48.01,546.11,2.99,140.35,309.57,7.1,6.53,21.36,103689,1,Bio-filtration,Elevated Organic / Particulate / Biological Load,"BOD_elevated(140.3mg/L), COD_elevated(309.6mg/L), E_coli_elevated(103689CFU)",Biological Oxidation & Sand Bio-filtration Required,Treatment Pathway Mandated
1304,Bathroom,7.25,26.23,0.2,32.93,373.07,404.53,31.51,586.44,3.86,31.3,170.28,3.42,9.14,10.01,18339,2,Restricted Irrigation,Moderate Water Quality Profile Suitable for Restricted Irrigation,"COD_exceeds_indoor(170.3mg/L), TUR_exceeds_indoor(32.9NTU), TDS_exceeds_indoor(404.5mg/L)",Secondary Settling / Disc Filtration & Drip Irrigation Barrier Required,Restricted Non-Potable Landscape Irrigation
1305,Mixed,6.64,28.22,0.19,50.41,394.38,411.11,121.39,495.64,1.9,175.2,273.48,6.41,4.04,25.94,142016,1,Bio-filtration,Elevated Organic / Particulate / Biological Load,"BOD_elevated(175.2mg/L), TSS_elevated(121.4mg/L), E_coli_elevated(142016CFU), DO_depleted(1.90mg/L)",Biological Oxidation & Sand Bio-filtration Required,Treatment Pathway Mandated
1306,Mixed,7.18,29.12,0.32,18.6,267.51,274.07,34.87,481.77,3.89,181.64,299.02,12.0,6.98,24.68,160132,1,Bio-filtration,Elevated Organic / Particulate / Biological Load,"BOD_elevated(181.6mg/L), E_coli_elevated(160132CFU)",Biological Oxidation & Sand Bio-filtration Required,Treatment Pathway Mandated
1307,Laundry,7.51,23.98,0.39,42.05,391.71,411.9,103.31,488.46,1.51,325.38,558.92,14.31,8.3,25.86,82668,1,Bio-filtration,Elevated Organic / Particulate / Biological Load,"BOD_elevated(325.4mg/L), COD_elevated(558.9mg/L), TSS_elevated(103.3mg/L), E_coli_elevated(82668CFU), DO_depleted(1.51mg/L)",Biological Oxidation & Sand Bio-filtration Required,Treatment Pathway Mandated
1308,Kitchen,7.11,33.91,0.38,74.74,935.0,922.3,184.62,983.99,0.3,204.52,775.19,9.81,7.01,24.98,44327,0,Sewer Bypass,Severe Contamination / Environmental Hazard,"TDS_severe(922.3mg/L), Septic_Anoxic(DO=0.30,BOD=204.5,COD=775.2)",No Treatment Viable - Direct Sewer Bypass,Critical Hazard Failsafe
1309,Bathroom,7.31,29.32,0.36,31.95,327.45,339.75,76.65,538.08,3.78,20.0,150.89,4.86,7.71,21.54,2689,2,Restricted Irrigation,Moderate Water Quality Profile Suitable for Restricted Irrigation,"COD_exceeds_indoor(150.9mg/L), TSS_exceeds_indoor(76.7mg/L), TUR_exceeds_indoor(31.9NTU), TDS_exceeds_indoor(339.8mg/L), SAL_exceeds_indoor(0.36ppt)",Secondary Settling / Disc Filtration & Drip Irrigation Barrier Required,Restricted Non-Potable Landscape Irrigation
1310,Mixed,7.55,29.67,0.38,48.55,221.68,247.3,80.02,527.55,3.7,177.24,248.14,9.64,3.9,7.76,130751,1,Bio-filtration,Elevated Organic / Particulate / Biological Load,"BOD_elevated(177.2mg/L), E_coli_elevated(130751CFU)",Biological Oxidation & Sand Bio-filtration Required,Treatment Pathway Mandated
1311,Laundry,7.06,29.51,0.42,70.79,409.12,452.07,95.99,665.12,2.67,97.57,340.12,13.3,4.44,19.48,102249,1,Bio-filtration,Elevated Organic / Particulate / Biological Load,"COD_elevated(340.1mg/L), TSS_elevated(96.0mg/L), TUR_elevated(70.8NTU), E_coli_elevated(102249CFU)",Biological Oxidation & Sand Bio-filtration Required,Treatment Pathway Mandated
1312,Mixed,7.21,28.21,0.41,34.4,269.68,265.08,85.22,656.63,3.55,43.14,200.39,18.31,5.84,19.7,102193,1,Bio-filtration,Elevated Organic / Particulate / Biological Load,E_coli_elevated(102193CFU),Biological Oxidation & Sand Bio-filtration Required,Treatment Pathway Mandated
1313,Laundry,7.02,26.89,0.44,55.1,101.13,100.0,83.89,376.57,1.78,326.9,685.13,9.23,3.99,11.91,181938,1,Bio-filtration,Elevated Organic / Particulate / Biological Load,"BOD_elevated(326.9mg/L), COD_elevated(685.1mg/L), E_coli_elevated(181938CFU), DO_depleted(1.78mg/L)",Biological Oxidation & Sand Bio-filtration Required,Treatment Pathway Mandated
1314,Bathroom,6.26,27.58,0.38,46.42,350.7,354.83,105.76,200.0,2.92,62.27,190.73,1.92,8.73,12.69,14656,1,Bio-filtration,Elevated Organic / Particulate / Biological Load,TSS_elevated(105.8mg/L),Biological Oxidation & Sand Bio-filtration Required,Treatment Pathway Mandated
1315,Bathroom,7.18,30.48,0.1,48.21,274.21,298.76,102.11,606.42,5.1,86.21,120.7,6.76,6.95,19.03,19271,1,Bio-filtration,Elevated Organic / Particulate / Biological Load,TSS_elevated(102.1mg/L),Biological Oxidation & Sand Bio-filtration Required,Treatment Pathway Mandated
1316,Kitchen,7.56,26.61,0.51,149.99,900.32,993.35,54.79,768.74,2.86,297.14,473.02,6.93,6.46,30.09,205840,0,Sewer Bypass,Severe Contamination / Environmental Hazard,"TUR_severe(150.0NTU), TDS_severe(993.4mg/L)",No Treatment Viable - Direct Sewer Bypass,Critical Hazard Failsafe
1317,Laundry,7.07,31.27,0.26,96.78,377.39,385.3,200.35,795.05,3.27,259.44,363.22,14.8,5.64,14.13,145327,1,Bio-filtration,Elevated Organic / Particulate / Biological Load,"BOD_elevated(259.4mg/L), COD_elevated(363.2mg/L), TSS_elevated(200.3mg/L), TUR_elevated(96.8NTU), E_coli_elevated(145327CFU)",Biological Oxidation & Sand Bio-filtration Required,Treatment Pathway Mandated
1318,Bathroom,6.95,33.42,0.21,56.72,352.89,364.06,148.69,548.79,4.41,40.14,97.99,10.45,3.01,15.22,24744,1,Bio-filtration,Elevated Organic / Particulate / Biological Load,TSS_elevated(148.7mg/L),Biological Oxidation & Sand Bio-filtration Required,Treatment Pathway Mandated
1319,Kitchen,7.63,26.88,0.57,130.27,348.23,377.07,230.92,949.81,2.36,231.16,642.04,13.64,5.77,12.53,73498,1,Bio-filtration,Elevated Organic / Particulate / Biological Load,"BOD_elevated(231.2mg/L), COD_elevated(642.0mg/L), TSS_elevated(230.9mg/L), TUR_elevated(130.3NTU)",Biological Oxidation & Sand Bio-filtration Required,Treatment Pathway Mandated
1320,Mixed,7.3,28.24,0.28,77.87,348.22,368.41,122.25,808.94,3.95,77.33,127.93,12.92,4.88,24.91,69492,1,Bio-filtration,Elevated Organic / Particulate / Biological Load,"TSS_elevated(122.2mg/L), TUR_elevated(77.9NTU)",Biological Oxidation & Sand Bio-filtration Required,Treatment Pathway Mandated
1321,Laundry,7.29,23.59,0.45,70.32,432.6,441.74,120.92,704.4,1.73,120.9,475.56,7.93,6.45,16.1,10771,1,Bio-filtration,Elevated Organic / Particulate / Biological Load,"BOD_elevated(120.9mg/L), COD_elevated(475.6mg/L), TSS_elevated(120.9mg/L), TUR_elevated(70.3NTU), DO_depleted(1.73mg/L)",Biological Oxidation & Sand Bio-filtration Required,Treatment Pathway Mandated
1322,Laundry,6.82,22.21,0.29,111.5,466.13,533.93,161.86,713.64,0.44,367.66,738.32,10.42,1.21,24.08,592626,0,Sewer Bypass,Severe Contamination / Environmental Hazard,"E_coli_severe(592626CFU), Septic_Anoxic(DO=0.44,BOD=367.7,COD=738.3)",No Treatment Viable - Direct Sewer Bypass,Critical Hazard Failsafe
1323,Bathroom,7.63,26.12,0.26,21.61,334.57,350.36,43.56,556.21,3.51,77.63,178.49,5.47,0.44,15.52,6702,2,Restricted Irrigation,Moderate Water Quality Profile Suitable for Restricted Irrigation,"BOD_exceeds_indoor(77.6mg/L), COD_exceeds_indoor(178.5mg/L), TDS_exceeds_indoor(350.4mg/L)",Secondary Settling / Disc Filtration & Drip Irrigation Barrier Required,Restricted Non-Potable Landscape Irrigation
1324,Mixed,7.45,25.49,0.38,59.83,400.49,410.38,104.55,763.33,4.06,133.38,261.02,10.81,3.62,22.63,246097,1,Bio-filtration,Elevated Organic / Particulate / Biological Load,"BOD_elevated(133.4mg/L), TSS_elevated(104.5mg/L), E_coli_elevated(246097CFU)",Biological Oxidation & Sand Bio-filtration Required,Treatment Pathway Mandated
1325,Laundry,7.31,33.94,0.4,163.8,635.94,653.16,279.48,382.27,0.3,338.14,548.23,11.93,7.24,16.67,94416,0,Sewer Bypass,Severe Contamination / Environmental Hazard,"TSS_severe(279.5mg/L), TUR_severe(163.8NTU), Septic_Anoxic(DO=0.30,BOD=338.1,COD=548.2)",No Treatment Viable - Direct Sewer Bypass,Critical Hazard Failsafe
1326,Mixed,7.45,32.03,0.36,103.96,283.04,292.6,197.19,632.15,3.22,251.2,351.68,13.72,5.63,5.07,65857,1,Bio-filtration,Elevated Organic / Particulate / Biological Load,"BOD_elevated(251.2mg/L), COD_elevated(351.7mg/L), TSS_elevated(197.2mg/L), TUR_elevated(104.0NTU)",Biological Oxidation & Sand Bio-filtration Required,Treatment Pathway Mandated
1327,Laundry,6.65,34.55,0.38,107.48,287.41,327.38,222.03,765.68,2.93,347.61,486.66,17.18,3.1,9.93,609908,0,Sewer Bypass,Severe Contamination / Environmental Hazard,E_coli_severe(609908CFU),No Treatment Viable - Direct Sewer Bypass,Critical Hazard Failsafe
1328,Laundry,7.23,21.32,0.39,42.78,417.66,456.8,70.92,652.82,0.3,406.17,886.77,9.57,6.54,27.01,53453,0,Sewer Bypass,Severe Contamination / Environmental Hazard,"BOD_severe(406.2mg/L), COD_severe(886.8mg/L), Septic_Anoxic(DO=0.30,BOD=406.2,COD=886.8)",No Treatment Viable - Direct Sewer Bypass,Critical Hazard Failsafe
1329,Bathroom,7.3,23.23,0.39,35.26,175.18,182.4,61.62,592.73,4.45,46.44,65.02,9.89,6.2,13.95,88539,1,Bio-filtration,Elevated Organic / Particulate / Biological Load,E_coli_elevated(88539CFU),Biological Oxidation & Sand Bio-filtration Required,Treatment Pathway Mandated
1330,Bathroom,7.05,26.53,0.25,25.47,129.7,133.28,48.66,393.3,3.76,51.84,101.59,10.4,5.38,11.04,8449,2,Restricted Irrigation,Moderate Water Quality Profile Suitable for Restricted Irrigation,"BOD_exceeds_indoor(51.8mg/L), TSS_exceeds_indoor(48.7mg/L), TUR_exceeds_indoor(25.5NTU)",Secondary Settling / Disc Filtration & Drip Irrigation Barrier Required,Restricted Non-Potable Landscape Irrigation
1331,Mixed,7.25,31.16,0.34,69.7,298.05,306.52,168.26,612.04,3.45,200.87,283.41,9.06,2.62,18.31,99005,1,Bio-filtration,Elevated Organic / Particulate / Biological Load,"BOD_elevated(200.9mg/L), TSS_elevated(168.3mg/L), TUR_elevated(69.7NTU), E_coli_elevated(99005CFU)",Biological Oxidation & Sand Bio-filtration Required,Treatment Pathway Mandated
1332,Laundry,6.8,31.66,0.34,71.01,187.81,201.49,78.57,711.31,0.3,390.29,722.16,10.62,6.92,19.92,10691,0,Sewer Bypass,Severe Contamination / Environmental Hazard,"Septic_Anoxic(DO=0.30,BOD=390.3,COD=722.2)",No Treatment Viable - Direct Sewer Bypass,Critical Hazard Failsafe
1333,Laundry,7.0,18.0,0.36,76.76,616.99,571.08,129.92,470.69,1.78,287.4,413.32,10.6,6.64,19.72,33129,1,Bio-filtration,Elevated Organic / Particulate / Biological Load,"BOD_elevated(287.4mg/L), COD_elevated(413.3mg/L), TSS_elevated(129.9mg/L), TUR_elevated(76.8NTU), DO_depleted(1.78mg/L)",Biological Oxidation & Sand Bio-filtration Required,Treatment Pathway Mandated
1334,Mixed,7.07,25.14,0.4,42.26,256.29,259.99,71.69,328.18,3.14,186.67,261.34,7.63,6.96,14.04,65086,1,Bio-filtration,Elevated Organic / Particulate / Biological Load,BOD_elevated(186.7mg/L),Biological Oxidation & Sand Bio-filtration Required,Treatment Pathway Mandated
1335,Mixed,7.23,20.34,0.32,96.97,367.92,395.57,182.92,673.23,1.26,259.63,606.37,9.56,3.79,6.87,243871,1,Bio-filtration,Elevated Organic / Particulate / Biological Load,"BOD_elevated(259.6mg/L), COD_elevated(606.4mg/L), TSS_elevated(182.9mg/L), TUR_elevated(97.0NTU), E_coli_elevated(243871CFU), DO_depleted(1.26mg/L)",Biological Oxidation & Sand Bio-filtration Required,Treatment Pathway Mandated
1336,Mixed,7.18,30.94,0.27,89.49,205.76,222.98,231.34,541.14,4.5,93.11,285.15,12.14,6.33,23.29,282667,1,Bio-filtration,Elevated Organic / Particulate / Biological Load,"TSS_elevated(231.3mg/L), TUR_elevated(89.5NTU), E_coli_elevated(282667CFU)",Biological Oxidation & Sand Bio-filtration Required,Treatment Pathway Mandated
1337,Bathroom,7.12,38.0,0.29,31.97,351.49,372.23,70.53,490.29,4.34,107.58,173.31,6.51,5.9,12.54,48555,2,Restricted Irrigation,Moderate Water Quality Profile Suitable for Restricted Irrigation,"BOD_exceeds_indoor(107.6mg/L), COD_exceeds_indoor(173.3mg/L), TSS_exceeds_indoor(70.5mg/L), TUR_exceeds_indoor(32.0NTU), E_coli_exceeds_indoor(48555CFU), TDS_exceeds_indoor(372.2mg/L), SAL_exceeds_indoor(0.29ppt)",Secondary Settling / Disc Filtration & Drip Irrigation Barrier Required,Restricted Non-Potable Landscape Irrigation
1338,Laundry,7.2,26.19,0.38,150.31,605.15,626.45,308.81,570.67,2.22,159.26,449.59,3.75,6.45,26.51,79369,0,Sewer Bypass,Severe Contamination / Environmental Hazard,"TSS_severe(308.8mg/L), TUR_severe(150.3NTU)",No Treatment Viable - Direct Sewer Bypass,Critical Hazard Failsafe
1339,Mixed,6.36,25.86,0.39,33.3,274.52,269.65,23.46,446.73,5.32,115.08,218.26,11.24,7.77,18.52,82285,1,Bio-filtration,Elevated Organic / Particulate / Biological Load,E_coli_elevated(82285CFU),Biological Oxidation & Sand Bio-filtration Required,Treatment Pathway Mandated
1340,Laundry,7.34,35.57,0.42,39.02,407.69,425.44,62.7,808.93,1.6,495.65,747.95,10.64,4.24,14.76,300409,0,Sewer Bypass,Severe Contamination / Environmental Hazard,BOD_severe(495.6mg/L),No Treatment Viable - Direct Sewer Bypass,Critical Hazard Failsafe
1341,Bathroom,6.66,22.78,0.33,21.26,487.9,511.25,43.34,383.58,3.9,20.0,85.46,9.18,4.15,27.29,33080,2,Restricted Irrigation,Moderate Water Quality Profile Suitable for Restricted Irrigation,"E_coli_exceeds_indoor(33080CFU), TDS_exceeds_indoor(511.2mg/L), SAL_exceeds_indoor(0.33ppt)",Secondary Settling / Disc Filtration & Drip Irrigation Barrier Required,Restricted Non-Potable Landscape Irrigation
1342,Mixed,7.06,31.49,0.26,56.05,270.42,271.55,39.03,642.95,1.54,114.27,505.6,13.54,6.64,17.99,54486,1,Bio-filtration,Elevated Organic / Particulate / Biological Load,"COD_elevated(505.6mg/L), DO_depleted(1.54mg/L)",Biological Oxidation & Sand Bio-filtration Required,Treatment Pathway Mandated
1343,Laundry,6.79,33.88,0.49,125.94,335.63,365.54,193.56,808.99,2.73,342.15,479.02,18.35,6.81,27.38,21350,1,Bio-filtration,Elevated Organic / Particulate / Biological Load,"BOD_elevated(342.1mg/L), COD_elevated(479.0mg/L), TSS_elevated(193.6mg/L), TUR_elevated(125.9NTU)",Biological Oxidation & Sand Bio-filtration Required,Treatment Pathway Mandated
1344,Laundry,7.14,22.41,0.36,130.2,525.38,509.06,263.63,598.67,3.42,251.98,443.47,16.88,3.36,19.83,85158,0,Sewer Bypass,Severe Contamination / Environmental Hazard,TSS_severe(263.6mg/L),No Treatment Viable - Direct Sewer Bypass,Critical Hazard Failsafe
1345,Mixed,7.03,28.97,0.26,98.23,424.1,418.29,145.06,554.62,3.76,175.32,334.59,15.88,7.65,13.97,18107,1,Bio-filtration,Elevated Organic / Particulate / Biological Load,"BOD_elevated(175.3mg/L), COD_elevated(334.6mg/L), TSS_elevated(145.1mg/L), TUR_elevated(98.2NTU)",Biological Oxidation & Sand Bio-filtration Required,Treatment Pathway Mandated
1346,Kitchen,7.58,33.75,0.46,118.96,339.17,325.07,240.32,883.46,0.3,352.27,868.29,10.56,5.73,13.8,792186,0,Sewer Bypass,Severe Contamination / Environmental Hazard,"COD_severe(868.3mg/L), E_coli_severe(792186CFU), Septic_Anoxic(DO=0.30,BOD=352.3,COD=868.3)",No Treatment Viable - Direct Sewer Bypass,Critical Hazard Failsafe
1347,Laundry,7.21,24.64,0.32,56.15,438.02,465.84,90.5,487.67,4.06,298.22,489.56,14.85,3.88,11.31,119127,1,Bio-filtration,Elevated Organic / Particulate / Biological Load,"BOD_elevated(298.2mg/L), COD_elevated(489.6mg/L), TSS_elevated(90.5mg/L), E_coli_elevated(119127CFU)",Biological Oxidation & Sand Bio-filtration Required,Treatment Pathway Mandated
1348,Laundry,6.76,32.99,0.32,104.37,160.18,174.25,156.15,727.1,2.51,297.12,415.96,13.94,9.04,15.84,35349,1,Bio-filtration,Elevated Organic / Particulate / Biological Load,"BOD_elevated(297.1mg/L), COD_elevated(416.0mg/L), TSS_elevated(156.2mg/L), TUR_elevated(104.4NTU)",Biological Oxidation & Sand Bio-filtration Required,Treatment Pathway Mandated
1349,Laundry,7.42,26.18,0.46,120.72,338.17,350.94,173.77,708.92,2.67,224.58,435.86,8.07,2.61,19.03,71831,1,Bio-filtration,Elevated Organic / Particulate / Biological Load,"BOD_elevated(224.6mg/L), COD_elevated(435.9mg/L), TSS_elevated(173.8mg/L), TUR_elevated(120.7NTU)",Biological Oxidation & Sand Bio-filtration Required,Treatment Pathway Mandated
1350,Bathroom,6.95,29.34,0.26,43.09,243.85,266.48,65.19,589.96,4.93,42.91,94.31,7.76,7.13,20.39,14627,2,Restricted Irrigation,Moderate Water Quality Profile Suitable for Restricted Irrigation,"TSS_exceeds_indoor(65.2mg/L), TUR_exceeds_indoor(43.1NTU)",Secondary Settling / Disc Filtration & Drip Irrigation Barrier Required,Restricted Non-Potable Landscape Irrigation
1351,Mixed,7.63,27.62,0.33,71.09,104.38,113.31,98.64,509.69,2.47,169.94,330.0,13.31,9.68,11.93,36047,1,Bio-filtration,Elevated Organic / Particulate / Biological Load,"BOD_elevated(169.9mg/L), COD_elevated(330.0mg/L), TSS_elevated(98.6mg/L), TUR_elevated(71.1NTU)",Biological Oxidation & Sand Bio-filtration Required,Treatment Pathway Mandated
1352,Mixed,7.06,27.38,0.45,53.04,143.1,158.7,119.82,712.15,3.18,174.48,244.28,4.65,2.31,15.66,120001,1,Bio-filtration,Elevated Organic / Particulate / Biological Load,"BOD_elevated(174.5mg/L), TSS_elevated(119.8mg/L), E_coli_elevated(120001CFU)",Biological Oxidation & Sand Bio-filtration Required,Treatment Pathway Mandated
1353,Bathroom,7.69,26.63,0.15,18.37,255.92,269.76,29.0,561.11,5.18,57.88,159.65,10.11,7.9,13.83,14752,2,Restricted Irrigation,Moderate Water Quality Profile Suitable for Restricted Irrigation,"BOD_exceeds_indoor(57.9mg/L), COD_exceeds_indoor(159.7mg/L)",Secondary Settling / Disc Filtration & Drip Irrigation Barrier Required,Restricted Non-Potable Landscape Irrigation
1354,Laundry,7.37,20.83,0.41,81.6,547.69,575.57,136.39,619.72,0.72,401.64,714.68,18.39,7.16,24.93,28607,0,Sewer Bypass,Severe Contamination / Environmental Hazard,"BOD_severe(401.6mg/L), Septic_Anoxic(DO=0.72,BOD=401.6,COD=714.7)",No Treatment Viable - Direct Sewer Bypass,Critical Hazard Failsafe
1355,Mixed,7.91,27.99,0.36,5.0,474.62,494.29,10.0,473.38,3.12,103.14,239.42,8.38,4.64,23.68,91794,1,Bio-filtration,Elevated Organic / Particulate / Biological Load,E_coli_elevated(91794CFU),Biological Oxidation & Sand Bio-filtration Required,Treatment Pathway Mandated
1356,Bathroom,7.14,29.75,0.33,33.86,200.55,194.29,75.08,712.89,3.64,44.87,62.82,11.22,5.69,12.82,1649,2,Restricted Irrigation,Moderate Water Quality Profile Suitable for Restricted Irrigation,"TSS_exceeds_indoor(75.1mg/L), TUR_exceeds_indoor(33.9NTU), SAL_exceeds_indoor(0.33ppt)",Secondary Settling / Disc Filtration & Drip Irrigation Barrier Required,Restricted Non-Potable Landscape Irrigation
1357,Laundry,6.9,22.13,0.47,70.91,495.86,539.66,97.85,688.17,0.3,234.9,817.3,5.71,2.38,11.83,112008,0,Sewer Bypass,Severe Contamination / Environmental Hazard,"COD_severe(817.3mg/L), Septic_Anoxic(DO=0.30,BOD=234.9,COD=817.3)",No Treatment Viable - Direct Sewer Bypass,Critical Hazard Failsafe
1358,Laundry,6.56,20.65,0.42,107.63,537.38,536.29,236.12,520.63,2.31,335.65,469.91,8.03,4.39,21.9,361249,1,Bio-filtration,Elevated Organic / Particulate / Biological Load,"BOD_elevated(335.6mg/L), COD_elevated(469.9mg/L), TSS_elevated(236.1mg/L), TUR_elevated(107.6NTU), E_coli_elevated(361249CFU)",Biological Oxidation & Sand Bio-filtration Required,Treatment Pathway Mandated
1359,Kitchen,7.8,29.97,0.6,123.35,529.04,586.46,175.65,693.04,0.66,482.29,880.46,15.52,4.28,20.55,72660,0,Sewer Bypass,Severe Contamination / Environmental Hazard,"BOD_severe(482.3mg/L), COD_severe(880.5mg/L), Septic_Anoxic(DO=0.66,BOD=482.3,COD=880.5)",No Treatment Viable - Direct Sewer Bypass,Critical Hazard Failsafe
1360,Bathroom,7.23,25.38,0.27,33.79,314.71,338.26,75.49,358.83,2.89,53.0,167.64,2.67,6.71,15.12,18263,2,Restricted Irrigation,Moderate Water Quality Profile Suitable for Restricted Irrigation,"BOD_exceeds_indoor(53.0mg/L), COD_exceeds_indoor(167.6mg/L), TSS_exceeds_indoor(75.5mg/L), TUR_exceeds_indoor(33.8NTU), TDS_exceeds_indoor(338.3mg/L), DO_low_for_indoor(2.89mg/L)",Secondary Settling / Disc Filtration & Drip Irrigation Barrier Required,Restricted Non-Potable Landscape Irrigation
1361,Kitchen,7.17,31.11,0.5,132.57,587.49,643.32,268.54,656.02,1.88,158.85,661.65,11.29,5.02,22.2,166375,0,Sewer Bypass,Severe Contamination / Environmental Hazard,TSS_severe(268.5mg/L),No Treatment Viable - Direct Sewer Bypass,Critical Hazard Failsafe
1362,Laundry,6.92,27.8,0.49,60.42,394.84,443.74,124.41,492.6,0.3,20.0,856.47,3.5,5.88,21.75,60258,0,Sewer Bypass,Severe Contamination / Environmental Hazard,"COD_severe(856.5mg/L), Septic_Anoxic(DO=0.30,BOD=20.0,COD=856.5)",No Treatment Viable - Direct Sewer Bypass,Critical Hazard Failsafe
1363,Kitchen,7.71,23.42,0.54,103.21,512.05,545.63,95.95,845.18,0.3,500.95,701.32,20.33,7.21,22.93,236055,0,Sewer Bypass,Severe Contamination / Environmental Hazard,"BOD_severe(500.9mg/L), Septic_Anoxic(DO=0.30,BOD=500.9,COD=701.3)",No Treatment Viable - Direct Sewer Bypass,Critical Hazard Failsafe
1364,Bathroom,7.16,35.19,0.28,36.12,192.23,195.05,55.81,506.85,4.74,36.93,106.78,6.36,7.46,9.99,7435,2,Restricted Irrigation,Moderate Water Quality Profile Suitable for Restricted Irrigation,"TSS_exceeds_indoor(55.8mg/L), TUR_exceeds_indoor(36.1NTU)",Secondary Settling / Disc Filtration & Drip Irrigation Barrier Required,Restricted Non-Potable Landscape Irrigation
1365,Laundry,7.57,20.11,0.4,94.11,641.32,668.84,226.44,759.05,2.52,265.37,371.51,12.91,6.5,34.36,105951,1,Bio-filtration,Elevated Organic / Particulate / Biological Load,"BOD_elevated(265.4mg/L), COD_elevated(371.5mg/L), TSS_elevated(226.4mg/L), TUR_elevated(94.1NTU), E_coli_elevated(105951CFU)",Biological Oxidation & Sand Bio-filtration Required,Treatment Pathway Mandated
1366,Laundry,7.12,32.24,0.39,112.97,400.78,418.9,185.52,727.43,2.18,349.99,489.99,19.46,6.11,27.5,94226,1,Bio-filtration,Elevated Organic / Particulate / Biological Load,"BOD_elevated(350.0mg/L), COD_elevated(490.0mg/L), TSS_elevated(185.5mg/L), TUR_elevated(113.0NTU), E_coli_elevated(94226CFU)",Biological Oxidation & Sand Bio-filtration Required,Treatment Pathway Mandated
1367,Bathroom,6.98,27.52,0.29,31.19,113.09,113.63,86.9,577.46,3.87,50.98,182.68,9.83,2.66,11.06,28878,2,Restricted Irrigation,Moderate Water Quality Profile Suitable for Restricted Irrigation,"BOD_exceeds_indoor(51.0mg/L), COD_exceeds_indoor(182.7mg/L), TSS_exceeds_indoor(86.9mg/L), TUR_exceeds_indoor(31.2NTU), E_coli_exceeds_indoor(28878CFU), SAL_exceeds_indoor(0.29ppt)",Secondary Settling / Disc Filtration & Drip Irrigation Barrier Required,Restricted Non-Potable Landscape Irrigation
1368,Bathroom,7.32,31.21,0.12,15.66,153.27,155.87,22.92,626.99,4.61,52.83,128.44,4.67,1.44,15.19,33857,2,Restricted Irrigation,Moderate Water Quality Profile Suitable for Restricted Irrigation,"BOD_exceeds_indoor(52.8mg/L), COD_exceeds_indoor(128.4mg/L), E_coli_exceeds_indoor(33857CFU)",Secondary Settling / Disc Filtration & Drip Irrigation Barrier Required,Restricted Non-Potable Landscape Irrigation
1369,Bathroom,7.35,25.39,0.24,44.5,324.94,320.8,78.99,313.1,2.85,56.95,153.58,7.61,7.34,16.29,14731,2,Restricted Irrigation,Moderate Water Quality Profile Suitable for Restricted Irrigation,"BOD_exceeds_indoor(57.0mg/L), COD_exceeds_indoor(153.6mg/L), TSS_exceeds_indoor(79.0mg/L), TUR_exceeds_indoor(44.5NTU), TDS_exceeds_indoor(320.8mg/L), DO_low_for_indoor(2.85mg/L)",Secondary Settling / Disc Filtration & Drip Irrigation Barrier Required,Restricted Non-Potable Landscape Irrigation
1370,Laundry,7.57,22.18,0.41,136.0,534.21,561.74,242.79,654.47,1.96,213.41,459.08,9.91,5.17,9.22,88206,1,Bio-filtration,Elevated Organic / Particulate / Biological Load,"BOD_elevated(213.4mg/L), COD_elevated(459.1mg/L), TSS_elevated(242.8mg/L), TUR_elevated(136.0NTU), E_coli_elevated(88206CFU), DO_depleted(1.96mg/L)",Biological Oxidation & Sand Bio-filtration Required,Treatment Pathway Mandated
1371,Bathroom,6.82,18.6,0.36,30.71,250.73,248.0,47.83,599.87,5.62,41.18,127.84,9.53,6.51,13.68,39756,2,Restricted Irrigation,Moderate Water Quality Profile Suitable for Restricted Irrigation,"COD_exceeds_indoor(127.8mg/L), TSS_exceeds_indoor(47.8mg/L), TUR_exceeds_indoor(30.7NTU), E_coli_exceeds_indoor(39756CFU), SAL_exceeds_indoor(0.36ppt)",Secondary Settling / Disc Filtration & Drip Irrigation Barrier Required,Restricted Non-Potable Landscape Irrigation
1372,Mixed,7.29,18.76,0.32,56.92,205.31,212.87,78.97,610.48,4.01,80.13,248.28,13.79,4.3,9.71,492492,1,Bio-filtration,Elevated Organic / Particulate / Biological Load,E_coli_elevated(492492CFU),Biological Oxidation & Sand Bio-filtration Required,Treatment Pathway Mandated
1373,Laundry,6.9,27.41,0.4,70.42,470.86,457.76,134.81,821.66,1.64,165.11,410.87,11.35,8.36,19.67,58806,1,Bio-filtration,Elevated Organic / Particulate / Biological Load,"BOD_elevated(165.1mg/L), COD_elevated(410.9mg/L), TSS_elevated(134.8mg/L), TUR_elevated(70.4NTU), DO_depleted(1.64mg/L)",Biological Oxidation & Sand Bio-filtration Required,Treatment Pathway Mandated
1374,Mixed,7.02,28.6,0.31,36.83,216.85,217.72,61.7,512.37,2.5,206.46,317.38,8.27,5.27,16.78,67557,1,Bio-filtration,Elevated Organic / Particulate / Biological Load,"BOD_elevated(206.5mg/L), COD_elevated(317.4mg/L)",Biological Oxidation & Sand Bio-filtration Required,Treatment Pathway Mandated
1375,Mixed,7.26,27.21,0.16,64.18,253.82,252.74,101.59,566.35,2.99,146.23,204.72,19.88,7.09,21.92,164646,1,Bio-filtration,Elevated Organic / Particulate / Biological Load,"BOD_elevated(146.2mg/L), TSS_elevated(101.6mg/L), TUR_elevated(64.2NTU), E_coli_elevated(164646CFU)",Biological Oxidation & Sand Bio-filtration Required,Treatment Pathway Mandated
1376,Bathroom,7.34,26.1,0.25,54.68,337.66,351.12,104.9,503.65,5.51,54.04,147.36,3.99,7.6,15.43,71193,1,Bio-filtration,Elevated Organic / Particulate / Biological Load,TSS_elevated(104.9mg/L),Biological Oxidation & Sand Bio-filtration Required,Treatment Pathway Mandated
1377,Kitchen,7.28,28.86,0.47,113.33,297.02,288.49,155.91,866.4,0.63,162.82,649.79,5.77,5.39,8.92,170052,0,Sewer Bypass,Severe Contamination / Environmental Hazard,"Septic_Anoxic(DO=0.63,BOD=162.8,COD=649.8)",No Treatment Viable - Direct Sewer Bypass,Critical Hazard Failsafe
1378,Mixed,7.26,18.0,0.24,53.1,345.31,376.37,107.81,604.73,1.98,159.21,386.62,9.56,8.07,13.36,110791,1,Bio-filtration,Elevated Organic / Particulate / Biological Load,"BOD_elevated(159.2mg/L), COD_elevated(386.6mg/L), TSS_elevated(107.8mg/L), E_coli_elevated(110791CFU), DO_depleted(1.98mg/L)",Biological Oxidation & Sand Bio-filtration Required,Treatment Pathway Mandated
1379,Kitchen,7.02,26.28,0.51,138.76,156.92,167.19,276.58,894.15,0.3,195.36,853.97,13.11,6.81,12.27,438428,0,Sewer Bypass,Severe Contamination / Environmental Hazard,"COD_severe(854.0mg/L), TSS_severe(276.6mg/L), Septic_Anoxic(DO=0.30,BOD=195.4,COD=854.0)",No Treatment Viable - Direct Sewer Bypass,Critical Hazard Failsafe
1380,Laundry,6.69,32.36,0.42,138.93,538.76,565.46,350.0,683.05,3.7,277.53,388.54,9.87,7.63,26.28,146254,0,Sewer Bypass,Severe Contamination / Environmental Hazard,TSS_severe(350.0mg/L),No Treatment Viable - Direct Sewer Bypass,Critical Hazard Failsafe
1381,Laundry,6.66,25.47,0.38,5.99,411.7,414.98,10.14,570.43,2.99,416.12,582.57,11.96,6.39,16.06,636836,0,Sewer Bypass,Severe Contamination / Environmental Hazard,"BOD_severe(416.1mg/L), E_coli_severe(636836CFU)",No Treatment Viable - Direct Sewer Bypass,Critical Hazard Failsafe
1382,Bathroom,7.06,36.58,0.28,29.85,393.91,408.32,64.98,374.12,2.94,31.48,141.7,8.1,7.84,20.86,5822,2,Restricted Irrigation,Moderate Water Quality Profile Suitable for Restricted Irrigation,"COD_exceeds_indoor(141.7mg/L), TSS_exceeds_indoor(65.0mg/L), TUR_exceeds_indoor(29.9NTU), TDS_exceeds_indoor(408.3mg/L), DO_low_for_indoor(2.94mg/L)",Secondary Settling / Disc Filtration & Drip Irrigation Barrier Required,Restricted Non-Potable Landscape Irrigation
1383,Laundry,6.24,29.24,0.28,147.57,319.07,305.65,265.2,362.67,2.8,366.23,564.49,8.7,5.93,16.62,69339,0,Sewer Bypass,Severe Contamination / Environmental Hazard,"TSS_severe(265.2mg/L), TUR_severe(147.6NTU)",No Treatment Viable - Direct Sewer Bypass,Critical Hazard Failsafe
1384,Mixed,7.17,25.37,0.18,68.97,349.19,359.96,161.58,398.04,2.81,225.09,315.12,8.93,4.45,10.11,39605,1,Bio-filtration,Elevated Organic / Particulate / Biological Load,"BOD_elevated(225.1mg/L), COD_elevated(315.1mg/L), TSS_elevated(161.6mg/L), TUR_elevated(69.0NTU)",Biological Oxidation & Sand Bio-filtration Required,Treatment Pathway Mandated
1385,Mixed,7.53,26.98,0.35,76.48,279.8,280.89,120.16,283.27,4.2,209.11,292.76,7.73,6.96,24.94,72618,1,Bio-filtration,Elevated Organic / Particulate / Biological Load,"BOD_elevated(209.1mg/L), TSS_elevated(120.2mg/L), TUR_elevated(76.5NTU)",Biological Oxidation & Sand Bio-filtration Required,Treatment Pathway Mandated
1386,Bathroom,6.92,26.52,0.2,54.95,328.2,313.83,105.81,441.81,4.15,56.36,78.9,7.03,6.04,26.42,21126,1,Bio-filtration,Elevated Organic / Particulate / Biological Load,TSS_elevated(105.8mg/L),Biological Oxidation & Sand Bio-filtration Required,Treatment Pathway Mandated
1387,Kitchen,6.73,22.89,0.53,131.02,632.14,616.74,292.43,1031.84,1.54,503.88,705.43,14.43,3.26,24.22,606787,0,Sewer Bypass,Severe Contamination / Environmental Hazard,"BOD_severe(503.9mg/L), TSS_severe(292.4mg/L), E_coli_severe(606787CFU)",No Treatment Viable - Direct Sewer Bypass,Critical Hazard Failsafe
1388,Laundry,6.76,34.03,0.41,39.94,262.97,275.61,65.23,558.73,2.39,220.8,472.15,8.64,5.48,12.91,23960,1,Bio-filtration,Elevated Organic / Particulate / Biological Load,"BOD_elevated(220.8mg/L), COD_elevated(472.1mg/L)",Biological Oxidation & Sand Bio-filtration Required,Treatment Pathway Mandated
1389,Mixed,7.57,34.69,0.14,89.22,339.02,362.84,149.07,683.71,1.83,136.75,377.08,11.74,6.69,10.17,76361,1,Bio-filtration,Elevated Organic / Particulate / Biological Load,"BOD_elevated(136.8mg/L), COD_elevated(377.1mg/L), TSS_elevated(149.1mg/L), TUR_elevated(89.2NTU), E_coli_elevated(76361CFU), DO_depleted(1.83mg/L)",Biological Oxidation & Sand Bio-filtration Required,Treatment Pathway Mandated
1390,Bathroom,6.78,28.87,0.25,43.2,301.88,313.51,83.39,379.34,4.48,37.48,176.94,11.28,9.33,15.05,11550,2,Restricted Irrigation,Moderate Water Quality Profile Suitable for Restricted Irrigation,"COD_exceeds_indoor(176.9mg/L), TSS_exceeds_indoor(83.4mg/L), TUR_exceeds_indoor(43.2NTU), TDS_exceeds_indoor(313.5mg/L)",Secondary Settling / Disc Filtration & Drip Irrigation Barrier Required,Restricted Non-Potable Landscape Irrigation
1391,Mixed,7.18,19.79,0.29,30.34,353.98,391.49,39.93,537.13,2.52,216.68,306.35,15.14,7.67,10.82,90085,1,Bio-filtration,Elevated Organic / Particulate / Biological Load,"BOD_elevated(216.7mg/L), COD_elevated(306.4mg/L), E_coli_elevated(90085CFU)",Biological Oxidation & Sand Bio-filtration Required,Treatment Pathway Mandated
1392,Mixed,7.05,23.66,0.26,107.53,325.63,342.3,197.67,660.59,1.57,126.03,368.95,13.85,2.9,15.91,14149,1,Bio-filtration,Elevated Organic / Particulate / Biological Load,"BOD_elevated(126.0mg/L), COD_elevated(368.9mg/L), TSS_elevated(197.7mg/L), TUR_elevated(107.5NTU), DO_depleted(1.57mg/L)",Biological Oxidation & Sand Bio-filtration Required,Treatment Pathway Mandated
1393,Bathroom,6.63,32.84,0.31,47.79,339.81,376.71,63.42,560.65,3.47,37.41,103.66,15.19,5.27,17.81,21744,2,Restricted Irrigation,Moderate Water Quality Profile Suitable for Restricted Irrigation,"TSS_exceeds_indoor(63.4mg/L), TUR_exceeds_indoor(47.8NTU), E_coli_exceeds_indoor(21744CFU), TDS_exceeds_indoor(376.7mg/L), SAL_exceeds_indoor(0.31ppt), DO_low_for_indoor(3.47mg/L)",Secondary Settling / Disc Filtration & Drip Irrigation Barrier Required,Restricted Non-Potable Landscape Irrigation
1394,Bathroom,7.39,22.71,0.38,49.31,173.73,172.59,50.7,507.5,3.27,70.34,149.17,6.12,8.18,16.95,48714,2,Restricted Irrigation,Moderate Water Quality Profile Suitable for Restricted Irrigation,"BOD_exceeds_indoor(70.3mg/L), COD_exceeds_indoor(149.2mg/L), TSS_exceeds_indoor(50.7mg/L), TUR_exceeds_indoor(49.3NTU), E_coli_exceeds_indoor(48714CFU), SAL_exceeds_indoor(0.38ppt), DO_low_for_indoor(3.27mg/L)",Secondary Settling / Disc Filtration & Drip Irrigation Barrier Required,Restricted Non-Potable Landscape Irrigation
1395,Mixed,7.33,25.73,0.36,82.44,339.03,355.68,95.94,670.67,2.65,121.2,423.82,10.87,7.64,20.68,93894,1,Bio-filtration,Elevated Organic / Particulate / Biological Load,"BOD_elevated(121.2mg/L), COD_elevated(423.8mg/L), TSS_elevated(95.9mg/L), TUR_elevated(82.4NTU), E_coli_elevated(93894CFU)",Biological Oxidation & Sand Bio-filtration Required,Treatment Pathway Mandated
1396,Bathroom,6.93,35.93,0.23,26.01,327.81,342.66,52.14,667.52,3.63,68.24,142.08,14.06,7.55,14.97,60299,2,Restricted Irrigation,Moderate Water Quality Profile Suitable for Restricted Irrigation,"BOD_exceeds_indoor(68.2mg/L), COD_exceeds_indoor(142.1mg/L), TSS_exceeds_indoor(52.1mg/L), TUR_exceeds_indoor(26.0NTU), E_coli_exceeds_indoor(60299CFU), TDS_exceeds_indoor(342.7mg/L)",Secondary Settling / Disc Filtration & Drip Irrigation Barrier Required,Restricted Non-Potable Landscape Irrigation
1397,Laundry,6.61,26.87,0.37,80.73,495.73,526.92,172.86,750.24,0.3,484.93,678.9,18.7,2.2,27.36,88568,0,Sewer Bypass,Severe Contamination / Environmental Hazard,"BOD_severe(484.9mg/L), Septic_Anoxic(DO=0.30,BOD=484.9,COD=678.9)",No Treatment Viable - Direct Sewer Bypass,Critical Hazard Failsafe
1398,Mixed,6.8,22.73,0.28,27.82,333.66,367.91,56.37,511.44,3.72,192.6,365.47,8.35,5.61,14.34,82391,1,Bio-filtration,Elevated Organic / Particulate / Biological Load,"BOD_elevated(192.6mg/L), COD_elevated(365.5mg/L), E_coli_elevated(82391CFU)",Biological Oxidation & Sand Bio-filtration Required,Treatment Pathway Mandated
1399,Laundry,6.63,25.09,0.35,81.07,449.19,467.84,164.39,643.76,2.92,301.42,421.99,11.38,6.32,20.12,396855,1,Bio-filtration,Elevated Organic / Particulate / Biological Load,"BOD_elevated(301.4mg/L), COD_elevated(422.0mg/L), TSS_elevated(164.4mg/L), TUR_elevated(81.1NTU), E_coli_elevated(396855CFU)",Biological Oxidation & Sand Bio-filtration Required,Treatment Pathway Mandated
1400,Laundry,7.03,27.33,0.42,71.98,506.4,533.51,80.15,630.39,1.84,188.33,517.66,10.6,8.32,13.44,611447,0,Sewer Bypass,Severe Contamination / Environmental Hazard,E_coli_severe(611447CFU),No Treatment Viable - Direct Sewer Bypass,Critical Hazard Failsafe
1401,Laundry,6.89,29.61,0.29,99.25,190.29,207.34,155.24,810.85,1.95,184.16,571.16,12.53,4.03,7.12,137151,1,Bio-filtration,Elevated Organic / Particulate / Biological Load,"BOD_elevated(184.2mg/L), COD_elevated(571.2mg/L), TSS_elevated(155.2mg/L), TUR_elevated(99.2NTU), E_coli_elevated(137151CFU), DO_depleted(1.95mg/L)",Biological Oxidation & Sand Bio-filtration Required,Treatment Pathway Mandated
1402,Bathroom,7.5,25.45,0.32,20.98,237.98,243.89,35.56,688.3,3.95,59.06,82.68,6.69,4.04,16.61,24709,2,Restricted Irrigation,Moderate Water Quality Profile Suitable for Restricted Irrigation,"BOD_exceeds_indoor(59.1mg/L), E_coli_exceeds_indoor(24709CFU), SAL_exceeds_indoor(0.32ppt)",Secondary Settling / Disc Filtration & Drip Irrigation Barrier Required,Restricted Non-Potable Landscape Irrigation
1403,Mixed,6.71,30.62,0.31,65.37,361.68,365.41,95.1,709.25,3.99,256.8,359.52,8.24,10.76,12.72,201357,1,Bio-filtration,Elevated Organic / Particulate / Biological Load,"BOD_elevated(256.8mg/L), COD_elevated(359.5mg/L), TSS_elevated(95.1mg/L), TUR_elevated(65.4NTU), E_coli_elevated(201357CFU)",Biological Oxidation & Sand Bio-filtration Required,Treatment Pathway Mandated
1404,Laundry,6.77,30.22,0.16,93.65,245.3,289.23,274.25,671.09,0.41,313.89,670.33,9.87,5.75,22.35,88410,0,Sewer Bypass,Severe Contamination / Environmental Hazard,"TSS_severe(274.2mg/L), Septic_Anoxic(DO=0.41,BOD=313.9,COD=670.3)",No Treatment Viable - Direct Sewer Bypass,Critical Hazard Failsafe
1405,Bathroom,7.51,32.09,0.3,32.2,140.81,148.08,65.58,527.16,3.85,74.0,154.15,11.19,10.37,6.77,32557,2,Restricted Irrigation,Moderate Water Quality Profile Suitable for Restricted Irrigation,"BOD_exceeds_indoor(74.0mg/L), COD_exceeds_indoor(154.2mg/L), TSS_exceeds_indoor(65.6mg/L), TUR_exceeds_indoor(32.2NTU), E_coli_exceeds_indoor(32557CFU), SAL_exceeds_indoor(0.30ppt)",Secondary Settling / Disc Filtration & Drip Irrigation Barrier Required,Restricted Non-Potable Landscape Irrigation
1406,Bathroom,7.64,21.71,0.25,47.26,338.13,375.32,100.23,487.55,3.77,47.85,189.73,6.86,4.66,15.92,6795,1,Bio-filtration,Elevated Organic / Particulate / Biological Load,TSS_elevated(100.2mg/L),Biological Oxidation & Sand Bio-filtration Required,Treatment Pathway Mandated
1407,Mixed,7.13,27.53,0.34,74.2,435.56,449.2,117.72,422.1,3.46,152.49,291.15,12.36,6.53,17.89,31409,1,Bio-filtration,Elevated Organic / Particulate / Biological Load,"BOD_elevated(152.5mg/L), TSS_elevated(117.7mg/L), TUR_elevated(74.2NTU)",Biological Oxidation & Sand Bio-filtration Required,Treatment Pathway Mandated
1408,Bathroom,6.79,30.82,0.29,29.81,168.0,166.93,41.02,524.22,4.85,55.07,77.1,14.13,7.7,3.88,167834,1,Bio-filtration,Elevated Organic / Particulate / Biological Load,E_coli_elevated(167834CFU),Biological Oxidation & Sand Bio-filtration Required,Treatment Pathway Mandated
1409,Mixed,6.84,22.15,0.32,82.79,361.04,374.83,127.8,718.35,2.6,59.79,429.39,13.36,7.21,29.58,51342,1,Bio-filtration,Elevated Organic / Particulate / Biological Load,"COD_elevated(429.4mg/L), TSS_elevated(127.8mg/L), TUR_elevated(82.8NTU)",Biological Oxidation & Sand Bio-filtration Required,Treatment Pathway Mandated
1410,Kitchen,7.41,30.24,0.54,107.24,626.92,744.47,189.52,829.86,0.3,227.23,922.0,12.21,5.9,25.67,627407,0,Sewer Bypass,Severe Contamination / Environmental Hazard,"COD_severe(922.0mg/L), E_coli_severe(627407CFU), Septic_Anoxic(DO=0.30,BOD=227.2,COD=922.0)",No Treatment Viable - Direct Sewer Bypass,Critical Hazard Failsafe
1411,Mixed,7.37,30.79,0.33,68.3,267.12,279.91,114.22,621.87,2.12,109.17,276.69,8.9,5.71,25.24,269602,1,Bio-filtration,Elevated Organic / Particulate / Biological Load,"TSS_elevated(114.2mg/L), TUR_elevated(68.3NTU), E_coli_elevated(269602CFU)",Biological Oxidation & Sand Bio-filtration Required,Treatment Pathway Mandated
1412,Mixed,6.94,27.91,0.29,69.99,292.85,307.19,114.83,786.9,4.13,181.82,254.55,15.46,4.13,14.05,109947,1,Bio-filtration,Elevated Organic / Particulate / Biological Load,"BOD_elevated(181.8mg/L), TSS_elevated(114.8mg/L), TUR_elevated(70.0NTU), E_coli_elevated(109947CFU)",Biological Oxidation & Sand Bio-filtration Required,Treatment Pathway Mandated
1413,Mixed,7.31,29.1,0.39,58.47,480.1,514.46,176.05,707.1,3.11,93.41,395.52,0.92,2.26,21.51,61264,1,Bio-filtration,Elevated Organic / Particulate / Biological Load,"COD_elevated(395.5mg/L), TSS_elevated(176.1mg/L)",Biological Oxidation & Sand Bio-filtration Required,Treatment Pathway Mandated
1414,Mixed,7.12,31.86,0.28,44.89,266.16,284.93,91.12,332.49,3.98,49.74,267.15,11.71,4.48,18.94,58167,1,Bio-filtration,Elevated Organic / Particulate / Biological Load,TSS_elevated(91.1mg/L),Biological Oxidation & Sand Bio-filtration Required,Treatment Pathway Mandated
1415,Bathroom,7.48,26.42,0.14,5.0,334.43,355.15,10.0,560.18,4.37,56.64,154.32,6.45,7.5,12.34,10699,2,Restricted Irrigation,Moderate Water Quality Profile Suitable for Restricted Irrigation,"BOD_exceeds_indoor(56.6mg/L), COD_exceeds_indoor(154.3mg/L), TDS_exceeds_indoor(355.1mg/L)",Secondary Settling / Disc Filtration & Drip Irrigation Barrier Required,Restricted Non-Potable Landscape Irrigation
1416,Mixed,7.25,28.33,0.38,57.62,438.9,451.63,105.67,582.91,4.4,175.41,245.57,11.11,7.26,16.74,11265,1,Bio-filtration,Elevated Organic / Particulate / Biological Load,"BOD_elevated(175.4mg/L), TSS_elevated(105.7mg/L)",Biological Oxidation & Sand Bio-filtration Required,Treatment Pathway Mandated
1417,Laundry,6.1,22.75,0.51,112.2,580.75,597.43,148.83,540.97,0.88,133.19,937.24,18.54,7.24,19.25,114248,0,Sewer Bypass,Severe Contamination / Environmental Hazard,"COD_severe(937.2mg/L), Septic_Anoxic(DO=0.88,BOD=133.2,COD=937.2)",No Treatment Viable - Direct Sewer Bypass,Critical Hazard Failsafe
1418,Laundry,7.22,24.07,0.41,58.38,365.49,393.37,137.7,566.43,0.48,390.1,781.89,15.39,4.2,23.02,283029,0,Sewer Bypass,Severe Contamination / Environmental Hazard,"Septic_Anoxic(DO=0.48,BOD=390.1,COD=781.9)",No Treatment Viable - Direct Sewer Bypass,Critical Hazard Failsafe
1419,Mixed,6.65,34.93,0.24,49.06,374.52,388.87,86.98,523.88,2.33,193.52,270.93,6.76,2.96,15.21,113703,1,Bio-filtration,Elevated Organic / Particulate / Biological Load,"BOD_elevated(193.5mg/L), E_coli_elevated(113703CFU)",Biological Oxidation & Sand Bio-filtration Required,Treatment Pathway Mandated
1420,Mixed,7.05,31.39,0.45,62.29,289.5,301.35,151.22,376.53,4.09,221.45,310.03,10.03,6.37,13.81,184006,1,Bio-filtration,Elevated Organic / Particulate / Biological Load,"BOD_elevated(221.4mg/L), COD_elevated(310.0mg/L), TSS_elevated(151.2mg/L), TUR_elevated(62.3NTU), E_coli_elevated(184006CFU)",Biological Oxidation & Sand Bio-filtration Required,Treatment Pathway Mandated
1421,Kitchen,7.15,26.77,0.38,148.52,731.22,788.67,317.68,658.02,0.3,245.27,904.49,9.54,5.87,23.94,279369,0,Sewer Bypass,Severe Contamination / Environmental Hazard,"COD_severe(904.5mg/L), TSS_severe(317.7mg/L), TUR_severe(148.5NTU), Septic_Anoxic(DO=0.30,BOD=245.3,COD=904.5)",No Treatment Viable - Direct Sewer Bypass,Critical Hazard Failsafe
1422,Laundry,6.34,26.54,0.4,99.13,229.71,253.87,162.17,661.29,2.12,217.69,427.1,12.46,8.49,4.71,149161,1,Bio-filtration,Elevated Organic / Particulate / Biological Load,"BOD_elevated(217.7mg/L), COD_elevated(427.1mg/L), TSS_elevated(162.2mg/L), TUR_elevated(99.1NTU), E_coli_elevated(149161CFU)",Biological Oxidation & Sand Bio-filtration Required,Treatment Pathway Mandated
1423,Laundry,6.86,29.37,0.38,134.42,331.85,332.59,166.1,679.37,2.95,285.18,399.26,18.62,4.55,17.94,188274,1,Bio-filtration,Elevated Organic / Particulate / Biological Load,"BOD_elevated(285.2mg/L), COD_elevated(399.3mg/L), TSS_elevated(166.1mg/L), TUR_elevated(134.4NTU), E_coli_elevated(188274CFU)",Biological Oxidation & Sand Bio-filtration Required,Treatment Pathway Mandated
1424,Laundry,6.8,33.12,0.45,80.71,381.91,415.0,149.88,660.46,2.9,208.74,411.1,16.72,7.6,27.46,139398,1,Bio-filtration,Elevated Organic / Particulate / Biological Load,"BOD_elevated(208.7mg/L), COD_elevated(411.1mg/L), TSS_elevated(149.9mg/L), TUR_elevated(80.7NTU), E_coli_elevated(139398CFU)",Biological Oxidation & Sand Bio-filtration Required,Treatment Pathway Mandated
1425,Laundry,7.08,30.06,0.38,144.48,540.47,589.65,312.12,700.28,3.21,81.43,248.91,3.36,4.58,24.42,44749,0,Sewer Bypass,Severe Contamination / Environmental Hazard,"TSS_severe(312.1mg/L), TUR_severe(144.5NTU)",No Treatment Viable - Direct Sewer Bypass,Critical Hazard Failsafe
1426,Laundry,6.93,22.19,0.44,104.93,447.52,495.55,153.38,467.64,1.71,298.37,530.6,13.77,6.79,16.96,42369,1,Bio-filtration,Elevated Organic / Particulate / Biological Load,"BOD_elevated(298.4mg/L), COD_elevated(530.6mg/L), TSS_elevated(153.4mg/L), TUR_elevated(104.9NTU), DO_depleted(1.71mg/L)",Biological Oxidation & Sand Bio-filtration Required,Treatment Pathway Mandated
1427,Bathroom,6.98,26.15,0.19,60.24,240.71,247.75,121.07,687.5,6.26,84.47,123.29,10.72,3.4,14.73,76096,1,Bio-filtration,Elevated Organic / Particulate / Biological Load,"TSS_elevated(121.1mg/L), TUR_elevated(60.2NTU), E_coli_elevated(76096CFU)",Biological Oxidation & Sand Bio-filtration Required,Treatment Pathway Mandated
1428,Bathroom,7.03,26.73,0.15,43.81,238.86,251.02,60.23,726.77,4.08,58.73,151.83,3.87,3.31,18.38,9169,2,Restricted Irrigation,Moderate Water Quality Profile Suitable for Restricted Irrigation,"BOD_exceeds_indoor(58.7mg/L), COD_exceeds_indoor(151.8mg/L), TSS_exceeds_indoor(60.2mg/L), TUR_exceeds_indoor(43.8NTU)",Secondary Settling / Disc Filtration & Drip Irrigation Barrier Required,Restricted Non-Potable Landscape Irrigation
1429,Mixed,6.57,28.74,0.23,45.15,373.63,392.49,76.2,556.61,2.45,107.17,272.71,12.46,5.38,10.64,40023,2,Restricted Irrigation,Moderate Water Quality Profile Suitable for Restricted Irrigation,"BOD_exceeds_indoor(107.2mg/L), COD_exceeds_indoor(272.7mg/L), TSS_exceeds_indoor(76.2mg/L), TUR_exceeds_indoor(45.1NTU), E_coli_exceeds_indoor(40023CFU), TDS_exceeds_indoor(392.5mg/L), DO_low_for_indoor(2.45mg/L)",Secondary Settling / Disc Filtration & Drip Irrigation Barrier Required,Restricted Non-Potable Landscape Irrigation
1430,Laundry,6.94,24.99,0.37,108.29,532.31,504.05,251.0,411.6,0.36,250.14,648.69,9.63,3.28,16.55,45470,0,Sewer Bypass,Severe Contamination / Environmental Hazard,"TSS_severe(251.0mg/L), Septic_Anoxic(DO=0.36,BOD=250.1,COD=648.7)",No Treatment Viable - Direct Sewer Bypass,Critical Hazard Failsafe
1431,Mixed,7.19,21.66,0.43,87.34,339.85,376.75,158.23,352.0,2.11,263.3,368.62,9.29,4.84,17.12,275603,1,Bio-filtration,Elevated Organic / Particulate / Biological Load,"BOD_elevated(263.3mg/L), COD_elevated(368.6mg/L), TSS_elevated(158.2mg/L), TUR_elevated(87.3NTU), E_coli_elevated(275603CFU)",Biological Oxidation & Sand Bio-filtration Required,Treatment Pathway Mandated
1432,Kitchen,7.73,31.37,0.57,127.16,364.57,392.35,232.37,615.18,0.4,462.72,833.61,7.48,8.26,10.05,128751,0,Sewer Bypass,Severe Contamination / Environmental Hazard,"BOD_severe(462.7mg/L), COD_severe(833.6mg/L), Septic_Anoxic(DO=0.40,BOD=462.7,COD=833.6)",No Treatment Viable - Direct Sewer Bypass,Critical Hazard Failsafe
1433,Bathroom,7.22,28.61,0.28,19.35,182.39,187.74,39.27,387.58,3.34,21.66,158.41,8.65,5.52,20.62,25479,2,Restricted Irrigation,Moderate Water Quality Profile Suitable for Restricted Irrigation,"COD_exceeds_indoor(158.4mg/L), E_coli_exceeds_indoor(25479CFU), DO_low_for_indoor(3.34mg/L)",Secondary Settling / Disc Filtration & Drip Irrigation Barrier Required,Restricted Non-Potable Landscape Irrigation
1434,Bathroom,6.79,28.62,0.3,61.24,327.67,342.17,87.27,446.27,5.37,35.51,130.12,9.13,3.57,28.02,116533,1,Bio-filtration,Elevated Organic / Particulate / Biological Load,"TUR_elevated(61.2NTU), E_coli_elevated(116533CFU)",Biological Oxidation & Sand Bio-filtration Required,Treatment Pathway Mandated
1435,Bathroom,7.18,32.74,0.14,31.73,321.45,340.85,37.76,829.99,4.55,61.55,143.01,8.56,5.53,17.8,32317,2,Restricted Irrigation,Moderate Water Quality Profile Suitable for Restricted Irrigation,"BOD_exceeds_indoor(61.5mg/L), COD_exceeds_indoor(143.0mg/L), TUR_exceeds_indoor(31.7NTU), E_coli_exceeds_indoor(32317CFU), TDS_exceeds_indoor(340.9mg/L)",Secondary Settling / Disc Filtration & Drip Irrigation Barrier Required,Restricted Non-Potable Landscape Irrigation
1436,Mixed,7.3,26.69,0.24,34.94,519.52,529.35,66.19,471.0,3.69,215.04,301.05,5.82,8.56,24.45,64549,1,Bio-filtration,Elevated Organic / Particulate / Biological Load,"BOD_elevated(215.0mg/L), COD_elevated(301.1mg/L)",Biological Oxidation & Sand Bio-filtration Required,Treatment Pathway Mandated
1437,Bathroom,7.16,30.33,0.33,18.62,412.24,420.94,27.62,388.85,4.11,59.65,151.96,4.88,6.41,17.33,19570,2,Restricted Irrigation,Moderate Water Quality Profile Suitable for Restricted Irrigation,"BOD_exceeds_indoor(59.6mg/L), COD_exceeds_indoor(152.0mg/L), TDS_exceeds_indoor(420.9mg/L), SAL_exceeds_indoor(0.33ppt)",Secondary Settling / Disc Filtration & Drip Irrigation Barrier Required,Restricted Non-Potable Landscape Irrigation
1438,Laundry,7.73,30.91,0.36,125.81,761.72,780.95,233.24,556.9,0.3,50.72,689.39,12.37,5.9,24.35,76681,0,Sewer Bypass,Severe Contamination / Environmental Hazard,"Septic_Anoxic(DO=0.30,BOD=50.7,COD=689.4)",No Treatment Viable - Direct Sewer Bypass,Critical Hazard Failsafe
1439,Mixed,7.79,32.44,0.36,64.34,240.26,241.0,87.6,353.31,3.32,237.98,333.18,9.91,7.24,21.09,53819,1,Bio-filtration,Elevated Organic / Particulate / Biological Load,"BOD_elevated(238.0mg/L), COD_elevated(333.2mg/L), TUR_elevated(64.3NTU)",Biological Oxidation & Sand Bio-filtration Required,Treatment Pathway Mandated
1440,Mixed,6.94,20.44,0.31,86.06,212.02,217.48,185.01,486.59,2.39,223.94,313.51,10.42,8.39,23.32,63415,1,Bio-filtration,Elevated Organic / Particulate / Biological Load,"BOD_elevated(223.9mg/L), COD_elevated(313.5mg/L), TSS_elevated(185.0mg/L), TUR_elevated(86.1NTU)",Biological Oxidation & Sand Bio-filtration Required,Treatment Pathway Mandated
1441,Bathroom,6.75,31.79,0.17,14.55,288.24,300.8,34.66,686.84,4.14,58.69,104.04,11.35,5.24,17.48,52091,2,Restricted Irrigation,Moderate Water Quality Profile Suitable for Restricted Irrigation,"BOD_exceeds_indoor(58.7mg/L), E_coli_exceeds_indoor(52091CFU), TDS_exceeds_indoor(300.8mg/L)",Secondary Settling / Disc Filtration & Drip Irrigation Barrier Required,Restricted Non-Potable Landscape Irrigation
1442,Bathroom,7.53,28.3,0.26,36.44,191.37,186.99,73.73,536.29,4.73,62.93,165.12,15.39,6.72,23.58,57596,2,Restricted Irrigation,Moderate Water Quality Profile Suitable for Restricted Irrigation,"BOD_exceeds_indoor(62.9mg/L), COD_exceeds_indoor(165.1mg/L), TSS_exceeds_indoor(73.7mg/L), TUR_exceeds_indoor(36.4NTU), E_coli_exceeds_indoor(57596CFU)",Secondary Settling / Disc Filtration & Drip Irrigation Barrier Required,Restricted Non-Potable Landscape Irrigation
1443,Bathroom,6.98,19.5,0.33,36.05,381.73,410.91,66.22,539.76,4.91,46.47,90.44,5.72,1.79,27.37,50539,2,Restricted Irrigation,Moderate Water Quality Profile Suitable for Restricted Irrigation,"BOD_exceeds_indoor(46.5mg/L), TSS_exceeds_indoor(66.2mg/L), TUR_exceeds_indoor(36.0NTU), E_coli_exceeds_indoor(50539CFU), TDS_exceeds_indoor(410.9mg/L), SAL_exceeds_indoor(0.33ppt)",Secondary Settling / Disc Filtration & Drip Irrigation Barrier Required,Restricted Non-Potable Landscape Irrigation
1444,Bathroom,7.66,30.93,0.16,43.33,296.28,311.04,87.99,453.83,2.88,47.69,188.76,3.85,6.49,14.59,32499,2,Restricted Irrigation,Moderate Water Quality Profile Suitable for Restricted Irrigation,"BOD_exceeds_indoor(47.7mg/L), COD_exceeds_indoor(188.8mg/L), TSS_exceeds_indoor(88.0mg/L), TUR_exceeds_indoor(43.3NTU), E_coli_exceeds_indoor(32499CFU), TDS_exceeds_indoor(311.0mg/L), DO_low_for_indoor(2.88mg/L)",Secondary Settling / Disc Filtration & Drip Irrigation Barrier Required,Restricted Non-Potable Landscape Irrigation
1445,Bathroom,7.35,29.08,0.28,27.25,383.77,387.77,49.39,517.42,5.2,48.14,67.39,11.49,1.32,20.37,115840,1,Bio-filtration,Elevated Organic / Particulate / Biological Load,E_coli_elevated(115840CFU),Biological Oxidation & Sand Bio-filtration Required,Treatment Pathway Mandated
1446,Laundry,6.51,26.67,0.58,88.95,647.31,644.19,124.95,711.93,2.18,210.03,537.89,8.71,9.22,19.3,19945,1,Bio-filtration,Elevated Organic / Particulate / Biological Load,"BOD_elevated(210.0mg/L), COD_elevated(537.9mg/L), TSS_elevated(125.0mg/L), TUR_elevated(89.0NTU)",Biological Oxidation & Sand Bio-filtration Required,Treatment Pathway Mandated
1447,Mixed,7.12,29.94,0.35,46.84,353.62,359.92,58.83,478.69,3.4,204.95,286.94,9.94,7.25,20.0,48183,1,Bio-filtration,Elevated Organic / Particulate / Biological Load,BOD_elevated(204.9mg/L),Biological Oxidation & Sand Bio-filtration Required,Treatment Pathway Mandated
1448,Laundry,7.07,25.14,0.35,110.21,517.71,490.8,181.7,638.56,2.81,164.32,453.73,13.41,6.66,17.88,48844,1,Bio-filtration,Elevated Organic / Particulate / Biological Load,"BOD_elevated(164.3mg/L), COD_elevated(453.7mg/L), TSS_elevated(181.7mg/L), TUR_elevated(110.2NTU)",Biological Oxidation & Sand Bio-filtration Required,Treatment Pathway Mandated
1449,Kitchen,7.08,24.49,0.57,65.6,872.69,844.41,60.94,906.55,2.49,379.23,554.78,15.33,8.29,20.98,37616,0,Sewer Bypass,Severe Contamination / Environmental Hazard,TDS_severe(844.4mg/L),No Treatment Viable - Direct Sewer Bypass,Critical Hazard Failsafe
1450,Bathroom,7.15,22.67,0.27,47.92,95.41,101.36,72.97,480.25,4.65,63.72,159.11,8.27,9.88,20.46,14639,2,Restricted Irrigation,Moderate Water Quality Profile Suitable for Restricted Irrigation,"BOD_exceeds_indoor(63.7mg/L), COD_exceeds_indoor(159.1mg/L), TSS_exceeds_indoor(73.0mg/L), TUR_exceeds_indoor(47.9NTU)",Secondary Settling / Disc Filtration & Drip Irrigation Barrier Required,Restricted Non-Potable Landscape Irrigation
1451,Mixed,7.25,25.5,0.41,73.27,217.04,233.78,60.42,499.57,3.48,150.27,289.9,6.25,5.55,19.96,95112,1,Bio-filtration,Elevated Organic / Particulate / Biological Load,"BOD_elevated(150.3mg/L), TUR_elevated(73.3NTU), E_coli_elevated(95112CFU)",Biological Oxidation & Sand Bio-filtration Required,Treatment Pathway Mandated
1452,Kitchen,7.74,32.69,0.56,147.83,446.24,471.59,350.0,911.42,1.51,229.61,677.59,11.5,4.88,17.64,493962,0,Sewer Bypass,Severe Contamination / Environmental Hazard,"TSS_severe(350.0mg/L), TUR_severe(147.8NTU)",No Treatment Viable - Direct Sewer Bypass,Critical Hazard Failsafe
1453,Mixed,7.53,29.4,0.4,75.03,206.68,212.88,171.11,516.99,2.72,194.89,386.91,14.47,3.23,15.36,142809,1,Bio-filtration,Elevated Organic / Particulate / Biological Load,"BOD_elevated(194.9mg/L), COD_elevated(386.9mg/L), TSS_elevated(171.1mg/L), TUR_elevated(75.0NTU), E_coli_elevated(142809CFU)",Biological Oxidation & Sand Bio-filtration Required,Treatment Pathway Mandated
1454,Mixed,7.4,31.93,0.38,61.43,246.69,275.8,103.02,615.38,1.68,70.45,423.41,8.57,4.55,18.22,76904,1,Bio-filtration,Elevated Organic / Particulate / Biological Load,"COD_elevated(423.4mg/L), TSS_elevated(103.0mg/L), TUR_elevated(61.4NTU), E_coli_elevated(76904CFU), DO_depleted(1.68mg/L)",Biological Oxidation & Sand Bio-filtration Required,Treatment Pathway Mandated
1455,Laundry,7.14,35.3,0.48,108.23,347.94,355.61,289.55,759.63,1.11,101.52,613.12,6.8,5.5,17.88,42846,0,Sewer Bypass,Severe Contamination / Environmental Hazard,TSS_severe(289.6mg/L),No Treatment Viable - Direct Sewer Bypass,Critical Hazard Failsafe
1456,Bathroom,7.07,26.22,0.25,43.6,291.65,299.12,97.71,586.37,3.35,20.0,153.37,7.96,6.38,23.15,126223,1,Bio-filtration,Elevated Organic / Particulate / Biological Load,"TSS_elevated(97.7mg/L), E_coli_elevated(126223CFU)",Biological Oxidation & Sand Bio-filtration Required,Treatment Pathway Mandated
1457,Bathroom,6.68,21.08,0.15,38.99,273.91,300.36,69.89,591.47,4.23,33.12,100.69,11.27,5.25,16.78,189030,1,Bio-filtration,Elevated Organic / Particulate / Biological Load,E_coli_elevated(189030CFU),Biological Oxidation & Sand Bio-filtration Required,Treatment Pathway Mandated
1458,Laundry,6.57,24.06,0.24,117.55,544.41,557.46,307.27,708.19,3.51,290.86,432.08,16.22,3.12,27.11,204669,0,Sewer Bypass,Severe Contamination / Environmental Hazard,TSS_severe(307.3mg/L),No Treatment Viable - Direct Sewer Bypass,Critical Hazard Failsafe
1459,Mixed,7.19,26.65,0.37,96.67,131.83,134.82,221.58,538.78,2.95,166.6,233.24,13.35,4.8,6.4,79114,1,Bio-filtration,Elevated Organic / Particulate / Biological Load,"BOD_elevated(166.6mg/L), TSS_elevated(221.6mg/L), TUR_elevated(96.7NTU), E_coli_elevated(79114CFU)",Biological Oxidation & Sand Bio-filtration Required,Treatment Pathway Mandated
1460,Laundry,6.72,21.6,0.48,97.39,508.25,528.98,128.57,733.14,0.3,527.86,812.51,19.35,7.06,14.17,106252,0,Sewer Bypass,Severe Contamination / Environmental Hazard,"BOD_severe(527.9mg/L), COD_severe(812.5mg/L), Septic_Anoxic(DO=0.30,BOD=527.9,COD=812.5)",No Treatment Viable - Direct Sewer Bypass,Critical Hazard Failsafe
1461,Mixed,7.97,32.38,0.33,41.94,324.62,331.36,42.85,335.53,3.88,170.73,239.02,14.91,5.76,17.27,123953,1,Bio-filtration,Elevated Organic / Particulate / Biological Load,"BOD_elevated(170.7mg/L), E_coli_elevated(123953CFU)",Biological Oxidation & Sand Bio-filtration Required,Treatment Pathway Mandated
1462,Laundry,7.05,19.49,0.31,64.9,350.73,378.93,159.67,756.31,0.3,255.99,753.64,15.25,8.99,23.76,95816,0,Sewer Bypass,Severe Contamination / Environmental Hazard,"Septic_Anoxic(DO=0.30,BOD=256.0,COD=753.6)",No Treatment Viable - Direct Sewer Bypass,Critical Hazard Failsafe
1463,Bathroom,7.44,24.65,0.29,65.45,301.99,300.23,107.15,579.73,4.32,34.57,86.39,12.94,2.37,14.69,74114,1,Bio-filtration,Elevated Organic / Particulate / Biological Load,"TSS_elevated(107.2mg/L), TUR_elevated(65.5NTU)",Biological Oxidation & Sand Bio-filtration Required,Treatment Pathway Mandated
1464,Laundry,6.47,32.64,0.26,57.5,297.46,311.77,151.98,562.85,0.3,122.98,716.14,14.6,6.31,16.52,107697,0,Sewer Bypass,Severe Contamination / Environmental Hazard,"Septic_Anoxic(DO=0.30,BOD=123.0,COD=716.1)",No Treatment Viable - Direct Sewer Bypass,Critical Hazard Failsafe
1465,Kitchen,7.12,27.62,0.51,69.89,774.46,842.8,139.61,647.71,0.3,297.66,1000.0,9.18,4.85,17.12,127465,0,Sewer Bypass,Severe Contamination / Environmental Hazard,"COD_severe(1000.0mg/L), TDS_severe(842.8mg/L), Septic_Anoxic(DO=0.30,BOD=297.7,COD=1000.0)",No Treatment Viable - Direct Sewer Bypass,Critical Hazard Failsafe
1466,Kitchen,8.05,28.51,0.58,157.94,415.21,436.21,298.79,708.2,0.3,436.16,833.0,18.91,6.0,16.8,634079,0,Sewer Bypass,Severe Contamination / Environmental Hazard,"BOD_severe(436.2mg/L), COD_severe(833.0mg/L), TSS_severe(298.8mg/L), TUR_severe(157.9NTU), E_coli_severe(634079CFU), Septic_Anoxic(DO=0.30,BOD=436.2,COD=833.0)",No Treatment Viable - Direct Sewer Bypass,Critical Hazard Failsafe
1467,Laundry,6.51,19.34,0.4,66.15,485.4,479.95,99.4,935.49,4.28,267.06,379.36,11.4,3.25,31.49,118592,1,Bio-filtration,Elevated Organic / Particulate / Biological Load,"BOD_elevated(267.1mg/L), COD_elevated(379.4mg/L), TSS_elevated(99.4mg/L), TUR_elevated(66.2NTU), E_coli_elevated(118592CFU)",Biological Oxidation & Sand Bio-filtration Required,Treatment Pathway Mandated
1468,Bathroom,7.28,34.57,0.25,42.53,348.2,361.89,90.59,515.91,4.73,57.63,111.94,10.87,7.51,20.63,147787,1,Bio-filtration,Elevated Organic / Particulate / Biological Load,"TSS_elevated(90.6mg/L), E_coli_elevated(147787CFU)",Biological Oxidation & Sand Bio-filtration Required,Treatment Pathway Mandated
1469,Kitchen,7.77,26.07,0.62,139.03,787.65,854.29,350.0,698.56,0.3,350.92,687.52,16.89,3.77,17.6,478347,0,Sewer Bypass,Severe Contamination / Environmental Hazard,"TSS_severe(350.0mg/L), TDS_severe(854.3mg/L), SAL_severe(0.62ppt), Septic_Anoxic(DO=0.30,BOD=350.9,COD=687.5)",No Treatment Viable - Direct Sewer Bypass,Critical Hazard Failsafe
1470,Bathroom,7.63,24.0,0.29,47.29,331.76,346.91,113.54,500.43,5.49,27.42,74.9,10.62,5.56,26.74,133359,1,Bio-filtration,Elevated Organic / Particulate / Biological Load,"TSS_elevated(113.5mg/L), E_coli_elevated(133359CFU)",Biological Oxidation & Sand Bio-filtration Required,Treatment Pathway Mandated
1471,Mixed,7.45,20.45,0.14,62.46,238.56,247.57,86.11,398.68,3.31,170.7,238.99,13.34,4.62,10.29,65408,1,Bio-filtration,Elevated Organic / Particulate / Biological Load,"BOD_elevated(170.7mg/L), TUR_elevated(62.5NTU)",Biological Oxidation & Sand Bio-filtration Required,Treatment Pathway Mandated
1472,Bathroom,6.71,27.84,0.27,22.35,256.62,271.22,40.11,715.56,4.57,66.1,101.57,7.89,5.69,19.31,12127,2,Restricted Irrigation,Moderate Water Quality Profile Suitable for Restricted Irrigation,BOD_exceeds_indoor(66.1mg/L),Secondary Settling / Disc Filtration & Drip Irrigation Barrier Required,Restricted Non-Potable Landscape Irrigation
1473,Bathroom,6.86,24.81,0.2,28.8,278.48,294.55,71.27,840.43,3.72,61.47,177.23,4.94,8.87,19.85,27506,2,Restricted Irrigation,Moderate Water Quality Profile Suitable for Restricted Irrigation,"BOD_exceeds_indoor(61.5mg/L), COD_exceeds_indoor(177.2mg/L), TSS_exceeds_indoor(71.3mg/L), TUR_exceeds_indoor(28.8NTU), E_coli_exceeds_indoor(27506CFU)",Secondary Settling / Disc Filtration & Drip Irrigation Barrier Required,Restricted Non-Potable Landscape Irrigation
1474,Laundry,7.41,30.47,0.39,93.41,285.85,304.01,218.77,763.54,1.78,477.86,669.0,16.05,10.15,20.33,83779,0,Sewer Bypass,Severe Contamination / Environmental Hazard,BOD_severe(477.9mg/L),No Treatment Viable - Direct Sewer Bypass,Critical Hazard Failsafe
1475,Laundry,6.84,26.93,0.39,70.88,246.68,253.7,110.57,578.61,3.14,285.85,541.39,14.94,10.41,13.61,175168,1,Bio-filtration,Elevated Organic / Particulate / Biological Load,"BOD_elevated(285.9mg/L), COD_elevated(541.4mg/L), TSS_elevated(110.6mg/L), TUR_elevated(70.9NTU), E_coli_elevated(175168CFU)",Biological Oxidation & Sand Bio-filtration Required,Treatment Pathway Mandated
1476,Laundry,6.77,24.47,0.32,166.34,288.13,330.91,246.42,355.14,0.3,183.83,546.67,15.54,2.49,16.32,57851,0,Sewer Bypass,Severe Contamination / Environmental Hazard,TUR_severe(166.3NTU),No Treatment Viable - Direct Sewer Bypass,Critical Hazard Failsafe
1477,Laundry,7.19,28.58,0.47,134.46,360.91,383.37,267.01,816.23,1.47,316.04,583.97,14.38,10.22,16.54,55564,0,Sewer Bypass,Severe Contamination / Environmental Hazard,TSS_severe(267.0mg/L),No Treatment Viable - Direct Sewer Bypass,Critical Hazard Failsafe
1478,Mixed,7.15,28.75,0.49,16.73,315.12,316.63,26.15,573.62,2.35,181.22,253.71,9.71,4.17,17.27,52139,1,Bio-filtration,Elevated Organic / Particulate / Biological Load,BOD_elevated(181.2mg/L),Biological Oxidation & Sand Bio-filtration Required,Treatment Pathway Mandated
1479,Laundry,7.31,22.09,0.41,88.1,445.96,458.03,164.4,293.97,1.36,263.12,703.32,12.91,6.66,25.63,252730,1,Bio-filtration,Elevated Organic / Particulate / Biological Load,"BOD_elevated(263.1mg/L), COD_elevated(703.3mg/L), TSS_elevated(164.4mg/L), TUR_elevated(88.1NTU), E_coli_elevated(252730CFU), DO_depleted(1.36mg/L)",Biological Oxidation & Sand Bio-filtration Required,Treatment Pathway Mandated
1480,Laundry,7.0,36.65,0.35,74.11,265.87,277.08,120.94,285.76,1.2,318.48,529.03,12.95,6.28,19.73,42120,1,Bio-filtration,Elevated Organic / Particulate / Biological Load,"BOD_elevated(318.5mg/L), COD_elevated(529.0mg/L), TSS_elevated(120.9mg/L), TUR_elevated(74.1NTU), DO_depleted(1.20mg/L)",Biological Oxidation & Sand Bio-filtration Required,Treatment Pathway Mandated
1481,Laundry,7.21,22.09,0.33,78.26,596.62,649.17,117.67,469.78,0.94,295.5,673.54,11.13,3.41,18.1,17047,0,Sewer Bypass,Severe Contamination / Environmental Hazard,"Septic_Anoxic(DO=0.94,BOD=295.5,COD=673.5)",No Treatment Viable - Direct Sewer Bypass,Critical Hazard Failsafe
1482,Bathroom,7.26,30.63,0.17,34.5,315.51,317.08,63.68,686.68,4.87,47.33,108.72,2.97,8.13,19.57,115125,1,Bio-filtration,Elevated Organic / Particulate / Biological Load,E_coli_elevated(115125CFU),Biological Oxidation & Sand Bio-filtration Required,Treatment Pathway Mandated
1483,Laundry,6.89,24.52,0.42,116.85,524.34,562.94,105.29,382.77,0.98,452.5,633.5,13.39,9.91,31.74,122300,0,Sewer Bypass,Severe Contamination / Environmental Hazard,"BOD_severe(452.5mg/L), Septic_Anoxic(DO=0.98,BOD=452.5,COD=633.5)",No Treatment Viable - Direct Sewer Bypass,Critical Hazard Failsafe
1484,Bathroom,7.31,30.92,0.26,19.32,311.32,338.68,33.28,656.31,2.46,79.25,189.12,0.48,7.36,23.09,25850,2,Restricted Irrigation,Moderate Water Quality Profile Suitable for Restricted Irrigation,"BOD_exceeds_indoor(79.2mg/L), COD_exceeds_indoor(189.1mg/L), E_coli_exceeds_indoor(25850CFU), TDS_exceeds_indoor(338.7mg/L), DO_low_for_indoor(2.46mg/L)",Secondary Settling / Disc Filtration & Drip Irrigation Barrier Required,Restricted Non-Potable Landscape Irrigation
1485,Kitchen,7.54,31.02,0.57,156.73,544.28,545.25,257.67,897.61,3.68,229.68,517.97,7.88,6.37,23.08,142084,0,Sewer Bypass,Severe Contamination / Environmental Hazard,"TSS_severe(257.7mg/L), TUR_severe(156.7NTU)",No Treatment Viable - Direct Sewer Bypass,Critical Hazard Failsafe
1486,Bathroom,7.24,28.48,0.19,24.34,305.01,325.09,62.88,571.32,4.68,62.53,87.92,8.04,3.99,12.68,228301,1,Bio-filtration,Elevated Organic / Particulate / Biological Load,E_coli_elevated(228301CFU),Biological Oxidation & Sand Bio-filtration Required,Treatment Pathway Mandated
1487,Mixed,7.33,25.06,0.32,51.24,351.96,376.65,66.99,545.9,3.45,133.31,206.41,8.12,4.43,19.03,648539,0,Sewer Bypass,Severe Contamination / Environmental Hazard,E_coli_severe(648539CFU),No Treatment Viable - Direct Sewer Bypass,Critical Hazard Failsafe
1488,Laundry,7.37,35.74,0.37,76.12,626.07,646.03,170.81,729.48,0.3,360.58,631.65,12.91,7.78,23.08,127931,0,Sewer Bypass,Severe Contamination / Environmental Hazard,"Septic_Anoxic(DO=0.30,BOD=360.6,COD=631.6)",No Treatment Viable - Direct Sewer Bypass,Critical Hazard Failsafe
1489,Mixed,7.04,28.15,0.34,62.81,289.04,309.86,138.91,593.7,3.51,291.25,407.75,13.46,5.37,11.35,89111,1,Bio-filtration,Elevated Organic / Particulate / Biological Load,"BOD_elevated(291.2mg/L), COD_elevated(407.8mg/L), TSS_elevated(138.9mg/L), TUR_elevated(62.8NTU), E_coli_elevated(89111CFU)",Biological Oxidation & Sand Bio-filtration Required,Treatment Pathway Mandated
1490,Laundry,6.0,28.23,0.37,105.49,384.37,401.93,130.48,870.33,1.23,171.13,642.94,9.13,4.8,18.0,307305,1,Bio-filtration,Elevated Organic / Particulate / Biological Load,"BOD_elevated(171.1mg/L), COD_elevated(642.9mg/L), TSS_elevated(130.5mg/L), TUR_elevated(105.5NTU), E_coli_elevated(307305CFU), DO_depleted(1.23mg/L)",Biological Oxidation & Sand Bio-filtration Required,Treatment Pathway Mandated
1491,Bathroom,7.16,26.85,0.21,45.44,275.55,282.31,84.89,590.54,5.18,29.93,171.26,4.08,5.69,13.99,48381,2,Restricted Irrigation,Moderate Water Quality Profile Suitable for Restricted Irrigation,"COD_exceeds_indoor(171.3mg/L), TSS_exceeds_indoor(84.9mg/L), TUR_exceeds_indoor(45.4NTU), E_coli_exceeds_indoor(48381CFU)",Secondary Settling / Disc Filtration & Drip Irrigation Barrier Required,Restricted Non-Potable Landscape Irrigation
1492,Mixed,7.39,38.0,0.33,58.14,494.43,482.19,118.62,554.69,1.79,160.65,419.0,9.77,5.22,10.6,165241,1,Bio-filtration,Elevated Organic / Particulate / Biological Load,"BOD_elevated(160.7mg/L), COD_elevated(419.0mg/L), TSS_elevated(118.6mg/L), E_coli_elevated(165241CFU), DO_depleted(1.79mg/L)",Biological Oxidation & Sand Bio-filtration Required,Treatment Pathway Mandated
1493,Kitchen,7.77,24.15,0.56,163.27,302.65,314.94,284.6,867.15,1.28,339.21,605.0,18.54,5.33,28.0,79477,0,Sewer Bypass,Severe Contamination / Environmental Hazard,"TSS_severe(284.6mg/L), TUR_severe(163.3NTU)",No Treatment Viable - Direct Sewer Bypass,Critical Hazard Failsafe
1494,Mixed,7.38,29.57,0.24,58.36,458.36,466.85,99.67,723.46,3.49,123.81,359.07,11.15,5.64,17.75,216999,1,Bio-filtration,Elevated Organic / Particulate / Biological Load,"BOD_elevated(123.8mg/L), COD_elevated(359.1mg/L), TSS_elevated(99.7mg/L), E_coli_elevated(216999CFU)",Biological Oxidation & Sand Bio-filtration Required,Treatment Pathway Mandated
1495,Laundry,6.98,23.07,0.44,64.08,582.25,625.24,123.21,865.07,4.41,195.14,348.03,6.76,4.43,23.24,64273,1,Bio-filtration,Elevated Organic / Particulate / Biological Load,"BOD_elevated(195.1mg/L), COD_elevated(348.0mg/L), TSS_elevated(123.2mg/L), TUR_elevated(64.1NTU)",Biological Oxidation & Sand Bio-filtration Required,Treatment Pathway Mandated
1496,Kitchen,7.6,20.4,0.57,111.16,712.77,721.98,171.46,650.26,0.3,166.26,1000.0,7.71,3.51,19.66,31459,0,Sewer Bypass,Severe Contamination / Environmental Hazard,"COD_severe(1000.0mg/L), Septic_Anoxic(DO=0.30,BOD=166.3,COD=1000.0)",No Treatment Viable - Direct Sewer Bypass,Critical Hazard Failsafe
1497,Mixed,7.47,23.39,0.43,74.09,382.7,383.22,141.76,692.34,2.55,176.53,333.45,6.7,8.1,20.78,139118,1,Bio-filtration,Elevated Organic / Particulate / Biological Load,"BOD_elevated(176.5mg/L), COD_elevated(333.4mg/L), TSS_elevated(141.8mg/L), TUR_elevated(74.1NTU), E_coli_elevated(139118CFU)",Biological Oxidation & Sand Bio-filtration Required,Treatment Pathway Mandated
1498,Kitchen,7.19,34.31,0.49,110.4,426.99,455.67,276.77,632.79,0.3,650.0,930.55,13.42,2.73,19.32,310646,0,Sewer Bypass,Severe Contamination / Environmental Hazard,"BOD_severe(650.0mg/L), COD_severe(930.5mg/L), TSS_severe(276.8mg/L), Septic_Anoxic(DO=0.30,BOD=650.0,COD=930.5)",No Treatment Viable - Direct Sewer Bypass,Critical Hazard Failsafe
1499,Laundry,7.43,18.48,0.3,50.93,444.22,414.58,111.98,716.59,1.64,42.56,547.34,7.57,4.84,14.48,30095,1,Bio-filtration,Elevated Organic / Particulate / Biological Load,"COD_elevated(547.3mg/L), TSS_elevated(112.0mg/L), DO_depleted(1.64mg/L)",Biological Oxidation & Sand Bio-filtration Required,Treatment Pathway Mandated
1500,Kitchen,7.89,23.01,0.5,108.4,586.0,592.97,153.57,1041.21,0.3,327.33,1000.0,15.79,8.27,22.44,133366,0,Sewer Bypass,Severe Contamination / Environmental Hazard,"COD_severe(1000.0mg/L), Septic_Anoxic(DO=0.30,BOD=327.3,COD=1000.0)",No Treatment Viable - Direct Sewer Bypass,Critical Hazard Failsafe
