Sample_ID,predicted_route,prediction_confidence,top_feature_1,top_feature_1_value,top_feature_1_shap,top_feature_2,top_feature_2_value,top_feature_2_shap,top_feature_3,top_feature_3_value,top_feature_3_shap,final_route,final_action,override_applied,reason_codes,explanation_summary
1,Sewer Bypass,0.9924,DO_mg_L,0.3,2.8992,COD_mg_L,795.04,2.3849,BOD_mg_L,84.01,-0.4751,Sewer Bypass,SAFETY_OVERRIDE,True,WQ_HIGH_ECOLI|WQ_HIGH_COD|WQ_HIGH_TURBIDITY|WQ_SEPTIC_RISK|WQ_CRITICAL|ANOMALY_CLEAN|MODEL_HIGH_CONFIDENCE|ROUTE_SEWER|STORAGE_NORMAL|OVERRIDE_SAFETY_CRITICAL,"MODEL DECISION: Sewer Bypass (Confidence: 99.2%). MODEL EXPLANATION: SHAP indicates the primary model contributors were DO_mg_L, COD_mg_L, BOD_mg_L. SAFETY OVERRIDE: Although the ML model predicted Sewer Bypass, an independent critical water-quality condition triggered the highest-priority safety rule. Therefore, the final route was changed to Sewer Bypass."
2,Restricted Irrigation,0.9908,TSS_mg_L,32.32,1.164,E_coli_CFU_100mL,23720.0,0.8484,Greywater_Source_Bathroom,1.0,0.6152,Restricted Irrigation,ALLOW_ROUTE,False,WQ_ACCEPTABLE|ANOMALY_CLEAN|MODEL_HIGH_CONFIDENCE|ROUTE_IRRIGATION|STORAGE_NORMAL|WEATHER_FAVORABLE,"MODEL DECISION: Restricted Irrigation (Confidence: 99.1%). MODEL EXPLANATION: SHAP indicates the primary model contributors were TSS_mg_L, E_coli_CFU_100mL, Greywater_Source_Bathroom. FINAL DECISION: Restricted Irrigation was approved with action 'ALLOW_ROUTE'. No safety, anomaly, meteorological, or storage overrides were triggered."
3,Bio-filtration,0.9991,Greywater_Source_Mixed,1.0,0.8983,TSS_mg_L,175.71,0.6071,BOD_mg_L,149.9,0.3532,Bio-filtration,PROCEED_WITH_TREATMENT,False,WQ_HIGH_TURBIDITY|ANOMALY_CLEAN|MODEL_HIGH_CONFIDENCE|ROUTE_BIOFILTRATION|STORAGE_NORMAL|WEATHER_FAVORABLE,"MODEL DECISION: Bio-filtration (Confidence: 99.9%). MODEL EXPLANATION: SHAP indicates the primary model contributors were Greywater_Source_Mixed, TSS_mg_L, BOD_mg_L. FINAL DECISION: Bio-filtration was approved with action 'PROCEED_WITH_TREATMENT'. No safety, anomaly, meteorological, or storage overrides were triggered."
4,Restricted Irrigation,0.9954,TSS_mg_L,37.79,1.2011,E_coli_CFU_100mL,6974.0,0.8045,COD_mg_L,136.66,0.7404,Restricted Irrigation,ALLOW_ROUTE,False,WQ_ACCEPTABLE|ANOMALY_CLEAN|MODEL_HIGH_CONFIDENCE|ROUTE_IRRIGATION|STORAGE_NORMAL|WEATHER_FAVORABLE,"MODEL DECISION: Restricted Irrigation (Confidence: 99.5%). MODEL EXPLANATION: SHAP indicates the primary model contributors were TSS_mg_L, E_coli_CFU_100mL, COD_mg_L. FINAL DECISION: Restricted Irrigation was approved with action 'ALLOW_ROUTE'. No safety, anomaly, meteorological, or storage overrides were triggered."
5,Bio-filtration,0.983,TSS_mg_L,117.68,0.7094,Greywater_Source_Mixed,0.0,-0.2665,DO_mg_L,3.72,0.165,Bio-filtration,PROCEED_WITH_TREATMENT,False,WQ_ACCEPTABLE|ANOMALY_CLEAN|MODEL_HIGH_CONFIDENCE|ROUTE_BIOFILTRATION|STORAGE_NORMAL|WEATHER_FAVORABLE,"MODEL DECISION: Bio-filtration (Confidence: 98.3%). MODEL EXPLANATION: SHAP indicates the primary model contributors were TSS_mg_L, Greywater_Source_Mixed, DO_mg_L. FINAL DECISION: Bio-filtration was approved with action 'PROCEED_WITH_TREATMENT'. No safety, anomaly, meteorological, or storage overrides were triggered."
6,Restricted Irrigation,0.9864,TSS_mg_L,70.53,1.1306,E_coli_CFU_100mL,48555.0,0.8496,COD_mg_L,173.31,0.7664,Restricted Irrigation,ALLOW_ROUTE,False,WQ_ACCEPTABLE|ANOMALY_CLEAN|MODEL_HIGH_CONFIDENCE|ROUTE_IRRIGATION|STORAGE_NORMAL|WEATHER_FAVORABLE,"MODEL DECISION: Restricted Irrigation (Confidence: 98.6%). MODEL EXPLANATION: SHAP indicates the primary model contributors were TSS_mg_L, E_coli_CFU_100mL, COD_mg_L. FINAL DECISION: Restricted Irrigation was approved with action 'ALLOW_ROUTE'. No safety, anomaly, meteorological, or storage overrides were triggered."
7,Restricted Irrigation,0.9897,TSS_mg_L,50.19,1.2027,E_coli_CFU_100mL,23372.0,0.8012,COD_mg_L,155.74,0.7792,Restricted Irrigation,ALLOW_ROUTE,False,WQ_ACCEPTABLE|ANOMALY_CLEAN|MODEL_HIGH_CONFIDENCE|ROUTE_IRRIGATION|STORAGE_NORMAL|WEATHER_FAVORABLE,"MODEL DECISION: Restricted Irrigation (Confidence: 99.0%). MODEL EXPLANATION: SHAP indicates the primary model contributors were TSS_mg_L, E_coli_CFU_100mL, COD_mg_L. FINAL DECISION: Restricted Irrigation was approved with action 'ALLOW_ROUTE'. No safety, anomaly, meteorological, or storage overrides were triggered."
8,Bio-filtration,0.9964,Greywater_Source_Mixed,1.0,1.0709,TSS_mg_L,56.75,-0.3633,BOD_mg_L,135.6,0.3495,Bio-filtration,PROCEED_WITH_TREATMENT,False,WQ_ACCEPTABLE|ANOMALY_CLEAN|MODEL_HIGH_CONFIDENCE|ROUTE_BIOFILTRATION|STORAGE_NORMAL|WEATHER_FAVORABLE,"MODEL DECISION: Bio-filtration (Confidence: 99.6%). MODEL EXPLANATION: SHAP indicates the primary model contributors were Greywater_Source_Mixed, TSS_mg_L, BOD_mg_L. FINAL DECISION: Bio-filtration was approved with action 'PROCEED_WITH_TREATMENT'. No safety, anomaly, meteorological, or storage overrides were triggered."
9,Restricted Irrigation,0.9934,TSS_mg_L,40.11,1.2099,E_coli_CFU_100mL,12127.0,0.7702,Greywater_Source_Bathroom,1.0,0.6347,Restricted Irrigation,ALLOW_ROUTE,False,WQ_ACCEPTABLE|ANOMALY_CLEAN|MODEL_HIGH_CONFIDENCE|ROUTE_IRRIGATION|STORAGE_NORMAL|WEATHER_FAVORABLE,"MODEL DECISION: Restricted Irrigation (Confidence: 99.3%). MODEL EXPLANATION: SHAP indicates the primary model contributors were TSS_mg_L, E_coli_CFU_100mL, Greywater_Source_Bathroom. FINAL DECISION: Restricted Irrigation was approved with action 'ALLOW_ROUTE'. No safety, anomaly, meteorological, or storage overrides were triggered."
10,Bio-filtration,0.9987,Greywater_Source_Mixed,1.0,1.0459,E_coli_CFU_100mL,123953.0,0.504,BOD_mg_L,170.73,0.3151,Bio-filtration,PROCEED_WITH_TREATMENT,False,WQ_HIGH_ECOLI|ANOMALY_CLEAN|MODEL_HIGH_CONFIDENCE|ROUTE_BIOFILTRATION|STORAGE_NORMAL|WEATHER_FAVORABLE,"MODEL DECISION: Bio-filtration (Confidence: 99.9%). MODEL EXPLANATION: SHAP indicates the primary model contributors were Greywater_Source_Mixed, E_coli_CFU_100mL, BOD_mg_L. FINAL DECISION: Bio-filtration was approved with action 'PROCEED_WITH_TREATMENT'. No safety, anomaly, meteorological, or storage overrides were triggered."
11,Bio-filtration,0.9988,Greywater_Source_Mixed,1.0,0.9811,E_coli_CFU_100mL,238203.0,0.4314,BOD_mg_L,175.7,0.3262,Bio-filtration,PROCEED_WITH_TREATMENT,False,WQ_HIGH_ECOLI|ANOMALY_CLEAN|MODEL_HIGH_CONFIDENCE|ROUTE_BIOFILTRATION|STORAGE_NORMAL|WEATHER_FAVORABLE,"MODEL DECISION: Bio-filtration (Confidence: 99.9%). MODEL EXPLANATION: SHAP indicates the primary model contributors were Greywater_Source_Mixed, E_coli_CFU_100mL, BOD_mg_L. FINAL DECISION: Bio-filtration was approved with action 'PROCEED_WITH_TREATMENT'. No safety, anomaly, meteorological, or storage overrides were triggered."
12,Sewer Bypass,0.9572,E_coli_CFU_100mL,507441.0,5.0581,COD_mg_L,246.85,-0.7427,DO_mg_L,3.09,-0.5097,Sewer Bypass,SAFETY_OVERRIDE,True,WQ_HIGH_ECOLI|WQ_CRITICAL|ANOMALY_CLEAN|MODEL_HIGH_CONFIDENCE|ROUTE_SEWER|STORAGE_NORMAL|OVERRIDE_SAFETY_CRITICAL,"MODEL DECISION: Sewer Bypass (Confidence: 95.7%). MODEL EXPLANATION: SHAP indicates the primary model contributors were E_coli_CFU_100mL, COD_mg_L, DO_mg_L. SAFETY OVERRIDE: Although the ML model predicted Sewer Bypass, an independent critical water-quality condition triggered the highest-priority safety rule. Therefore, the final route was changed to Sewer Bypass."
13,Restricted Irrigation,0.9872,TSS_mg_L,72.97,1.1276,E_coli_CFU_100mL,14639.0,0.7695,COD_mg_L,159.11,0.7602,Restricted Irrigation,ALLOW_ROUTE,False,WQ_ACCEPTABLE|ANOMALY_CLEAN|MODEL_HIGH_CONFIDENCE|ROUTE_IRRIGATION|STORAGE_NORMAL|WEATHER_FAVORABLE,"MODEL DECISION: Restricted Irrigation (Confidence: 98.7%). MODEL EXPLANATION: SHAP indicates the primary model contributors were TSS_mg_L, E_coli_CFU_100mL, COD_mg_L. FINAL DECISION: Restricted Irrigation was approved with action 'ALLOW_ROUTE'. No safety, anomaly, meteorological, or storage overrides were triggered."
14,Sewer Bypass,0.9981,DO_mg_L,0.3,2.5506,COD_mg_L,876.78,2.1436,TUR_NTU,133.1,0.4483,Sewer Bypass,SAFETY_OVERRIDE,True,WQ_HIGH_COD|WQ_HIGH_TURBIDITY|WQ_SEPTIC_RISK|WQ_CRITICAL|ANOMALY_CLEAN|MODEL_HIGH_CONFIDENCE|ROUTE_SEWER|STORAGE_NORMAL|OVERRIDE_SAFETY_CRITICAL,"MODEL DECISION: Sewer Bypass (Confidence: 99.8%). MODEL EXPLANATION: SHAP indicates the primary model contributors were DO_mg_L, COD_mg_L, TUR_NTU. SAFETY OVERRIDE: Although the ML model predicted Sewer Bypass, an independent critical water-quality condition triggered the highest-priority safety rule. Therefore, the final route was changed to Sewer Bypass."
15,Sewer Bypass,0.9999,DO_mg_L,0.3,2.3963,COD_mg_L,940.76,2.2965,BOD_mg_L,521.77,1.8989,Sewer Bypass,SAFETY_OVERRIDE,True,WQ_HIGH_COD|WQ_HIGH_BOD|WQ_HIGH_TURBIDITY|WQ_SEPTIC_RISK|WQ_CRITICAL|ANOMALY_CLEAN|MODEL_HIGH_CONFIDENCE|ROUTE_SEWER|STORAGE_NORMAL|OVERRIDE_SAFETY_CRITICAL,"MODEL DECISION: Sewer Bypass (Confidence: 100.0%). MODEL EXPLANATION: SHAP indicates the primary model contributors were DO_mg_L, COD_mg_L, BOD_mg_L. SAFETY OVERRIDE: Although the ML model predicted Sewer Bypass, an independent critical water-quality condition triggered the highest-priority safety rule. Therefore, the final route was changed to Sewer Bypass."
16,Sewer Bypass,0.998,E_coli_CFU_100mL,650227.0,2.9941,BOD_mg_L,404.51,2.2886,DO_mg_L,1.96,-0.6235,Sewer Bypass,SAFETY_OVERRIDE,True,WQ_HIGH_ECOLI|WQ_HIGH_COD|WQ_HIGH_BOD|WQ_HIGH_TURBIDITY|WQ_CRITICAL|ANOMALY_CLEAN|MODEL_HIGH_CONFIDENCE|ROUTE_SEWER|STORAGE_NORMAL|OVERRIDE_SAFETY_CRITICAL,"MODEL DECISION: Sewer Bypass (Confidence: 99.8%). MODEL EXPLANATION: SHAP indicates the primary model contributors were E_coli_CFU_100mL, BOD_mg_L, DO_mg_L. SAFETY OVERRIDE: Although the ML model predicted Sewer Bypass, an independent critical water-quality condition triggered the highest-priority safety rule. Therefore, the final route was changed to Sewer Bypass."
17,Sewer Bypass,0.9651,E_coli_CFU_100mL,543920.0,4.8568,DO_mg_L,3.14,-0.5454,COD_mg_L,336.92,-0.4839,Sewer Bypass,SAFETY_OVERRIDE,True,WQ_HIGH_ECOLI|WQ_CRITICAL|ANOMALY_CLEAN|MODEL_HIGH_CONFIDENCE|ROUTE_SEWER|STORAGE_NORMAL|OVERRIDE_SAFETY_CRITICAL,"MODEL DECISION: Sewer Bypass (Confidence: 96.5%). MODEL EXPLANATION: SHAP indicates the primary model contributors were E_coli_CFU_100mL, DO_mg_L, COD_mg_L. SAFETY OVERRIDE: Although the ML model predicted Sewer Bypass, an independent critical water-quality condition triggered the highest-priority safety rule. Therefore, the final route was changed to Sewer Bypass."
18,Restricted Irrigation,0.9586,TSS_mg_L,58.6,1.1325,DO_mg_L,2.16,-1.1011,COD_mg_L,157.66,0.7942,Restricted Irrigation,ALLOW_ROUTE,False,WQ_ACCEPTABLE|ANOMALY_CLEAN|MODEL_HIGH_CONFIDENCE|ROUTE_IRRIGATION|STORAGE_NORMAL|WEATHER_FAVORABLE,"MODEL DECISION: Restricted Irrigation (Confidence: 95.9%). MODEL EXPLANATION: SHAP indicates the primary model contributors were TSS_mg_L, DO_mg_L, COD_mg_L. FINAL DECISION: Restricted Irrigation was approved with action 'ALLOW_ROUTE'. No safety, anomaly, meteorological, or storage overrides were triggered."
19,Bio-filtration,0.8955,TSS_mg_L,129.61,0.5591,DO_mg_L,0.79,-0.4639,COD_mg_L,401.83,0.3782,Bio-filtration,PROCEED_WITH_TREATMENT,False,WQ_HIGH_ECOLI|WQ_HIGH_BOD|WQ_HIGH_TURBIDITY|ANOMALY_CLEAN|MODEL_HIGH_CONFIDENCE|ROUTE_BIOFILTRATION|STORAGE_NORMAL|WEATHER_FAVORABLE,"MODEL DECISION: Bio-filtration (Confidence: 89.5%). MODEL EXPLANATION: SHAP indicates the primary model contributors were TSS_mg_L, DO_mg_L, COD_mg_L. FINAL DECISION: Bio-filtration was approved with action 'PROCEED_WITH_TREATMENT'. No safety, anomaly, meteorological, or storage overrides were triggered."
20,Bio-filtration,0.9982,Greywater_Source_Mixed,1.0,1.0356,E_coli_CFU_100mL,136438.0,0.5127,TSS_mg_L,60.93,-0.257,Bio-filtration,PROCEED_WITH_TREATMENT,False,WQ_HIGH_ECOLI|WQ_HIGH_BOD|ANOMALY_CLEAN|MODEL_HIGH_CONFIDENCE|ROUTE_BIOFILTRATION|STORAGE_NORMAL|WEATHER_FAVORABLE,"MODEL DECISION: Bio-filtration (Confidence: 99.8%). MODEL EXPLANATION: SHAP indicates the primary model contributors were Greywater_Source_Mixed, E_coli_CFU_100mL, TSS_mg_L. FINAL DECISION: Bio-filtration was approved with action 'PROCEED_WITH_TREATMENT'. No safety, anomaly, meteorological, or storage overrides were triggered."
21,Bio-filtration,0.9992,Greywater_Source_Mixed,1.0,0.8747,TSS_mg_L,103.02,0.5568,E_coli_CFU_100mL,76904.0,0.4486,Bio-filtration,PROCEED_WITH_TREATMENT,False,WQ_ACCEPTABLE|ANOMALY_CLEAN|MODEL_HIGH_CONFIDENCE|ROUTE_BIOFILTRATION|STORAGE_NORMAL|WEATHER_FAVORABLE,"MODEL DECISION: Bio-filtration (Confidence: 99.9%). MODEL EXPLANATION: SHAP indicates the primary model contributors were Greywater_Source_Mixed, TSS_mg_L, E_coli_CFU_100mL. FINAL DECISION: Bio-filtration was approved with action 'PROCEED_WITH_TREATMENT'. No safety, anomaly, meteorological, or storage overrides were triggered."
22,Sewer Bypass,0.9893,BOD_mg_L,452.5,2.4896,COD_mg_L,633.5,1.6578,DO_mg_L,0.98,0.4402,Sewer Bypass,SAFETY_OVERRIDE,True,WQ_HIGH_ECOLI|WQ_HIGH_COD|WQ_HIGH_BOD|WQ_HIGH_TURBIDITY|WQ_SEPTIC_RISK|WQ_CRITICAL|ANOMALY_CLEAN|MODEL_HIGH_CONFIDENCE|ROUTE_SEWER|STORAGE_NORMAL|OVERRIDE_SAFETY_CRITICAL,"MODEL DECISION: Sewer Bypass (Confidence: 98.9%). MODEL EXPLANATION: SHAP indicates the primary model contributors were BOD_mg_L, COD_mg_L, DO_mg_L. SAFETY OVERRIDE: Although the ML model predicted Sewer Bypass, an independent critical water-quality condition triggered the highest-priority safety rule. Therefore, the final route was changed to Sewer Bypass."
23,Bio-filtration,0.9985,Greywater_Source_Mixed,1.0,1.033,E_coli_CFU_100mL,151976.0,0.5066,BOD_mg_L,268.85,0.3048,Bio-filtration,PROCEED_WITH_TREATMENT,False,WQ_HIGH_ECOLI|WQ_HIGH_BOD|ANOMALY_CLEAN|MODEL_HIGH_CONFIDENCE|ROUTE_BIOFILTRATION|STORAGE_NORMAL|WEATHER_FAVORABLE,"MODEL DECISION: Bio-filtration (Confidence: 99.9%). MODEL EXPLANATION: SHAP indicates the primary model contributors were Greywater_Source_Mixed, E_coli_CFU_100mL, BOD_mg_L. FINAL DECISION: Bio-filtration was approved with action 'PROCEED_WITH_TREATMENT'. No safety, anomaly, meteorological, or storage overrides were triggered."
24,Bio-filtration,0.9874,TSS_mg_L,128.22,0.7494,Greywater_Source_Mixed,0.0,-0.2704,TUR_NTU,56.35,0.227,Bio-filtration,PROCEED_WITH_TREATMENT,False,WQ_ACCEPTABLE|ANOMALY_CLEAN|MODEL_HIGH_CONFIDENCE|ROUTE_BIOFILTRATION|STORAGE_NORMAL|WEATHER_FAVORABLE,"MODEL DECISION: Bio-filtration (Confidence: 98.7%). MODEL EXPLANATION: SHAP indicates the primary model contributors were TSS_mg_L, Greywater_Source_Mixed, TUR_NTU. FINAL DECISION: Bio-filtration was approved with action 'PROCEED_WITH_TREATMENT'. No safety, anomaly, meteorological, or storage overrides were triggered."
25,Bio-filtration,0.9989,Greywater_Source_Mixed,1.0,0.8529,TSS_mg_L,162.36,0.5443,E_coli_CFU_100mL,221645.0,0.4115,Bio-filtration,PROCEED_WITH_TREATMENT,False,WQ_HIGH_ECOLI|ANOMALY_CLEAN|MODEL_HIGH_CONFIDENCE|ROUTE_BIOFILTRATION|STORAGE_NORMAL|WEATHER_FAVORABLE,"MODEL DECISION: Bio-filtration (Confidence: 99.9%). MODEL EXPLANATION: SHAP indicates the primary model contributors were Greywater_Source_Mixed, TSS_mg_L, E_coli_CFU_100mL. FINAL DECISION: Bio-filtration was approved with action 'PROCEED_WITH_TREATMENT'. No safety, anomaly, meteorological, or storage overrides were triggered."
26,Bio-filtration,0.9983,Greywater_Source_Mixed,1.0,0.9029,TSS_mg_L,197.67,0.5917,BOD_mg_L,126.03,0.3507,Bio-filtration,PROCEED_WITH_TREATMENT,False,WQ_HIGH_TURBIDITY|ANOMALY_CLEAN|MODEL_HIGH_CONFIDENCE|ROUTE_BIOFILTRATION|STORAGE_NORMAL|WEATHER_FAVORABLE,"MODEL DECISION: Bio-filtration (Confidence: 99.8%). MODEL EXPLANATION: SHAP indicates the primary model contributors were Greywater_Source_Mixed, TSS_mg_L, BOD_mg_L. FINAL DECISION: Bio-filtration was approved with action 'PROCEED_WITH_TREATMENT'. No safety, anomaly, meteorological, or storage overrides were triggered."
27,Restricted Irrigation,0.9846,TSS_mg_L,15.63,1.0103,E_coli_CFU_100mL,10354.0,0.757,COD_mg_L,139.2,0.7525,Restricted Irrigation,ALLOW_ROUTE,False,WQ_ACCEPTABLE|ANOMALY_CLEAN|MODEL_HIGH_CONFIDENCE|ROUTE_IRRIGATION|STORAGE_NORMAL|WEATHER_FAVORABLE,"MODEL DECISION: Restricted Irrigation (Confidence: 98.5%). MODEL EXPLANATION: SHAP indicates the primary model contributors were TSS_mg_L, E_coli_CFU_100mL, COD_mg_L. FINAL DECISION: Restricted Irrigation was approved with action 'ALLOW_ROUTE'. No safety, anomaly, meteorological, or storage overrides were triggered."
28,Bio-filtration,0.9818,TSS_mg_L,141.58,0.6888,DO_mg_L,2.23,0.2655,Greywater_Source_Mixed,0.0,-0.2441,Bio-filtration,PROCEED_WITH_TREATMENT,False,WQ_HIGH_TURBIDITY|ANOMALY_CLEAN|MODEL_HIGH_CONFIDENCE|ROUTE_BIOFILTRATION|STORAGE_NORMAL|WEATHER_FAVORABLE,"MODEL DECISION: Bio-filtration (Confidence: 98.2%). MODEL EXPLANATION: SHAP indicates the primary model contributors were TSS_mg_L, DO_mg_L, Greywater_Source_Mixed. FINAL DECISION: Bio-filtration was approved with action 'PROCEED_WITH_TREATMENT'. No safety, anomaly, meteorological, or storage overrides were triggered."
29,Restricted Irrigation,0.9646,TSS_mg_L,76.65,1.0479,COD_mg_L,150.89,0.7667,E_coli_CFU_100mL,2689.0,0.7394,Restricted Irrigation,ALLOW_ROUTE,False,WQ_ACCEPTABLE|ANOMALY_CLEAN|MODEL_HIGH_CONFIDENCE|ROUTE_IRRIGATION|STORAGE_NORMAL|WEATHER_FAVORABLE,"MODEL DECISION: Restricted Irrigation (Confidence: 96.5%). MODEL EXPLANATION: SHAP indicates the primary model contributors were TSS_mg_L, COD_mg_L, E_coli_CFU_100mL. FINAL DECISION: Restricted Irrigation was approved with action 'ALLOW_ROUTE'. No safety, anomaly, meteorological, or storage overrides were triggered."
30,Bio-filtration,0.9765,TSS_mg_L,93.41,0.7223,Greywater_Source_Mixed,0.0,-0.2756,DO_mg_L,3.2,0.1771,Bio-filtration,PROCEED_WITH_TREATMENT,False,WQ_ACCEPTABLE|ANOMALY_CLEAN|MODEL_HIGH_CONFIDENCE|ROUTE_BIOFILTRATION|STORAGE_NORMAL|WEATHER_FAVORABLE,"MODEL DECISION: Bio-filtration (Confidence: 97.7%). MODEL EXPLANATION: SHAP indicates the primary model contributors were TSS_mg_L, Greywater_Source_Mixed, DO_mg_L. FINAL DECISION: Bio-filtration was approved with action 'PROCEED_WITH_TREATMENT'. No safety, anomaly, meteorological, or storage overrides were triggered."
31,Bio-filtration,0.9503,E_coli_CFU_100mL,197716.0,0.5097,TSS_mg_L,58.87,-0.3776,Greywater_Source_Mixed,0.0,-0.3288,Bio-filtration,PROCEED_WITH_TREATMENT,False,WQ_HIGH_ECOLI|WQ_HIGH_COD|WQ_HIGH_BOD|ANOMALY_CLEAN|MODEL_HIGH_CONFIDENCE|ROUTE_BIOFILTRATION|STORAGE_NORMAL|WEATHER_FAVORABLE,"MODEL DECISION: Bio-filtration (Confidence: 95.0%). MODEL EXPLANATION: SHAP indicates the primary model contributors were E_coli_CFU_100mL, TSS_mg_L, Greywater_Source_Mixed. FINAL DECISION: Bio-filtration was approved with action 'PROCEED_WITH_TREATMENT'. No safety, anomaly, meteorological, or storage overrides were triggered."
32,Bio-filtration,0.9992,Greywater_Source_Mixed,1.0,0.8611,TSS_mg_L,118.62,0.5474,E_coli_CFU_100mL,165241.0,0.4058,Bio-filtration,PROCEED_WITH_TREATMENT,False,WQ_HIGH_ECOLI|ANOMALY_CLEAN|MODEL_HIGH_CONFIDENCE|ROUTE_BIOFILTRATION|STORAGE_NORMAL|WEATHER_FAVORABLE,"MODEL DECISION: Bio-filtration (Confidence: 99.9%). MODEL EXPLANATION: SHAP indicates the primary model contributors were Greywater_Source_Mixed, TSS_mg_L, E_coli_CFU_100mL. FINAL DECISION: Bio-filtration was approved with action 'PROCEED_WITH_TREATMENT'. No safety, anomaly, meteorological, or storage overrides were triggered."
33,Sewer Bypass,0.9945,DO_mg_L,0.54,3.011,COD_mg_L,799.51,2.1873,E_coli_CFU_100mL,42731.0,-0.264,Sewer Bypass,SAFETY_OVERRIDE,True,WQ_HIGH_COD|WQ_HIGH_BOD|WQ_SEPTIC_RISK|WQ_CRITICAL|ANOMALY_CLEAN|MODEL_HIGH_CONFIDENCE|ROUTE_SEWER|STORAGE_NORMAL|OVERRIDE_SAFETY_CRITICAL,"MODEL DECISION: Sewer Bypass (Confidence: 99.5%). MODEL EXPLANATION: SHAP indicates the primary model contributors were DO_mg_L, COD_mg_L, E_coli_CFU_100mL. SAFETY OVERRIDE: Although the ML model predicted Sewer Bypass, an independent critical water-quality condition triggered the highest-priority safety rule. Therefore, the final route was changed to Sewer Bypass."
34,Restricted Irrigation,0.9889,TSS_mg_L,71.27,1.1196,E_coli_CFU_100mL,27506.0,0.8407,COD_mg_L,177.23,0.7666,Restricted Irrigation,ALLOW_ROUTE,False,WQ_ACCEPTABLE|ANOMALY_CLEAN|MODEL_HIGH_CONFIDENCE|ROUTE_IRRIGATION|STORAGE_NORMAL|WEATHER_FAVORABLE,"MODEL DECISION: Restricted Irrigation (Confidence: 98.9%). MODEL EXPLANATION: SHAP indicates the primary model contributors were TSS_mg_L, E_coli_CFU_100mL, COD_mg_L. FINAL DECISION: Restricted Irrigation was approved with action 'ALLOW_ROUTE'. No safety, anomaly, meteorological, or storage overrides were triggered."
35,Restricted Irrigation,0.9917,TSS_mg_L,23.11,1.1885,E_coli_CFU_100mL,17408.0,0.8075,Greywater_Source_Bathroom,1.0,0.7922,Restricted Irrigation,ALLOW_ROUTE,False,WQ_ACCEPTABLE|ANOMALY_CLEAN|MODEL_HIGH_CONFIDENCE|ROUTE_IRRIGATION|STORAGE_NORMAL|WEATHER_FAVORABLE,"MODEL DECISION: Restricted Irrigation (Confidence: 99.2%). MODEL EXPLANATION: SHAP indicates the primary model contributors were TSS_mg_L, E_coli_CFU_100mL, Greywater_Source_Bathroom. FINAL DECISION: Restricted Irrigation was approved with action 'ALLOW_ROUTE'. No safety, anomaly, meteorological, or storage overrides were triggered."
36,Bio-filtration,0.9987,Greywater_Source_Mixed,1.0,0.9855,E_coli_CFU_100mL,107595.0,0.4202,BOD_mg_L,231.94,0.3215,Bio-filtration,PROCEED_WITH_TREATMENT,False,WQ_HIGH_ECOLI|ANOMALY_CLEAN|MODEL_HIGH_CONFIDENCE|ROUTE_BIOFILTRATION|STORAGE_NORMAL|WEATHER_FAVORABLE,"MODEL DECISION: Bio-filtration (Confidence: 99.9%). MODEL EXPLANATION: SHAP indicates the primary model contributors were Greywater_Source_Mixed, E_coli_CFU_100mL, BOD_mg_L. FINAL DECISION: Bio-filtration was approved with action 'PROCEED_WITH_TREATMENT'. No safety, anomaly, meteorological, or storage overrides were triggered."
37,Restricted Irrigation,0.9844,TSS_mg_L,73.93,1.106,COD_mg_L,142.86,0.7827,E_coli_CFU_100mL,5427.0,0.7731,Restricted Irrigation,ALLOW_ROUTE,False,WQ_ACCEPTABLE|ANOMALY_CLEAN|MODEL_HIGH_CONFIDENCE|ROUTE_IRRIGATION|STORAGE_NORMAL|WEATHER_FAVORABLE,"MODEL DECISION: Restricted Irrigation (Confidence: 98.4%). MODEL EXPLANATION: SHAP indicates the primary model contributors were TSS_mg_L, COD_mg_L, E_coli_CFU_100mL. FINAL DECISION: Restricted Irrigation was approved with action 'ALLOW_ROUTE'. No safety, anomaly, meteorological, or storage overrides were triggered."
38,Bio-filtration,0.9656,E_coli_CFU_100mL,96261.0,0.6158,TSS_mg_L,55.52,-0.4386,Greywater_Source_Mixed,0.0,-0.3152,Bio-filtration,PROCEED_WITH_TREATMENT,False,WQ_ACCEPTABLE|ANOMALY_CLEAN|MODEL_HIGH_CONFIDENCE|ROUTE_BIOFILTRATION|STORAGE_NORMAL|WEATHER_FAVORABLE,"MODEL DECISION: Bio-filtration (Confidence: 96.6%). MODEL EXPLANATION: SHAP indicates the primary model contributors were E_coli_CFU_100mL, TSS_mg_L, Greywater_Source_Mixed. FINAL DECISION: Bio-filtration was approved with action 'PROCEED_WITH_TREATMENT'. No safety, anomaly, meteorological, or storage overrides were triggered."
39,Bio-filtration,0.9425,BOD_mg_L,255.03,0.3666,DO_mg_L,1.23,0.3209,Greywater_Source_Mixed,0.0,-0.2892,Bio-filtration,PROCEED_WITH_TREATMENT,False,WQ_HIGH_COD|WQ_HIGH_BOD|ANOMALY_CLEAN|MODEL_HIGH_CONFIDENCE|ROUTE_BIOFILTRATION|STORAGE_NORMAL|WEATHER_FAVORABLE,"MODEL DECISION: Bio-filtration (Confidence: 94.2%). MODEL EXPLANATION: SHAP indicates the primary model contributors were BOD_mg_L, DO_mg_L, Greywater_Source_Mixed. FINAL DECISION: Bio-filtration was approved with action 'PROCEED_WITH_TREATMENT'. No safety, anomaly, meteorological, or storage overrides were triggered."
40,Bio-filtration,0.9941,TSS_mg_L,104.9,0.7004,Greywater_Source_Mixed,0.0,-0.2624,E_coli_CFU_100mL,71193.0,0.2413,Bio-filtration,PROCEED_WITH_TREATMENT,False,WQ_ACCEPTABLE|ANOMALY_CLEAN|MODEL_HIGH_CONFIDENCE|ROUTE_BIOFILTRATION|STORAGE_NORMAL|WEATHER_FAVORABLE,"MODEL DECISION: Bio-filtration (Confidence: 99.4%). MODEL EXPLANATION: SHAP indicates the primary model contributors were TSS_mg_L, Greywater_Source_Mixed, E_coli_CFU_100mL. FINAL DECISION: Bio-filtration was approved with action 'PROCEED_WITH_TREATMENT'. No safety, anomaly, meteorological, or storage overrides were triggered."
41,Bio-filtration,0.999,Greywater_Source_Mixed,1.0,0.9076,TSS_mg_L,107.77,0.6077,BOD_mg_L,153.56,0.3561,Bio-filtration,PROCEED_WITH_TREATMENT,False,WQ_ACCEPTABLE|ANOMALY_CLEAN|MODEL_HIGH_CONFIDENCE|ROUTE_BIOFILTRATION|STORAGE_NORMAL|WEATHER_FAVORABLE,"MODEL DECISION: Bio-filtration (Confidence: 99.9%). MODEL EXPLANATION: SHAP indicates the primary model contributors were Greywater_Source_Mixed, TSS_mg_L, BOD_mg_L. FINAL DECISION: Bio-filtration was approved with action 'PROCEED_WITH_TREATMENT'. No safety, anomaly, meteorological, or storage overrides were triggered."
42,Restricted Irrigation,0.9716,TSS_mg_L,22.9,1.1814,E_coli_CFU_100mL,11176.0,0.7491,COD_mg_L,149.4,0.7338,Restricted Irrigation,ALLOW_ROUTE,False,WQ_ACCEPTABLE|ANOMALY_CLEAN|MODEL_HIGH_CONFIDENCE|ROUTE_IRRIGATION|STORAGE_NORMAL|WEATHER_FAVORABLE,"MODEL DECISION: Restricted Irrigation (Confidence: 97.2%). MODEL EXPLANATION: SHAP indicates the primary model contributors were TSS_mg_L, E_coli_CFU_100mL, COD_mg_L. FINAL DECISION: Restricted Irrigation was approved with action 'ALLOW_ROUTE'. No safety, anomaly, meteorological, or storage overrides were triggered."
43,Bio-filtration,0.9985,Greywater_Source_Mixed,1.0,0.8981,TSS_mg_L,192.96,0.57,BOD_mg_L,241.08,0.3452,Bio-filtration,PROCEED_WITH_TREATMENT,False,WQ_HIGH_TURBIDITY|ANOMALY_CLEAN|MODEL_HIGH_CONFIDENCE|ROUTE_BIOFILTRATION|STORAGE_NORMAL|WEATHER_FAVORABLE,"MODEL DECISION: Bio-filtration (Confidence: 99.9%). MODEL EXPLANATION: SHAP indicates the primary model contributors were Greywater_Source_Mixed, TSS_mg_L, BOD_mg_L. FINAL DECISION: Bio-filtration was approved with action 'PROCEED_WITH_TREATMENT'. No safety, anomaly, meteorological, or storage overrides were triggered."
44,Restricted Irrigation,0.9406,TSS_mg_L,81.67,1.0181,Greywater_Source_Bathroom,1.0,0.8442,E_coli_CFU_100mL,50339.0,0.799,Restricted Irrigation,ALLOW_ROUTE,False,WQ_ACCEPTABLE|ANOMALY_CLEAN|MODEL_HIGH_CONFIDENCE|ROUTE_IRRIGATION|STORAGE_NORMAL|WEATHER_FAVORABLE,"MODEL DECISION: Restricted Irrigation (Confidence: 94.1%). MODEL EXPLANATION: SHAP indicates the primary model contributors were TSS_mg_L, Greywater_Source_Bathroom, E_coli_CFU_100mL. FINAL DECISION: Restricted Irrigation was approved with action 'ALLOW_ROUTE'. No safety, anomaly, meteorological, or storage overrides were triggered."
45,Bio-filtration,0.9995,Greywater_Source_Mixed,1.0,0.8655,TSS_mg_L,97.38,0.5492,E_coli_CFU_100mL,151656.0,0.4056,Bio-filtration,PROCEED_WITH_TREATMENT,False,WQ_HIGH_ECOLI|ANOMALY_CLEAN|MODEL_HIGH_CONFIDENCE|ROUTE_BIOFILTRATION|STORAGE_NORMAL|WEATHER_FAVORABLE,"MODEL DECISION: Bio-filtration (Confidence: 100.0%). MODEL EXPLANATION: SHAP indicates the primary model contributors were Greywater_Source_Mixed, TSS_mg_L, E_coli_CFU_100mL. FINAL DECISION: Bio-filtration was approved with action 'PROCEED_WITH_TREATMENT'. No safety, anomaly, meteorological, or storage overrides were triggered."
46,Bio-filtration,0.9945,Greywater_Source_Mixed,1.0,0.9838,E_coli_CFU_100mL,479866.0,0.3565,BOD_mg_L,166.86,0.3011,Bio-filtration,PROCEED_WITH_TREATMENT,False,WQ_HIGH_ECOLI|ANOMALY_CLEAN|MODEL_HIGH_CONFIDENCE|ROUTE_BIOFILTRATION|STORAGE_NORMAL|WEATHER_FAVORABLE,"MODEL DECISION: Bio-filtration (Confidence: 99.5%). MODEL EXPLANATION: SHAP indicates the primary model contributors were Greywater_Source_Mixed, E_coli_CFU_100mL, BOD_mg_L. FINAL DECISION: Bio-filtration was approved with action 'PROCEED_WITH_TREATMENT'. No safety, anomaly, meteorological, or storage overrides were triggered."
47,Bio-filtration,0.9967,TSS_mg_L,110.57,0.6613,E_coli_CFU_100mL,175168.0,0.3838,BOD_mg_L,285.85,0.3109,Bio-filtration,PROCEED_WITH_TREATMENT,False,WQ_HIGH_ECOLI|WQ_HIGH_COD|WQ_HIGH_BOD|ANOMALY_CLEAN|MODEL_HIGH_CONFIDENCE|ROUTE_BIOFILTRATION|STORAGE_NORMAL|WEATHER_FAVORABLE,"MODEL DECISION: Bio-filtration (Confidence: 99.7%). MODEL EXPLANATION: SHAP indicates the primary model contributors were TSS_mg_L, E_coli_CFU_100mL, BOD_mg_L. FINAL DECISION: Bio-filtration was approved with action 'PROCEED_WITH_TREATMENT'. No safety, anomaly, meteorological, or storage overrides were triggered."
48,Sewer Bypass,0.9994,DO_mg_L,0.34,2.4583,COD_mg_L,708.93,2.2091,TDS_mg_L,859.13,0.9977,Sewer Bypass,SAFETY_OVERRIDE,True,WQ_HIGH_ECOLI|WQ_HIGH_COD|WQ_HIGH_TURBIDITY|WQ_HIGH_TDS|WQ_SEPTIC_RISK|WQ_CRITICAL|ANOMALY_CLEAN|MODEL_HIGH_CONFIDENCE|ROUTE_SEWER|STORAGE_NORMAL|OVERRIDE_SAFETY_CRITICAL,"MODEL DECISION: Sewer Bypass (Confidence: 99.9%). MODEL EXPLANATION: SHAP indicates the primary model contributors were DO_mg_L, COD_mg_L, TDS_mg_L. SAFETY OVERRIDE: Although the ML model predicted Sewer Bypass, an independent critical water-quality condition triggered the highest-priority safety rule. Therefore, the final route was changed to Sewer Bypass."
49,Bio-filtration,0.9994,Greywater_Source_Mixed,1.0,0.8768,TSS_mg_L,170.09,0.5624,E_coli_CFU_100mL,75651.0,0.38,Bio-filtration,PROCEED_WITH_TREATMENT,False,WQ_HIGH_TURBIDITY|ANOMALY_CLEAN|MODEL_HIGH_CONFIDENCE|ROUTE_BIOFILTRATION|STORAGE_NORMAL|WEATHER_FAVORABLE,"MODEL DECISION: Bio-filtration (Confidence: 99.9%). MODEL EXPLANATION: SHAP indicates the primary model contributors were Greywater_Source_Mixed, TSS_mg_L, E_coli_CFU_100mL. FINAL DECISION: Bio-filtration was approved with action 'PROCEED_WITH_TREATMENT'. No safety, anomaly, meteorological, or storage overrides were triggered."
50,Bio-filtration,0.9985,Greywater_Source_Mixed,1.0,0.8523,TSS_mg_L,214.4,0.5591,TUR_NTU,83.1,0.2407,Bio-filtration,PROCEED_WITH_TREATMENT,False,WQ_HIGH_TURBIDITY|ANOMALY_CLEAN|MODEL_HIGH_CONFIDENCE|ROUTE_BIOFILTRATION|STORAGE_NORMAL|WEATHER_FAVORABLE,"MODEL DECISION: Bio-filtration (Confidence: 99.9%). MODEL EXPLANATION: SHAP indicates the primary model contributors were Greywater_Source_Mixed, TSS_mg_L, TUR_NTU. FINAL DECISION: Bio-filtration was approved with action 'PROCEED_WITH_TREATMENT'. No safety, anomaly, meteorological, or storage overrides were triggered."
51,Restricted Irrigation,0.9939,TSS_mg_L,30.08,1.1687,E_coli_CFU_100mL,17926.0,0.8074,COD_mg_L,133.03,0.7875,Restricted Irrigation,ALLOW_ROUTE,False,WQ_ACCEPTABLE|ANOMALY_CLEAN|MODEL_HIGH_CONFIDENCE|ROUTE_IRRIGATION|STORAGE_NORMAL|WEATHER_FAVORABLE,"MODEL DECISION: Restricted Irrigation (Confidence: 99.4%). MODEL EXPLANATION: SHAP indicates the primary model contributors were TSS_mg_L, E_coli_CFU_100mL, COD_mg_L. FINAL DECISION: Restricted Irrigation was approved with action 'ALLOW_ROUTE'. No safety, anomaly, meteorological, or storage overrides were triggered."
52,Bio-filtration,0.9318,DO_mg_L,1.96,0.4029,E_coli_CFU_100mL,233317.0,0.3742,BOD_mg_L,247.12,0.3281,Bio-filtration,PROCEED_WITH_TREATMENT,False,WQ_HIGH_ECOLI|WQ_HIGH_COD|WQ_HIGH_TURBIDITY|ANOMALY_CLEAN|MODEL_HIGH_CONFIDENCE|ROUTE_BIOFILTRATION|STORAGE_NORMAL|WEATHER_FAVORABLE,"MODEL DECISION: Bio-filtration (Confidence: 93.2%). MODEL EXPLANATION: SHAP indicates the primary model contributors were DO_mg_L, E_coli_CFU_100mL, BOD_mg_L. FINAL DECISION: Bio-filtration was approved with action 'PROCEED_WITH_TREATMENT'. No safety, anomaly, meteorological, or storage overrides were triggered."
53,Bio-filtration,0.9961,TSS_mg_L,171.23,0.6527,BOD_mg_L,273.79,0.3425,Greywater_Source_Mixed,0.0,-0.2413,Bio-filtration,PROCEED_WITH_TREATMENT,False,WQ_HIGH_BOD|ANOMALY_CLEAN|MODEL_HIGH_CONFIDENCE|ROUTE_BIOFILTRATION|STORAGE_NORMAL|WEATHER_FAVORABLE,"MODEL DECISION: Bio-filtration (Confidence: 99.6%). MODEL EXPLANATION: SHAP indicates the primary model contributors were TSS_mg_L, BOD_mg_L, Greywater_Source_Mixed. FINAL DECISION: Bio-filtration was approved with action 'PROCEED_WITH_TREATMENT'. No safety, anomaly, meteorological, or storage overrides were triggered."
54,Bio-filtration,0.9819,Greywater_Source_Mixed,0.0,-0.2906,TUR_NTU,78.38,0.2391,DO_mg_L,3.12,0.1781,Bio-filtration,PROCEED_WITH_TREATMENT,False,WQ_ACCEPTABLE|ANOMALY_CLEAN|MODEL_HIGH_CONFIDENCE|ROUTE_BIOFILTRATION|STORAGE_NORMAL|WEATHER_FAVORABLE,"MODEL DECISION: Bio-filtration (Confidence: 98.2%). MODEL EXPLANATION: SHAP indicates the primary model contributors were Greywater_Source_Mixed, TUR_NTU, DO_mg_L. FINAL DECISION: Bio-filtration was approved with action 'PROCEED_WITH_TREATMENT'. No safety, anomaly, meteorological, or storage overrides were triggered."
55,Bio-filtration,0.999,Greywater_Source_Mixed,1.0,0.8686,TSS_mg_L,91.03,0.5539,BOD_mg_L,153.52,0.3511,Bio-filtration,PROCEED_WITH_TREATMENT,False,WQ_ACCEPTABLE|ANOMALY_CLEAN|MODEL_HIGH_CONFIDENCE|ROUTE_BIOFILTRATION|STORAGE_NORMAL|WEATHER_FAVORABLE,"MODEL DECISION: Bio-filtration (Confidence: 99.9%). MODEL EXPLANATION: SHAP indicates the primary model contributors were Greywater_Source_Mixed, TSS_mg_L, BOD_mg_L. FINAL DECISION: Bio-filtration was approved with action 'PROCEED_WITH_TREATMENT'. No safety, anomaly, meteorological, or storage overrides were triggered."
56,Sewer Bypass,1.0,DO_mg_L,0.3,2.0559,COD_mg_L,609.22,1.4399,TUR_NTU,166.72,1.1869,Sewer Bypass,SAFETY_OVERRIDE,True,WQ_HIGH_COD|WQ_HIGH_BOD|WQ_HIGH_TURBIDITY|WQ_HIGH_SALINITY|WQ_SEPTIC_RISK|WQ_CRITICAL|ANOMALY_CLEAN|MODEL_HIGH_CONFIDENCE|ROUTE_SEWER|STORAGE_NORMAL|OVERRIDE_SAFETY_CRITICAL,"MODEL DECISION: Sewer Bypass (Confidence: 100.0%). MODEL EXPLANATION: SHAP indicates the primary model contributors were DO_mg_L, COD_mg_L, TUR_NTU. SAFETY OVERRIDE: Although the ML model predicted Sewer Bypass, an independent critical water-quality condition triggered the highest-priority safety rule. Therefore, the final route was changed to Sewer Bypass."
57,Sewer Bypass,1.0,TSS_mg_L,350.0,2.1384,DO_mg_L,0.3,1.8016,COD_mg_L,801.39,1.2623,Sewer Bypass,SAFETY_OVERRIDE,True,WQ_HIGH_ECOLI|WQ_HIGH_COD|WQ_HIGH_BOD|WQ_HIGH_TURBIDITY|WQ_HIGH_TSS|WQ_SEPTIC_RISK|WQ_CRITICAL|ANOMALY_CLEAN|MODEL_HIGH_CONFIDENCE|ROUTE_SEWER|STORAGE_NORMAL|OVERRIDE_SAFETY_CRITICAL,"MODEL DECISION: Sewer Bypass (Confidence: 100.0%). MODEL EXPLANATION: SHAP indicates the primary model contributors were TSS_mg_L, DO_mg_L, COD_mg_L. SAFETY OVERRIDE: Although the ML model predicted Sewer Bypass, an independent critical water-quality condition triggered the highest-priority safety rule. Therefore, the final route was changed to Sewer Bypass."
58,Bio-filtration,0.9932,Greywater_Source_Mixed,1.0,0.9231,E_coli_CFU_100mL,214432.0,0.4574,TSS_mg_L,87.91,0.2214,Bio-filtration,PROCEED_WITH_TREATMENT,False,WQ_HIGH_ECOLI|WQ_HIGH_COD|ANOMALY_CLEAN|MODEL_HIGH_CONFIDENCE|ROUTE_BIOFILTRATION|STORAGE_NORMAL|WEATHER_FAVORABLE,"MODEL DECISION: Bio-filtration (Confidence: 99.3%). MODEL EXPLANATION: SHAP indicates the primary model contributors were Greywater_Source_Mixed, E_coli_CFU_100mL, TSS_mg_L. FINAL DECISION: Bio-filtration was approved with action 'PROCEED_WITH_TREATMENT'. No safety, anomaly, meteorological, or storage overrides were triggered."
59,Restricted Irrigation,0.9905,TSS_mg_L,23.01,1.1806,Greywater_Source_Bathroom,1.0,0.8223,E_coli_CFU_100mL,15931.0,0.7754,Restricted Irrigation,ALLOW_ROUTE,False,WQ_ACCEPTABLE|ANOMALY_CLEAN|MODEL_HIGH_CONFIDENCE|ROUTE_IRRIGATION|STORAGE_NORMAL|WEATHER_FAVORABLE,"MODEL DECISION: Restricted Irrigation (Confidence: 99.1%). MODEL EXPLANATION: SHAP indicates the primary model contributors were TSS_mg_L, Greywater_Source_Bathroom, E_coli_CFU_100mL. FINAL DECISION: Restricted Irrigation was approved with action 'ALLOW_ROUTE'. No safety, anomaly, meteorological, or storage overrides were triggered."
60,Restricted Irrigation,0.9852,TSS_mg_L,64.98,1.1849,COD_mg_L,141.7,0.7684,E_coli_CFU_100mL,5822.0,0.7397,Restricted Irrigation,ALLOW_ROUTE,False,WQ_ACCEPTABLE|ANOMALY_CLEAN|MODEL_HIGH_CONFIDENCE|ROUTE_IRRIGATION|STORAGE_NORMAL|WEATHER_FAVORABLE,"MODEL DECISION: Restricted Irrigation (Confidence: 98.5%). MODEL EXPLANATION: SHAP indicates the primary model contributors were TSS_mg_L, COD_mg_L, E_coli_CFU_100mL. FINAL DECISION: Restricted Irrigation was approved with action 'ALLOW_ROUTE'. No safety, anomaly, meteorological, or storage overrides were triggered."
61,Sewer Bypass,0.9347,TSS_mg_L,261.74,4.0694,DO_mg_L,1.49,-0.545,COD_mg_L,406.65,-0.4942,Sewer Bypass,SAFETY_OVERRIDE,True,WQ_HIGH_TURBIDITY|WQ_HIGH_TSS|WQ_CRITICAL|ANOMALY_CLEAN|MODEL_HIGH_CONFIDENCE|ROUTE_SEWER|STORAGE_NORMAL|OVERRIDE_SAFETY_CRITICAL,"MODEL DECISION: Sewer Bypass (Confidence: 93.5%). MODEL EXPLANATION: SHAP indicates the primary model contributors were TSS_mg_L, DO_mg_L, COD_mg_L. SAFETY OVERRIDE: Although the ML model predicted Sewer Bypass, an independent critical water-quality condition triggered the highest-priority safety rule. Therefore, the final route was changed to Sewer Bypass."
62,Bio-filtration,0.9627,E_coli_CFU_100mL,143961.0,0.6181,TSS_mg_L,46.7,-0.4445,Greywater_Source_Mixed,0.0,-0.3235,Bio-filtration,PROCEED_WITH_TREATMENT,False,WQ_HIGH_ECOLI|ANOMALY_CLEAN|MODEL_HIGH_CONFIDENCE|ROUTE_BIOFILTRATION|STORAGE_NORMAL|WEATHER_FAVORABLE,"MODEL DECISION: Bio-filtration (Confidence: 96.3%). MODEL EXPLANATION: SHAP indicates the primary model contributors were E_coli_CFU_100mL, TSS_mg_L, Greywater_Source_Mixed. FINAL DECISION: Bio-filtration was approved with action 'PROCEED_WITH_TREATMENT'. No safety, anomaly, meteorological, or storage overrides were triggered."
63,Sewer Bypass,0.9993,TSS_mg_L,284.6,2.8077,TUR_NTU,163.27,1.8247,DO_mg_L,1.28,-0.5294,Sewer Bypass,SAFETY_OVERRIDE,True,WQ_HIGH_COD|WQ_HIGH_BOD|WQ_HIGH_TURBIDITY|WQ_HIGH_TSS|WQ_CRITICAL|ANOMALY_CLEAN|MODEL_HIGH_CONFIDENCE|ROUTE_SEWER|STORAGE_NORMAL|OVERRIDE_SAFETY_CRITICAL,"MODEL DECISION: Sewer Bypass (Confidence: 99.9%). MODEL EXPLANATION: SHAP indicates the primary model contributors were TSS_mg_L, TUR_NTU, DO_mg_L. SAFETY OVERRIDE: Although the ML model predicted Sewer Bypass, an independent critical water-quality condition triggered the highest-priority safety rule. Therefore, the final route was changed to Sewer Bypass."
64,Sewer Bypass,0.9993,TSS_mg_L,350.0,3.2233,TUR_NTU,177.31,1.8829,DO_mg_L,1.19,-0.5966,Sewer Bypass,SAFETY_OVERRIDE,True,WQ_HIGH_ECOLI|WQ_HIGH_COD|WQ_HIGH_BOD|WQ_HIGH_TURBIDITY|WQ_HIGH_TSS|WQ_CRITICAL|ANOMALY_CLEAN|MODEL_HIGH_CONFIDENCE|ROUTE_SEWER|STORAGE_NORMAL|OVERRIDE_SAFETY_CRITICAL,"MODEL DECISION: Sewer Bypass (Confidence: 99.9%). MODEL EXPLANATION: SHAP indicates the primary model contributors were TSS_mg_L, TUR_NTU, DO_mg_L. SAFETY OVERRIDE: Although the ML model predicted Sewer Bypass, an independent critical water-quality condition triggered the highest-priority safety rule. Therefore, the final route was changed to Sewer Bypass."
65,Bio-filtration,0.9719,E_coli_CFU_100mL,101485.0,0.6044,TSS_mg_L,56.78,-0.4465,Greywater_Source_Mixed,0.0,-0.3183,Bio-filtration,PROCEED_WITH_TREATMENT,False,WQ_HIGH_ECOLI|ANOMALY_CLEAN|MODEL_HIGH_CONFIDENCE|ROUTE_BIOFILTRATION|STORAGE_NORMAL|WEATHER_FAVORABLE,"MODEL DECISION: Bio-filtration (Confidence: 97.2%). MODEL EXPLANATION: SHAP indicates the primary model contributors were E_coli_CFU_100mL, TSS_mg_L, Greywater_Source_Mixed. FINAL DECISION: Bio-filtration was approved with action 'PROCEED_WITH_TREATMENT'. No safety, anomaly, meteorological, or storage overrides were triggered."
66,Sewer Bypass,0.9927,DO_mg_L,0.32,2.8801,COD_mg_L,838.43,2.3721,BOD_mg_L,251.64,-0.4577,Sewer Bypass,SAFETY_OVERRIDE,True,WQ_HIGH_ECOLI|WQ_EXTREME_PH|WQ_HIGH_COD|WQ_HIGH_BOD|WQ_SEPTIC_RISK|WQ_CRITICAL|ANOMALY_CLEAN|MODEL_HIGH_CONFIDENCE|ROUTE_SEWER|STORAGE_NORMAL|OVERRIDE_SAFETY_CRITICAL,"MODEL DECISION: Sewer Bypass (Confidence: 99.3%). MODEL EXPLANATION: SHAP indicates the primary model contributors were DO_mg_L, COD_mg_L, BOD_mg_L. SAFETY OVERRIDE: Although the ML model predicted Sewer Bypass, an independent critical water-quality condition triggered the highest-priority safety rule. Therefore, the final route was changed to Sewer Bypass."
67,Bio-filtration,0.9187,Greywater_Source_Mixed,1.0,1.0747,BOD_mg_L,168.98,0.3588,TSS_mg_L,40.74,-0.353,Bio-filtration,PROCEED_WITH_TREATMENT,False,WQ_ACCEPTABLE|ANOMALY_CLEAN|MODEL_HIGH_CONFIDENCE|ROUTE_BIOFILTRATION|STORAGE_NORMAL|WEATHER_FAVORABLE,"MODEL DECISION: Bio-filtration (Confidence: 91.9%). MODEL EXPLANATION: SHAP indicates the primary model contributors were Greywater_Source_Mixed, BOD_mg_L, TSS_mg_L. FINAL DECISION: Bio-filtration was approved with action 'PROCEED_WITH_TREATMENT'. No safety, anomaly, meteorological, or storage overrides were triggered."
68,Sewer Bypass,0.9999,DO_mg_L,0.38,2.241,COD_mg_L,922.33,2.1451,BOD_mg_L,392.4,1.2523,Sewer Bypass,SAFETY_OVERRIDE,True,WQ_HIGH_ECOLI|WQ_HIGH_COD|WQ_HIGH_BOD|WQ_SEPTIC_RISK|WQ_CRITICAL|ANOMALY_CLEAN|MODEL_HIGH_CONFIDENCE|ROUTE_SEWER|STORAGE_NORMAL|OVERRIDE_SAFETY_CRITICAL,"MODEL DECISION: Sewer Bypass (Confidence: 100.0%). MODEL EXPLANATION: SHAP indicates the primary model contributors were DO_mg_L, COD_mg_L, BOD_mg_L. SAFETY OVERRIDE: Although the ML model predicted Sewer Bypass, an independent critical water-quality condition triggered the highest-priority safety rule. Therefore, the final route was changed to Sewer Bypass."
69,Sewer Bypass,0.8549,E_coli_CFU_100mL,638758.0,3.7176,DO_mg_L,2.17,-0.757,TSS_mg_L,175.63,-0.232,Sewer Bypass,SAFETY_OVERRIDE,True,WQ_HIGH_ECOLI|WQ_HIGH_COD|WQ_HIGH_BOD|WQ_HIGH_TURBIDITY|WQ_CRITICAL|ANOMALY_CLEAN|MODEL_HIGH_CONFIDENCE|ROUTE_SEWER|STORAGE_NORMAL|OVERRIDE_SAFETY_CRITICAL,"MODEL DECISION: Sewer Bypass (Confidence: 85.5%). MODEL EXPLANATION: SHAP indicates the primary model contributors were E_coli_CFU_100mL, DO_mg_L, TSS_mg_L. SAFETY OVERRIDE: Although the ML model predicted Sewer Bypass, an independent critical water-quality condition triggered the highest-priority safety rule. Therefore, the final route was changed to Sewer Bypass."
70,Bio-filtration,0.9989,TSS_mg_L,105.78,0.6745,E_coli_CFU_100mL,75686.0,0.3561,BOD_mg_L,257.55,0.3346,Bio-filtration,PROCEED_WITH_TREATMENT,False,WQ_HIGH_BOD|ANOMALY_CLEAN|MODEL_HIGH_CONFIDENCE|ROUTE_BIOFILTRATION|STORAGE_NORMAL|WEATHER_FAVORABLE,"MODEL DECISION: Bio-filtration (Confidence: 99.9%). MODEL EXPLANATION: SHAP indicates the primary model contributors were TSS_mg_L, E_coli_CFU_100mL, BOD_mg_L. FINAL DECISION: Bio-filtration was approved with action 'PROCEED_WITH_TREATMENT'. No safety, anomaly, meteorological, or storage overrides were triggered."
71,Bio-filtration,0.9994,Greywater_Source_Mixed,1.0,0.8368,TSS_mg_L,133.6,0.579,E_coli_CFU_100mL,182058.0,0.4093,Bio-filtration,PROCEED_WITH_TREATMENT,False,WQ_HIGH_ECOLI|ANOMALY_CLEAN|MODEL_HIGH_CONFIDENCE|ROUTE_BIOFILTRATION|STORAGE_NORMAL|WEATHER_FAVORABLE,"MODEL DECISION: Bio-filtration (Confidence: 99.9%). MODEL EXPLANATION: SHAP indicates the primary model contributors were Greywater_Source_Mixed, TSS_mg_L, E_coli_CFU_100mL. FINAL DECISION: Bio-filtration was approved with action 'PROCEED_WITH_TREATMENT'. No safety, anomaly, meteorological, or storage overrides were triggered."
72,Bio-filtration,0.9977,TSS_mg_L,128.21,0.6628,E_coli_CFU_100mL,75525.0,0.3529,BOD_mg_L,294.14,0.2781,Bio-filtration,PROCEED_WITH_TREATMENT,False,WQ_HIGH_BOD|ANOMALY_CLEAN|MODEL_HIGH_CONFIDENCE|ROUTE_BIOFILTRATION|STORAGE_NORMAL|WEATHER_FAVORABLE,"MODEL DECISION: Bio-filtration (Confidence: 99.8%). MODEL EXPLANATION: SHAP indicates the primary model contributors were TSS_mg_L, E_coli_CFU_100mL, BOD_mg_L. FINAL DECISION: Bio-filtration was approved with action 'PROCEED_WITH_TREATMENT'. No safety, anomaly, meteorological, or storage overrides were triggered."
73,Sewer Bypass,0.949,TUR_NTU,166.34,1.4372,DO_mg_L,0.3,1.4145,COD_mg_L,546.67,-0.7725,Sewer Bypass,SAFETY_OVERRIDE,True,WQ_HIGH_COD|WQ_HIGH_TURBIDITY|WQ_CRITICAL|ANOMALY_CLEAN|MODEL_HIGH_CONFIDENCE|ROUTE_SEWER|STORAGE_NORMAL|OVERRIDE_SAFETY_CRITICAL,"MODEL DECISION: Sewer Bypass (Confidence: 94.9%). MODEL EXPLANATION: SHAP indicates the primary model contributors were TUR_NTU, DO_mg_L, COD_mg_L. SAFETY OVERRIDE: Although the ML model predicted Sewer Bypass, an independent critical water-quality condition triggered the highest-priority safety rule. Therefore, the final route was changed to Sewer Bypass."
74,Bio-filtration,0.9864,Greywater_Source_Mixed,1.0,1.0403,E_coli_CFU_100mL,368826.0,0.542,TSS_mg_L,59.34,-0.2657,Bio-filtration,PROCEED_WITH_TREATMENT,False,WQ_HIGH_ECOLI|WQ_HIGH_COD|ANOMALY_CLEAN|MODEL_HIGH_CONFIDENCE|ROUTE_BIOFILTRATION|STORAGE_NORMAL|WEATHER_FAVORABLE,"MODEL DECISION: Bio-filtration (Confidence: 98.6%). MODEL EXPLANATION: SHAP indicates the primary model contributors were Greywater_Source_Mixed, E_coli_CFU_100mL, TSS_mg_L. FINAL DECISION: Bio-filtration was approved with action 'PROCEED_WITH_TREATMENT'. No safety, anomaly, meteorological, or storage overrides were triggered."
75,Restricted Irrigation,0.9928,TSS_mg_L,33.06,1.1593,E_coli_CFU_100mL,46803.0,0.883,COD_mg_L,184.82,0.7674,Restricted Irrigation,ALLOW_ROUTE,False,WQ_ACCEPTABLE|ANOMALY_CLEAN|MODEL_HIGH_CONFIDENCE|ROUTE_IRRIGATION|STORAGE_NORMAL|WEATHER_FAVORABLE,"MODEL DECISION: Restricted Irrigation (Confidence: 99.3%). MODEL EXPLANATION: SHAP indicates the primary model contributors were TSS_mg_L, E_coli_CFU_100mL, COD_mg_L. FINAL DECISION: Restricted Irrigation was approved with action 'ALLOW_ROUTE'. No safety, anomaly, meteorological, or storage overrides were triggered."
76,Restricted Irrigation,0.9934,TSS_mg_L,60.23,1.1526,COD_mg_L,151.83,0.8189,E_coli_CFU_100mL,9169.0,0.7871,Restricted Irrigation,ALLOW_ROUTE,False,WQ_ACCEPTABLE|ANOMALY_CLEAN|MODEL_HIGH_CONFIDENCE|ROUTE_IRRIGATION|STORAGE_NORMAL|WEATHER_FAVORABLE,"MODEL DECISION: Restricted Irrigation (Confidence: 99.3%). MODEL EXPLANATION: SHAP indicates the primary model contributors were TSS_mg_L, COD_mg_L, E_coli_CFU_100mL. FINAL DECISION: Restricted Irrigation was approved with action 'ALLOW_ROUTE'. No safety, anomaly, meteorological, or storage overrides were triggered."
77,Sewer Bypass,0.8251,COD_mg_L,686.86,2.2744,DO_mg_L,0.94,2.1133,BOD_mg_L,223.64,-0.5504,Sewer Bypass,SAFETY_OVERRIDE,True,WQ_EXTREME_PH|WQ_HIGH_COD|WQ_HIGH_TURBIDITY|WQ_SEPTIC_RISK|WQ_CRITICAL|ANOMALY_CLEAN|MODEL_HIGH_CONFIDENCE|ROUTE_SEWER|STORAGE_NORMAL|OVERRIDE_SAFETY_CRITICAL,"MODEL DECISION: Sewer Bypass (Confidence: 82.5%). MODEL EXPLANATION: SHAP indicates the primary model contributors were COD_mg_L, DO_mg_L, BOD_mg_L. SAFETY OVERRIDE: Although the ML model predicted Sewer Bypass, an independent critical water-quality condition triggered the highest-priority safety rule. Therefore, the final route was changed to Sewer Bypass."
78,Sewer Bypass,0.9995,DO_mg_L,0.3,2.6238,COD_mg_L,643.46,1.9425,TDS_mg_L,877.35,0.9983,Sewer Bypass,SAFETY_OVERRIDE,True,WQ_HIGH_COD|WQ_HIGH_BOD|WQ_HIGH_TURBIDITY|WQ_HIGH_TDS|WQ_SEPTIC_RISK|WQ_CRITICAL|ANOMALY_CLEAN|MODEL_HIGH_CONFIDENCE|ROUTE_SEWER|STORAGE_NORMAL|OVERRIDE_SAFETY_CRITICAL,"MODEL DECISION: Sewer Bypass (Confidence: 100.0%). MODEL EXPLANATION: SHAP indicates the primary model contributors were DO_mg_L, COD_mg_L, TDS_mg_L. SAFETY OVERRIDE: Although the ML model predicted Sewer Bypass, an independent critical water-quality condition triggered the highest-priority safety rule. Therefore, the final route was changed to Sewer Bypass."
79,Sewer Bypass,0.9988,TSS_mg_L,251.0,2.9884,TUR_NTU,144.96,1.3258,DO_mg_L,0.87,0.7374,Sewer Bypass,SAFETY_OVERRIDE,True,WQ_HIGH_COD|WQ_HIGH_TURBIDITY|WQ_HIGH_TSS|WQ_CRITICAL|ANOMALY_CLEAN|MODEL_HIGH_CONFIDENCE|ROUTE_SEWER|STORAGE_NORMAL|OVERRIDE_SAFETY_CRITICAL,"MODEL DECISION: Sewer Bypass (Confidence: 99.9%). MODEL EXPLANATION: SHAP indicates the primary model contributors were TSS_mg_L, TUR_NTU, DO_mg_L. SAFETY OVERRIDE: Although the ML model predicted Sewer Bypass, an independent critical water-quality condition triggered the highest-priority safety rule. Therefore, the final route was changed to Sewer Bypass."
80,Sewer Bypass,0.9887,DO_mg_L,0.3,2.8861,COD_mg_L,802.56,2.3451,BOD_mg_L,204.11,-0.4632,Sewer Bypass,SAFETY_OVERRIDE,True,WQ_HIGH_COD|WQ_HIGH_TURBIDITY|WQ_SEPTIC_RISK|WQ_CRITICAL|ANOMALY_CLEAN|MODEL_HIGH_CONFIDENCE|ROUTE_SEWER|STORAGE_NORMAL|OVERRIDE_SAFETY_CRITICAL,"MODEL DECISION: Sewer Bypass (Confidence: 98.9%). MODEL EXPLANATION: SHAP indicates the primary model contributors were DO_mg_L, COD_mg_L, BOD_mg_L. SAFETY OVERRIDE: Although the ML model predicted Sewer Bypass, an independent critical water-quality condition triggered the highest-priority safety rule. Therefore, the final route was changed to Sewer Bypass."
81,Sewer Bypass,0.9999,DO_mg_L,0.3,2.1602,COD_mg_L,741.95,2.1232,BOD_mg_L,407.91,1.7738,Sewer Bypass,SAFETY_OVERRIDE,True,WQ_HIGH_COD|WQ_HIGH_BOD|WQ_HIGH_TURBIDITY|WQ_SEPTIC_RISK|WQ_CRITICAL|ANOMALY_CLEAN|MODEL_HIGH_CONFIDENCE|ROUTE_SEWER|STORAGE_NORMAL|OVERRIDE_SAFETY_CRITICAL,"MODEL DECISION: Sewer Bypass (Confidence: 100.0%). MODEL EXPLANATION: SHAP indicates the primary model contributors were DO_mg_L, COD_mg_L, BOD_mg_L. SAFETY OVERRIDE: Although the ML model predicted Sewer Bypass, an independent critical water-quality condition triggered the highest-priority safety rule. Therefore, the final route was changed to Sewer Bypass."
82,Bio-filtration,0.9407,Greywater_Source_Mixed,1.0,1.0829,TSS_mg_L,48.44,-0.362,BOD_mg_L,206.7,0.3493,Bio-filtration,PROCEED_WITH_TREATMENT,False,WQ_ACCEPTABLE|ANOMALY_CLEAN|MODEL_HIGH_CONFIDENCE|ROUTE_BIOFILTRATION|STORAGE_NORMAL|WEATHER_FAVORABLE,"MODEL DECISION: Bio-filtration (Confidence: 94.1%). MODEL EXPLANATION: SHAP indicates the primary model contributors were Greywater_Source_Mixed, TSS_mg_L, BOD_mg_L. FINAL DECISION: Bio-filtration was approved with action 'PROCEED_WITH_TREATMENT'. No safety, anomaly, meteorological, or storage overrides were triggered."
83,Bio-filtration,0.999,Greywater_Source_Mixed,1.0,0.9057,TSS_mg_L,131.59,0.6062,BOD_mg_L,182.83,0.3552,Bio-filtration,PROCEED_WITH_TREATMENT,False,WQ_HIGH_TURBIDITY|ANOMALY_CLEAN|MODEL_HIGH_CONFIDENCE|ROUTE_BIOFILTRATION|STORAGE_NORMAL|WEATHER_FAVORABLE,"MODEL DECISION: Bio-filtration (Confidence: 99.9%). MODEL EXPLANATION: SHAP indicates the primary model contributors were Greywater_Source_Mixed, TSS_mg_L, BOD_mg_L. FINAL DECISION: Bio-filtration was approved with action 'PROCEED_WITH_TREATMENT'. No safety, anomaly, meteorological, or storage overrides were triggered."
84,Bio-filtration,0.8991,TSS_mg_L,195.69,0.6117,TUR_NTU,130.24,-0.4312,E_coli_CFU_100mL,81909.0,0.346,Bio-filtration,PROCEED_WITH_TREATMENT,False,WQ_HIGH_COD|WQ_HIGH_BOD|WQ_HIGH_TURBIDITY|ANOMALY_CLEAN|MODEL_HIGH_CONFIDENCE|ROUTE_BIOFILTRATION|STORAGE_NORMAL|WEATHER_FAVORABLE,"MODEL DECISION: Bio-filtration (Confidence: 89.9%). MODEL EXPLANATION: SHAP indicates the primary model contributors were TSS_mg_L, TUR_NTU, E_coli_CFU_100mL. FINAL DECISION: Bio-filtration was approved with action 'PROCEED_WITH_TREATMENT'. No safety, anomaly, meteorological, or storage overrides were triggered."
85,Sewer Bypass,0.9998,DO_mg_L,0.54,2.2874,COD_mg_L,835.01,2.1526,BOD_mg_L,404.36,1.7374,Sewer Bypass,SAFETY_OVERRIDE,True,WQ_HIGH_COD|WQ_HIGH_BOD|WQ_HIGH_TURBIDITY|WQ_SEPTIC_RISK|WQ_CRITICAL|ANOMALY_CLEAN|MODEL_HIGH_CONFIDENCE|ROUTE_SEWER|STORAGE_NORMAL|OVERRIDE_SAFETY_CRITICAL,"MODEL DECISION: Sewer Bypass (Confidence: 100.0%). MODEL EXPLANATION: SHAP indicates the primary model contributors were DO_mg_L, COD_mg_L, BOD_mg_L. SAFETY OVERRIDE: Although the ML model predicted Sewer Bypass, an independent critical water-quality condition triggered the highest-priority safety rule. Therefore, the final route was changed to Sewer Bypass."
86,Restricted Irrigation,0.9893,TSS_mg_L,73.6,1.1288,E_coli_CFU_100mL,25508.0,0.8541,Greywater_Source_Bathroom,1.0,0.6087,Restricted Irrigation,ALLOW_ROUTE,False,WQ_ACCEPTABLE|ANOMALY_CLEAN|MODEL_HIGH_CONFIDENCE|ROUTE_IRRIGATION|STORAGE_NORMAL|WEATHER_FAVORABLE,"MODEL DECISION: Restricted Irrigation (Confidence: 98.9%). MODEL EXPLANATION: SHAP indicates the primary model contributors were TSS_mg_L, E_coli_CFU_100mL, Greywater_Source_Bathroom. FINAL DECISION: Restricted Irrigation was approved with action 'ALLOW_ROUTE'. No safety, anomaly, meteorological, or storage overrides were triggered."
87,Restricted Irrigation,0.9884,TSS_mg_L,46.54,1.207,E_coli_CFU_100mL,20184.0,0.7735,COD_mg_L,168.36,0.746,Restricted Irrigation,ALLOW_ROUTE,False,WQ_ACCEPTABLE|ANOMALY_CLEAN|MODEL_HIGH_CONFIDENCE|ROUTE_IRRIGATION|STORAGE_NORMAL|WEATHER_FAVORABLE,"MODEL DECISION: Restricted Irrigation (Confidence: 98.8%). MODEL EXPLANATION: SHAP indicates the primary model contributors were TSS_mg_L, E_coli_CFU_100mL, COD_mg_L. FINAL DECISION: Restricted Irrigation was approved with action 'ALLOW_ROUTE'. No safety, anomaly, meteorological, or storage overrides were triggered."
88,Bio-filtration,0.997,TSS_mg_L,136.24,0.6588,E_coli_CFU_100mL,84608.0,0.3747,BOD_mg_L,290.18,0.3101,Bio-filtration,PROCEED_WITH_TREATMENT,False,WQ_HIGH_BOD|WQ_HIGH_TURBIDITY|ANOMALY_CLEAN|MODEL_HIGH_CONFIDENCE|ROUTE_BIOFILTRATION|STORAGE_NORMAL|WEATHER_FAVORABLE,"MODEL DECISION: Bio-filtration (Confidence: 99.7%). MODEL EXPLANATION: SHAP indicates the primary model contributors were TSS_mg_L, E_coli_CFU_100mL, BOD_mg_L. FINAL DECISION: Bio-filtration was approved with action 'PROCEED_WITH_TREATMENT'. No safety, anomaly, meteorological, or storage overrides were triggered."
89,Sewer Bypass,1.0,E_coli_CFU_100mL,558172.0,2.1504,DO_mg_L,0.64,1.8718,BOD_mg_L,462.15,1.5236,Sewer Bypass,SAFETY_OVERRIDE,True,WQ_HIGH_ECOLI|WQ_HIGH_COD|WQ_HIGH_BOD|WQ_HIGH_TURBIDITY|WQ_SEPTIC_RISK|WQ_CRITICAL|ANOMALY_CLEAN|MODEL_HIGH_CONFIDENCE|ROUTE_SEWER|STORAGE_NORMAL|OVERRIDE_SAFETY_CRITICAL,"MODEL DECISION: Sewer Bypass (Confidence: 100.0%). MODEL EXPLANATION: SHAP indicates the primary model contributors were E_coli_CFU_100mL, DO_mg_L, BOD_mg_L. SAFETY OVERRIDE: Although the ML model predicted Sewer Bypass, an independent critical water-quality condition triggered the highest-priority safety rule. Therefore, the final route was changed to Sewer Bypass."
90,Bio-filtration,0.9557,TSS_mg_L,139.07,0.6325,E_coli_CFU_100mL,98903.0,0.3741,DO_mg_L,3.07,0.3595,Bio-filtration,PROCEED_WITH_TREATMENT,False,WQ_HIGH_COD|WQ_HIGH_BOD|WQ_HIGH_TURBIDITY|ANOMALY_CLEAN|MODEL_HIGH_CONFIDENCE|ROUTE_BIOFILTRATION|STORAGE_NORMAL|WEATHER_FAVORABLE,"MODEL DECISION: Bio-filtration (Confidence: 95.6%). MODEL EXPLANATION: SHAP indicates the primary model contributors were TSS_mg_L, E_coli_CFU_100mL, DO_mg_L. FINAL DECISION: Bio-filtration was approved with action 'PROCEED_WITH_TREATMENT'. No safety, anomaly, meteorological, or storage overrides were triggered."
91,Bio-filtration,0.7952,Greywater_Source_Mixed,1.0,1.0301,BOD_mg_L,126.37,0.3368,TSS_mg_L,58.78,-0.311,Bio-filtration,PROCEED_WITH_TREATMENT,False,WQ_ACCEPTABLE|ANOMALY_CLEAN|MODEL_HIGH_CONFIDENCE|ROUTE_BIOFILTRATION|STORAGE_NORMAL|WEATHER_FAVORABLE,"MODEL DECISION: Bio-filtration (Confidence: 79.5%). MODEL EXPLANATION: SHAP indicates the primary model contributors were Greywater_Source_Mixed, BOD_mg_L, TSS_mg_L. FINAL DECISION: Bio-filtration was approved with action 'PROCEED_WITH_TREATMENT'. No safety, anomaly, meteorological, or storage overrides were triggered."
92,Bio-filtration,0.9969,BOD_mg_L,217.38,0.3597,Greywater_Source_Mixed,0.0,-0.2871,TUR_NTU,80.47,0.2491,Bio-filtration,PROCEED_WITH_TREATMENT,False,WQ_HIGH_TURBIDITY|ANOMALY_CLEAN|MODEL_HIGH_CONFIDENCE|ROUTE_BIOFILTRATION|STORAGE_NORMAL|WEATHER_FAVORABLE,"MODEL DECISION: Bio-filtration (Confidence: 99.7%). MODEL EXPLANATION: SHAP indicates the primary model contributors were BOD_mg_L, Greywater_Source_Mixed, TUR_NTU. FINAL DECISION: Bio-filtration was approved with action 'PROCEED_WITH_TREATMENT'. No safety, anomaly, meteorological, or storage overrides were triggered."
93,Bio-filtration,0.974,E_coli_CFU_100mL,136254.0,0.5583,Greywater_Source_Mixed,0.0,-0.3027,TSS_mg_L,73.67,-0.2164,Bio-filtration,PROCEED_WITH_TREATMENT,False,WQ_HIGH_ECOLI|ANOMALY_CLEAN|MODEL_HIGH_CONFIDENCE|ROUTE_BIOFILTRATION|STORAGE_NORMAL|WEATHER_FAVORABLE,"MODEL DECISION: Bio-filtration (Confidence: 97.4%). MODEL EXPLANATION: SHAP indicates the primary model contributors were E_coli_CFU_100mL, Greywater_Source_Mixed, TSS_mg_L. FINAL DECISION: Bio-filtration was approved with action 'PROCEED_WITH_TREATMENT'. No safety, anomaly, meteorological, or storage overrides were triggered."
94,Bio-filtration,0.5495,DO_mg_L,0.75,-0.6498,TSS_mg_L,162.18,0.5037,E_coli_CFU_100mL,321046.0,0.4031,Sewer Bypass,SAFETY_OVERRIDE,True,WQ_HIGH_ECOLI|WQ_HIGH_COD|WQ_HIGH_TURBIDITY|WQ_SEPTIC_RISK|WQ_CRITICAL|ANOMALY_CLEAN|MODEL_LOW_CONFIDENCE|ROUTE_BIOFILTRATION|STORAGE_NORMAL|WEATHER_FAVORABLE|OVERRIDE_SAFETY_CRITICAL,"MODEL DECISION: Bio-filtration (Confidence: 54.9%). MODEL EXPLANATION: SHAP indicates the primary model contributors were DO_mg_L, TSS_mg_L, E_coli_CFU_100mL. SAFETY OVERRIDE: Although the ML model predicted Bio-filtration, an independent critical water-quality condition triggered the highest-priority safety rule. Therefore, the final route was changed to Sewer Bypass."
95,Restricted Irrigation,0.9939,TSS_mg_L,66.99,1.1562,E_coli_CFU_100mL,4400.0,0.7998,COD_mg_L,137.65,0.7392,Restricted Irrigation,ALLOW_ROUTE,False,WQ_ACCEPTABLE|ANOMALY_CLEAN|MODEL_HIGH_CONFIDENCE|ROUTE_IRRIGATION|STORAGE_NORMAL|WEATHER_FAVORABLE,"MODEL DECISION: Restricted Irrigation (Confidence: 99.4%). MODEL EXPLANATION: SHAP indicates the primary model contributors were TSS_mg_L, E_coli_CFU_100mL, COD_mg_L. FINAL DECISION: Restricted Irrigation was approved with action 'ALLOW_ROUTE'. No safety, anomaly, meteorological, or storage overrides were triggered."
96,Restricted Irrigation,0.9743,TSS_mg_L,75.49,1.1025,COD_mg_L,167.64,0.7921,E_coli_CFU_100mL,18263.0,0.7633,Restricted Irrigation,ALLOW_ROUTE,False,WQ_ACCEPTABLE|ANOMALY_CLEAN|MODEL_HIGH_CONFIDENCE|ROUTE_IRRIGATION|STORAGE_NORMAL|WEATHER_FAVORABLE,"MODEL DECISION: Restricted Irrigation (Confidence: 97.4%). MODEL EXPLANATION: SHAP indicates the primary model contributors were TSS_mg_L, COD_mg_L, E_coli_CFU_100mL. FINAL DECISION: Restricted Irrigation was approved with action 'ALLOW_ROUTE'. No safety, anomaly, meteorological, or storage overrides were triggered."
97,Bio-filtration,0.9995,Greywater_Source_Mixed,1.0,0.8633,TSS_mg_L,95.44,0.5774,E_coli_CFU_100mL,137802.0,0.4154,Bio-filtration,PROCEED_WITH_TREATMENT,False,WQ_HIGH_ECOLI|ANOMALY_CLEAN|MODEL_HIGH_CONFIDENCE|ROUTE_BIOFILTRATION|STORAGE_NORMAL|WEATHER_FAVORABLE,"MODEL DECISION: Bio-filtration (Confidence: 100.0%). MODEL EXPLANATION: SHAP indicates the primary model contributors were Greywater_Source_Mixed, TSS_mg_L, E_coli_CFU_100mL. FINAL DECISION: Bio-filtration was approved with action 'PROCEED_WITH_TREATMENT'. No safety, anomaly, meteorological, or storage overrides were triggered."
98,Sewer Bypass,0.9658,DO_mg_L,0.76,2.4793,COD_mg_L,634.31,1.7668,SAL_ppt,0.59,0.7158,Sewer Bypass,SAFETY_OVERRIDE,True,WQ_HIGH_ECOLI|WQ_HIGH_COD|WQ_HIGH_BOD|WQ_SEPTIC_RISK|WQ_CRITICAL|ANOMALY_CLEAN|MODEL_HIGH_CONFIDENCE|ROUTE_SEWER|STORAGE_NORMAL|OVERRIDE_SAFETY_CRITICAL,"MODEL DECISION: Sewer Bypass (Confidence: 96.6%). MODEL EXPLANATION: SHAP indicates the primary model contributors were DO_mg_L, COD_mg_L, SAL_ppt. SAFETY OVERRIDE: Although the ML model predicted Sewer Bypass, an independent critical water-quality condition triggered the highest-priority safety rule. Therefore, the final route was changed to Sewer Bypass."
99,Sewer Bypass,1.0,E_coli_CFU_100mL,617219.0,1.9313,DO_mg_L,0.7,1.6233,BOD_mg_L,417.01,1.4641,Sewer Bypass,SAFETY_OVERRIDE,True,WQ_HIGH_ECOLI|WQ_HIGH_COD|WQ_HIGH_BOD|WQ_HIGH_TURBIDITY|WQ_SEPTIC_RISK|WQ_CRITICAL|ANOMALY_CLEAN|MODEL_HIGH_CONFIDENCE|ROUTE_SEWER|STORAGE_NORMAL|OVERRIDE_SAFETY_CRITICAL,"MODEL DECISION: Sewer Bypass (Confidence: 100.0%). MODEL EXPLANATION: SHAP indicates the primary model contributors were E_coli_CFU_100mL, DO_mg_L, BOD_mg_L. SAFETY OVERRIDE: Although the ML model predicted Sewer Bypass, an independent critical water-quality condition triggered the highest-priority safety rule. Therefore, the final route was changed to Sewer Bypass."
100,Bio-filtration,0.9704,TSS_mg_L,100.92,0.7643,Greywater_Source_Mixed,0.0,-0.2698,DO_mg_L,5.01,0.1551,Bio-filtration,PROCEED_WITH_TREATMENT,False,WQ_ACCEPTABLE|ANOMALY_CLEAN|MODEL_HIGH_CONFIDENCE|ROUTE_BIOFILTRATION|STORAGE_NORMAL|WEATHER_FAVORABLE,"MODEL DECISION: Bio-filtration (Confidence: 97.0%). MODEL EXPLANATION: SHAP indicates the primary model contributors were TSS_mg_L, Greywater_Source_Mixed, DO_mg_L. FINAL DECISION: Bio-filtration was approved with action 'PROCEED_WITH_TREATMENT'. No safety, anomaly, meteorological, or storage overrides were triggered."
101,Sewer Bypass,0.9725,TSS_mg_L,321.91,4.2019,DO_mg_L,3.43,-0.6112,COD_mg_L,412.57,-0.4358,Sewer Bypass,SAFETY_OVERRIDE,True,WQ_HIGH_BOD|WQ_HIGH_TURBIDITY|WQ_HIGH_TSS|WQ_CRITICAL|ANOMALY_CLEAN|MODEL_HIGH_CONFIDENCE|ROUTE_SEWER|STORAGE_NORMAL|OVERRIDE_SAFETY_CRITICAL,"MODEL DECISION: Sewer Bypass (Confidence: 97.2%). MODEL EXPLANATION: SHAP indicates the primary model contributors were TSS_mg_L, DO_mg_L, COD_mg_L. SAFETY OVERRIDE: Although the ML model predicted Sewer Bypass, an independent critical water-quality condition triggered the highest-priority safety rule. Therefore, the final route was changed to Sewer Bypass."
102,Bio-filtration,0.9992,Greywater_Source_Mixed,1.0,0.8617,TSS_mg_L,135.85,0.5639,E_coli_CFU_100mL,231784.0,0.4033,Bio-filtration,PROCEED_WITH_TREATMENT,False,WQ_HIGH_ECOLI|ANOMALY_CLEAN|MODEL_HIGH_CONFIDENCE|ROUTE_BIOFILTRATION|STORAGE_NORMAL|WEATHER_FAVORABLE,"MODEL DECISION: Bio-filtration (Confidence: 99.9%). MODEL EXPLANATION: SHAP indicates the primary model contributors were Greywater_Source_Mixed, TSS_mg_L, E_coli_CFU_100mL. FINAL DECISION: Bio-filtration was approved with action 'PROCEED_WITH_TREATMENT'. No safety, anomaly, meteorological, or storage overrides were triggered."
103,Bio-filtration,0.9982,Greywater_Source_Mixed,1.0,1.0384,BOD_mg_L,116.65,0.3199,TUR_NTU,71.27,0.2352,Bio-filtration,PROCEED_WITH_TREATMENT,False,WQ_ACCEPTABLE|ANOMALY_CLEAN|MODEL_HIGH_CONFIDENCE|ROUTE_BIOFILTRATION|STORAGE_NORMAL|WEATHER_FAVORABLE,"MODEL DECISION: Bio-filtration (Confidence: 99.8%). MODEL EXPLANATION: SHAP indicates the primary model contributors were Greywater_Source_Mixed, BOD_mg_L, TUR_NTU. FINAL DECISION: Bio-filtration was approved with action 'PROCEED_WITH_TREATMENT'. No safety, anomaly, meteorological, or storage overrides were triggered."
104,Bio-filtration,0.9721,TSS_mg_L,109.57,0.6101,E_coli_CFU_100mL,165402.0,0.3963,DO_mg_L,1.59,0.3834,Bio-filtration,PROCEED_WITH_TREATMENT,False,WQ_HIGH_ECOLI|WQ_HIGH_COD|ANOMALY_CLEAN|MODEL_HIGH_CONFIDENCE|ROUTE_BIOFILTRATION|STORAGE_NORMAL|WEATHER_FAVORABLE,"MODEL DECISION: Bio-filtration (Confidence: 97.2%). MODEL EXPLANATION: SHAP indicates the primary model contributors were TSS_mg_L, E_coli_CFU_100mL, DO_mg_L. FINAL DECISION: Bio-filtration was approved with action 'PROCEED_WITH_TREATMENT'. No safety, anomaly, meteorological, or storage overrides were triggered."
105,Bio-filtration,0.9838,TSS_mg_L,195.37,0.6162,E_coli_CFU_100mL,118039.0,0.376,DO_mg_L,2.32,0.3266,Bio-filtration,PROCEED_WITH_TREATMENT,False,WQ_HIGH_ECOLI|WQ_HIGH_COD|WQ_HIGH_BOD|WQ_HIGH_TURBIDITY|ANOMALY_CLEAN|MODEL_HIGH_CONFIDENCE|ROUTE_BIOFILTRATION|STORAGE_NORMAL|WEATHER_FAVORABLE,"MODEL DECISION: Bio-filtration (Confidence: 98.4%). MODEL EXPLANATION: SHAP indicates the primary model contributors were TSS_mg_L, E_coli_CFU_100mL, DO_mg_L. FINAL DECISION: Bio-filtration was approved with action 'PROCEED_WITH_TREATMENT'. No safety, anomaly, meteorological, or storage overrides were triggered."
106,Bio-filtration,0.9993,Greywater_Source_Mixed,1.0,0.8697,TSS_mg_L,124.28,0.572,E_coli_CFU_100mL,121314.0,0.4371,Bio-filtration,PROCEED_WITH_TREATMENT,False,WQ_HIGH_ECOLI|WQ_HIGH_TURBIDITY|ANOMALY_CLEAN|MODEL_HIGH_CONFIDENCE|ROUTE_BIOFILTRATION|STORAGE_NORMAL|WEATHER_FAVORABLE,"MODEL DECISION: Bio-filtration (Confidence: 99.9%). MODEL EXPLANATION: SHAP indicates the primary model contributors were Greywater_Source_Mixed, TSS_mg_L, E_coli_CFU_100mL. FINAL DECISION: Bio-filtration was approved with action 'PROCEED_WITH_TREATMENT'. No safety, anomaly, meteorological, or storage overrides were triggered."
107,Bio-filtration,0.9911,TSS_mg_L,209.63,0.6825,BOD_mg_L,244.94,0.3534,TUR_NTU,105.99,0.252,Bio-filtration,PROCEED_WITH_TREATMENT,False,WQ_HIGH_TURBIDITY|ANOMALY_CLEAN|MODEL_HIGH_CONFIDENCE|ROUTE_BIOFILTRATION|STORAGE_NORMAL|WEATHER_FAVORABLE,"MODEL DECISION: Bio-filtration (Confidence: 99.1%). MODEL EXPLANATION: SHAP indicates the primary model contributors were TSS_mg_L, BOD_mg_L, TUR_NTU. FINAL DECISION: Bio-filtration was approved with action 'PROCEED_WITH_TREATMENT'. No safety, anomaly, meteorological, or storage overrides were triggered."
108,Bio-filtration,0.9772,Greywater_Source_Mixed,1.0,0.9993,BOD_mg_L,159.55,0.3506,E_coli_CFU_100mL,68800.0,0.3012,Bio-filtration,PROCEED_WITH_TREATMENT,False,WQ_ACCEPTABLE|ANOMALY_CLEAN|MODEL_HIGH_CONFIDENCE|ROUTE_BIOFILTRATION|STORAGE_NORMAL|WEATHER_FAVORABLE,"MODEL DECISION: Bio-filtration (Confidence: 97.7%). MODEL EXPLANATION: SHAP indicates the primary model contributors were Greywater_Source_Mixed, BOD_mg_L, E_coli_CFU_100mL. FINAL DECISION: Bio-filtration was approved with action 'PROCEED_WITH_TREATMENT'. No safety, anomaly, meteorological, or storage overrides were triggered."
109,Bio-filtration,0.9687,TSS_mg_L,200.87,0.6312,DO_mg_L,2.29,0.3725,E_coli_CFU_100mL,76117.0,0.3439,Bio-filtration,PROCEED_WITH_TREATMENT,False,WQ_HIGH_COD|WQ_HIGH_BOD|WQ_HIGH_TURBIDITY|ANOMALY_CLEAN|MODEL_HIGH_CONFIDENCE|ROUTE_BIOFILTRATION|STORAGE_NORMAL|WEATHER_FAVORABLE,"MODEL DECISION: Bio-filtration (Confidence: 96.9%). MODEL EXPLANATION: SHAP indicates the primary model contributors were TSS_mg_L, DO_mg_L, E_coli_CFU_100mL. FINAL DECISION: Bio-filtration was approved with action 'PROCEED_WITH_TREATMENT'. No safety, anomaly, meteorological, or storage overrides were triggered."
110,Bio-filtration,0.9554,TSS_mg_L,118.82,0.76,Greywater_Source_Mixed,0.0,-0.2713,DO_mg_L,6.36,0.1603,Bio-filtration,PROCEED_WITH_TREATMENT,False,WQ_ACCEPTABLE|ANOMALY_CLEAN|MODEL_HIGH_CONFIDENCE|ROUTE_BIOFILTRATION|STORAGE_NORMAL|WEATHER_FAVORABLE,"MODEL DECISION: Bio-filtration (Confidence: 95.5%). MODEL EXPLANATION: SHAP indicates the primary model contributors were TSS_mg_L, Greywater_Source_Mixed, DO_mg_L. FINAL DECISION: Bio-filtration was approved with action 'PROCEED_WITH_TREATMENT'. No safety, anomaly, meteorological, or storage overrides were triggered."
111,Sewer Bypass,1.0,COD_mg_L,808.25,1.9594,DO_mg_L,0.3,1.8039,BOD_mg_L,577.32,1.5611,Sewer Bypass,SAFETY_OVERRIDE,True,WQ_HIGH_ECOLI|WQ_HIGH_COD|WQ_HIGH_BOD|WQ_HIGH_TURBIDITY|WQ_HIGH_SALINITY|WQ_SEPTIC_RISK|WQ_CRITICAL|ANOMALY_CLEAN|MODEL_HIGH_CONFIDENCE|ROUTE_SEWER|STORAGE_NORMAL|OVERRIDE_SAFETY_CRITICAL,"MODEL DECISION: Sewer Bypass (Confidence: 100.0%). MODEL EXPLANATION: SHAP indicates the primary model contributors were COD_mg_L, DO_mg_L, BOD_mg_L. SAFETY OVERRIDE: Although the ML model predicted Sewer Bypass, an independent critical water-quality condition triggered the highest-priority safety rule. Therefore, the final route was changed to Sewer Bypass."
112,Bio-filtration,0.9601,E_coli_CFU_100mL,167834.0,0.6202,TSS_mg_L,41.02,-0.4412,Greywater_Source_Mixed,0.0,-0.3146,Bio-filtration,PROCEED_WITH_TREATMENT,False,WQ_HIGH_ECOLI|ANOMALY_CLEAN|MODEL_HIGH_CONFIDENCE|ROUTE_BIOFILTRATION|STORAGE_NORMAL|WEATHER_FAVORABLE,"MODEL DECISION: Bio-filtration (Confidence: 96.0%). MODEL EXPLANATION: SHAP indicates the primary model contributors were E_coli_CFU_100mL, TSS_mg_L, Greywater_Source_Mixed. FINAL DECISION: Bio-filtration was approved with action 'PROCEED_WITH_TREATMENT'. No safety, anomaly, meteorological, or storage overrides were triggered."
113,Sewer Bypass,1.0,COD_mg_L,910.0,2.0584,DO_mg_L,0.71,2.0141,BOD_mg_L,650.0,1.53,Sewer Bypass,SAFETY_OVERRIDE,True,WQ_HIGH_ECOLI|WQ_HIGH_COD|WQ_HIGH_BOD|WQ_HIGH_TURBIDITY|WQ_SEPTIC_RISK|WQ_CRITICAL|ANOMALY_CLEAN|MODEL_HIGH_CONFIDENCE|ROUTE_SEWER|STORAGE_NORMAL|OVERRIDE_SAFETY_CRITICAL,"MODEL DECISION: Sewer Bypass (Confidence: 100.0%). MODEL EXPLANATION: SHAP indicates the primary model contributors were COD_mg_L, DO_mg_L, BOD_mg_L. SAFETY OVERRIDE: Although the ML model predicted Sewer Bypass, an independent critical water-quality condition triggered the highest-priority safety rule. Therefore, the final route was changed to Sewer Bypass."
114,Sewer Bypass,0.9904,DO_mg_L,0.54,2.9275,COD_mg_L,654.03,2.0441,E_coli_CFU_100mL,86681.0,-0.2237,Sewer Bypass,SAFETY_OVERRIDE,True,WQ_HIGH_COD|WQ_HIGH_BOD|WQ_HIGH_TURBIDITY|WQ_SEPTIC_RISK|WQ_CRITICAL|ANOMALY_CLEAN|MODEL_HIGH_CONFIDENCE|ROUTE_SEWER|STORAGE_NORMAL|OVERRIDE_SAFETY_CRITICAL,"MODEL DECISION: Sewer Bypass (Confidence: 99.0%). MODEL EXPLANATION: SHAP indicates the primary model contributors were DO_mg_L, COD_mg_L, E_coli_CFU_100mL. SAFETY OVERRIDE: Although the ML model predicted Sewer Bypass, an independent critical water-quality condition triggered the highest-priority safety rule. Therefore, the final route was changed to Sewer Bypass."
115,Bio-filtration,0.9979,Greywater_Source_Mixed,1.0,0.9093,TSS_mg_L,183.22,0.5817,BOD_mg_L,315.31,0.2983,Bio-filtration,PROCEED_WITH_TREATMENT,False,WQ_HIGH_BOD|WQ_HIGH_TURBIDITY|ANOMALY_CLEAN|MODEL_HIGH_CONFIDENCE|ROUTE_BIOFILTRATION|STORAGE_NORMAL|WEATHER_FAVORABLE,"MODEL DECISION: Bio-filtration (Confidence: 99.8%). MODEL EXPLANATION: SHAP indicates the primary model contributors were Greywater_Source_Mixed, TSS_mg_L, BOD_mg_L. FINAL DECISION: Bio-filtration was approved with action 'PROCEED_WITH_TREATMENT'. No safety, anomaly, meteorological, or storage overrides were triggered."
116,Bio-filtration,0.996,TSS_mg_L,114.22,0.7314,Greywater_Source_Mixed,0.0,-0.2719,TUR_NTU,68.73,0.2357,Bio-filtration,PROCEED_WITH_TREATMENT,False,WQ_ACCEPTABLE|ANOMALY_CLEAN|MODEL_HIGH_CONFIDENCE|ROUTE_BIOFILTRATION|STORAGE_NORMAL|WEATHER_FAVORABLE,"MODEL DECISION: Bio-filtration (Confidence: 99.6%). MODEL EXPLANATION: SHAP indicates the primary model contributors were TSS_mg_L, Greywater_Source_Mixed, TUR_NTU. FINAL DECISION: Bio-filtration was approved with action 'PROCEED_WITH_TREATMENT'. No safety, anomaly, meteorological, or storage overrides were triggered."
117,Sewer Bypass,0.9998,TSS_mg_L,291.93,3.2813,TUR_NTU,180.0,1.8379,SAL_ppt,0.58,0.7071,Sewer Bypass,SAFETY_OVERRIDE,True,WQ_HIGH_ECOLI|WQ_HIGH_COD|WQ_HIGH_TURBIDITY|WQ_HIGH_TSS|WQ_CRITICAL|ANOMALY_CLEAN|MODEL_HIGH_CONFIDENCE|ROUTE_SEWER|STORAGE_NORMAL|OVERRIDE_SAFETY_CRITICAL,"MODEL DECISION: Sewer Bypass (Confidence: 100.0%). MODEL EXPLANATION: SHAP indicates the primary model contributors were TSS_mg_L, TUR_NTU, SAL_ppt. SAFETY OVERRIDE: Although the ML model predicted Sewer Bypass, an independent critical water-quality condition triggered the highest-priority safety rule. Therefore, the final route was changed to Sewer Bypass."
118,Sewer Bypass,0.9812,TUR_NTU,146.51,1.8018,SAL_ppt,0.7,1.0424,TDS_mg_L,763.51,0.8152,Sewer Bypass,SAFETY_OVERRIDE,True,WQ_HIGH_ECOLI|WQ_HIGH_BOD|WQ_HIGH_TURBIDITY|WQ_HIGH_SALINITY|WQ_CRITICAL|ANOMALY_CLEAN|MODEL_HIGH_CONFIDENCE|ROUTE_SEWER|STORAGE_NORMAL|OVERRIDE_SAFETY_CRITICAL,"MODEL DECISION: Sewer Bypass (Confidence: 98.1%). MODEL EXPLANATION: SHAP indicates the primary model contributors were TUR_NTU, SAL_ppt, TDS_mg_L. SAFETY OVERRIDE: Although the ML model predicted Sewer Bypass, an independent critical water-quality condition triggered the highest-priority safety rule. Therefore, the final route was changed to Sewer Bypass."
119,Restricted Irrigation,0.9909,TSS_mg_L,51.22,1.1629,COD_mg_L,181.48,0.7926,E_coli_CFU_100mL,18454.0,0.7676,Restricted Irrigation,ALLOW_ROUTE,False,WQ_ACCEPTABLE|ANOMALY_CLEAN|MODEL_HIGH_CONFIDENCE|ROUTE_IRRIGATION|STORAGE_NORMAL|WEATHER_FAVORABLE,"MODEL DECISION: Restricted Irrigation (Confidence: 99.1%). MODEL EXPLANATION: SHAP indicates the primary model contributors were TSS_mg_L, COD_mg_L, E_coli_CFU_100mL. FINAL DECISION: Restricted Irrigation was approved with action 'ALLOW_ROUTE'. No safety, anomaly, meteorological, or storage overrides were triggered."
120,Restricted Irrigation,0.9946,TSS_mg_L,40.81,1.1725,E_coli_CFU_100mL,9724.0,0.796,COD_mg_L,143.99,0.7626,Restricted Irrigation,ALLOW_ROUTE,False,WQ_ACCEPTABLE|ANOMALY_CLEAN|MODEL_HIGH_CONFIDENCE|ROUTE_IRRIGATION|STORAGE_NORMAL|WEATHER_FAVORABLE,"MODEL DECISION: Restricted Irrigation (Confidence: 99.5%). MODEL EXPLANATION: SHAP indicates the primary model contributors were TSS_mg_L, E_coli_CFU_100mL, COD_mg_L. FINAL DECISION: Restricted Irrigation was approved with action 'ALLOW_ROUTE'. No safety, anomaly, meteorological, or storage overrides were triggered."
121,Sewer Bypass,0.9997,TSS_mg_L,251.0,2.337,DO_mg_L,0.36,2.1703,COD_mg_L,648.69,1.5021,Sewer Bypass,SAFETY_OVERRIDE,True,WQ_HIGH_COD|WQ_HIGH_BOD|WQ_HIGH_TURBIDITY|WQ_HIGH_TSS|WQ_SEPTIC_RISK|WQ_CRITICAL|ANOMALY_CLEAN|MODEL_HIGH_CONFIDENCE|ROUTE_SEWER|STORAGE_NORMAL|OVERRIDE_SAFETY_CRITICAL,"MODEL DECISION: Sewer Bypass (Confidence: 100.0%). MODEL EXPLANATION: SHAP indicates the primary model contributors were TSS_mg_L, DO_mg_L, COD_mg_L. SAFETY OVERRIDE: Although the ML model predicted Sewer Bypass, an independent critical water-quality condition triggered the highest-priority safety rule. Therefore, the final route was changed to Sewer Bypass."
122,Sewer Bypass,0.928,BOD_mg_L,406.67,2.728,COD_mg_L,569.34,0.9727,DO_mg_L,2.68,-0.8424,Sewer Bypass,SAFETY_OVERRIDE,True,WQ_HIGH_ECOLI|WQ_HIGH_COD|WQ_HIGH_BOD|WQ_HIGH_TURBIDITY|WQ_CRITICAL|ANOMALY_CLEAN|MODEL_HIGH_CONFIDENCE|ROUTE_SEWER|STORAGE_NORMAL|OVERRIDE_SAFETY_CRITICAL,"MODEL DECISION: Sewer Bypass (Confidence: 92.8%). MODEL EXPLANATION: SHAP indicates the primary model contributors were BOD_mg_L, COD_mg_L, DO_mg_L. SAFETY OVERRIDE: Although the ML model predicted Sewer Bypass, an independent critical water-quality condition triggered the highest-priority safety rule. Therefore, the final route was changed to Sewer Bypass."
123,Bio-filtration,0.9988,Greywater_Source_Mixed,1.0,0.8634,TSS_mg_L,195.17,0.5439,E_coli_CFU_100mL,124855.0,0.4356,Bio-filtration,PROCEED_WITH_TREATMENT,False,WQ_HIGH_ECOLI|WQ_HIGH_TURBIDITY|ANOMALY_CLEAN|MODEL_HIGH_CONFIDENCE|ROUTE_BIOFILTRATION|STORAGE_NORMAL|WEATHER_FAVORABLE,"MODEL DECISION: Bio-filtration (Confidence: 99.9%). MODEL EXPLANATION: SHAP indicates the primary model contributors were Greywater_Source_Mixed, TSS_mg_L, E_coli_CFU_100mL. FINAL DECISION: Bio-filtration was approved with action 'PROCEED_WITH_TREATMENT'. No safety, anomaly, meteorological, or storage overrides were triggered."
124,Restricted Irrigation,0.9894,TSS_mg_L,59.59,1.1609,E_coli_CFU_100mL,7276.0,0.7369,Greywater_Source_Bathroom,1.0,0.6539,Restricted Irrigation,ALLOW_ROUTE,False,WQ_ACCEPTABLE|ANOMALY_CLEAN|MODEL_HIGH_CONFIDENCE|ROUTE_IRRIGATION|STORAGE_NORMAL|WEATHER_FAVORABLE,"MODEL DECISION: Restricted Irrigation (Confidence: 98.9%). MODEL EXPLANATION: SHAP indicates the primary model contributors were TSS_mg_L, E_coli_CFU_100mL, Greywater_Source_Bathroom. FINAL DECISION: Restricted Irrigation was approved with action 'ALLOW_ROUTE'. No safety, anomaly, meteorological, or storage overrides were triggered."
125,Restricted Irrigation,0.9929,TSS_mg_L,48.9,1.2278,E_coli_CFU_100mL,57053.0,0.7806,COD_mg_L,139.4,0.7499,Restricted Irrigation,ALLOW_ROUTE,False,WQ_ACCEPTABLE|ANOMALY_CLEAN|MODEL_HIGH_CONFIDENCE|ROUTE_IRRIGATION|STORAGE_NORMAL|WEATHER_FAVORABLE,"MODEL DECISION: Restricted Irrigation (Confidence: 99.3%). MODEL EXPLANATION: SHAP indicates the primary model contributors were TSS_mg_L, E_coli_CFU_100mL, COD_mg_L. FINAL DECISION: Restricted Irrigation was approved with action 'ALLOW_ROUTE'. No safety, anomaly, meteorological, or storage overrides were triggered."
126,Bio-filtration,0.9992,Greywater_Source_Mixed,1.0,0.9129,TSS_mg_L,133.44,0.5984,BOD_mg_L,161.13,0.3559,Bio-filtration,PROCEED_WITH_TREATMENT,False,WQ_ACCEPTABLE|ANOMALY_CLEAN|MODEL_HIGH_CONFIDENCE|ROUTE_BIOFILTRATION|STORAGE_NORMAL|WEATHER_FAVORABLE,"MODEL DECISION: Bio-filtration (Confidence: 99.9%). MODEL EXPLANATION: SHAP indicates the primary model contributors were Greywater_Source_Mixed, TSS_mg_L, BOD_mg_L. FINAL DECISION: Bio-filtration was approved with action 'PROCEED_WITH_TREATMENT'. No safety, anomaly, meteorological, or storage overrides were triggered."
127,Sewer Bypass,0.9999,DO_mg_L,0.3,2.3175,COD_mg_L,860.58,2.1848,BOD_mg_L,614.7,1.7025,Sewer Bypass,SAFETY_OVERRIDE,True,WQ_HIGH_ECOLI|WQ_HIGH_COD|WQ_HIGH_BOD|WQ_SEPTIC_RISK|WQ_CRITICAL|ANOMALY_DETECTED|MODEL_HIGH_CONFIDENCE|ROUTE_SEWER|STORAGE_NORMAL|OVERRIDE_SAFETY_CRITICAL,"MODEL DECISION: Sewer Bypass (Confidence: 100.0%). MODEL EXPLANATION: SHAP indicates the primary model contributors were DO_mg_L, COD_mg_L, BOD_mg_L. SAFETY OVERRIDE: Although the ML model predicted Sewer Bypass, an independent critical water-quality condition triggered the highest-priority safety rule. Therefore, the final route was changed to Sewer Bypass."
128,Bio-filtration,0.9994,Greywater_Source_Mixed,1.0,0.9049,TSS_mg_L,95.59,0.6089,BOD_mg_L,153.12,0.3531,Bio-filtration,PROCEED_WITH_TREATMENT,False,WQ_HIGH_TURBIDITY|ANOMALY_CLEAN|MODEL_HIGH_CONFIDENCE|ROUTE_BIOFILTRATION|STORAGE_NORMAL|WEATHER_FAVORABLE,"MODEL DECISION: Bio-filtration (Confidence: 99.9%). MODEL EXPLANATION: SHAP indicates the primary model contributors were Greywater_Source_Mixed, TSS_mg_L, BOD_mg_L. FINAL DECISION: Bio-filtration was approved with action 'PROCEED_WITH_TREATMENT'. No safety, anomaly, meteorological, or storage overrides were triggered."
129,Sewer Bypass,0.9999,TSS_mg_L,343.47,3.7617,TUR_NTU,143.45,1.8697,SAL_ppt,0.61,0.7357,Sewer Bypass,SAFETY_OVERRIDE,True,WQ_HIGH_TURBIDITY|WQ_HIGH_TSS|WQ_HIGH_SALINITY|WQ_CRITICAL|ANOMALY_CLEAN|MODEL_HIGH_CONFIDENCE|ROUTE_SEWER|STORAGE_NORMAL|OVERRIDE_SAFETY_CRITICAL,"MODEL DECISION: Sewer Bypass (Confidence: 100.0%). MODEL EXPLANATION: SHAP indicates the primary model contributors were TSS_mg_L, TUR_NTU, SAL_ppt. SAFETY OVERRIDE: Although the ML model predicted Sewer Bypass, an independent critical water-quality condition triggered the highest-priority safety rule. Therefore, the final route was changed to Sewer Bypass."
130,Bio-filtration,0.9765,TSS_mg_L,107.12,0.7543,Greywater_Source_Mixed,0.0,-0.2731,DO_mg_L,3.38,0.1505,Bio-filtration,PROCEED_WITH_TREATMENT,False,WQ_ACCEPTABLE|ANOMALY_CLEAN|MODEL_HIGH_CONFIDENCE|ROUTE_BIOFILTRATION|STORAGE_NORMAL|WEATHER_FAVORABLE,"MODEL DECISION: Bio-filtration (Confidence: 97.7%). MODEL EXPLANATION: SHAP indicates the primary model contributors were TSS_mg_L, Greywater_Source_Mixed, DO_mg_L. FINAL DECISION: Bio-filtration was approved with action 'PROCEED_WITH_TREATMENT'. No safety, anomaly, meteorological, or storage overrides were triggered."
131,Sewer Bypass,0.9833,DO_mg_L,0.45,2.775,COD_mg_L,713.55,2.3763,BOD_mg_L,175.04,-0.48,Sewer Bypass,SAFETY_OVERRIDE,True,WQ_HIGH_ECOLI|WQ_HIGH_COD|WQ_HIGH_TURBIDITY|WQ_SEPTIC_RISK|WQ_CRITICAL|ANOMALY_CLEAN|MODEL_HIGH_CONFIDENCE|ROUTE_SEWER|STORAGE_NORMAL|OVERRIDE_SAFETY_CRITICAL,"MODEL DECISION: Sewer Bypass (Confidence: 98.3%). MODEL EXPLANATION: SHAP indicates the primary model contributors were DO_mg_L, COD_mg_L, BOD_mg_L. SAFETY OVERRIDE: Although the ML model predicted Sewer Bypass, an independent critical water-quality condition triggered the highest-priority safety rule. Therefore, the final route was changed to Sewer Bypass."
132,Bio-filtration,0.9917,TSS_mg_L,209.28,0.6227,BOD_mg_L,171.0,0.3518,E_coli_CFU_100mL,71905.0,0.2479,Bio-filtration,PROCEED_WITH_TREATMENT,False,WQ_HIGH_TURBIDITY|ANOMALY_CLEAN|MODEL_HIGH_CONFIDENCE|ROUTE_BIOFILTRATION|STORAGE_NORMAL|WEATHER_FAVORABLE,"MODEL DECISION: Bio-filtration (Confidence: 99.2%). MODEL EXPLANATION: SHAP indicates the primary model contributors were TSS_mg_L, BOD_mg_L, E_coli_CFU_100mL. FINAL DECISION: Bio-filtration was approved with action 'PROCEED_WITH_TREATMENT'. No safety, anomaly, meteorological, or storage overrides were triggered."
133,Restricted Irrigation,0.9928,TSS_mg_L,45.49,1.1602,E_coli_CFU_100mL,42330.0,0.8824,COD_mg_L,176.39,0.7373,Restricted Irrigation,ALLOW_ROUTE,False,WQ_ACCEPTABLE|ANOMALY_CLEAN|MODEL_HIGH_CONFIDENCE|ROUTE_IRRIGATION|STORAGE_NORMAL|WEATHER_FAVORABLE,"MODEL DECISION: Restricted Irrigation (Confidence: 99.3%). MODEL EXPLANATION: SHAP indicates the primary model contributors were TSS_mg_L, E_coli_CFU_100mL, COD_mg_L. FINAL DECISION: Restricted Irrigation was approved with action 'ALLOW_ROUTE'. No safety, anomaly, meteorological, or storage overrides were triggered."
134,Bio-filtration,0.9723,E_coli_CFU_100mL,94340.0,0.6184,TSS_mg_L,57.19,-0.4337,Greywater_Source_Mixed,0.0,-0.3169,Bio-filtration,PROCEED_WITH_TREATMENT,False,WQ_ACCEPTABLE|ANOMALY_CLEAN|MODEL_HIGH_CONFIDENCE|ROUTE_BIOFILTRATION|STORAGE_NORMAL|WEATHER_FAVORABLE,"MODEL DECISION: Bio-filtration (Confidence: 97.2%). MODEL EXPLANATION: SHAP indicates the primary model contributors were E_coli_CFU_100mL, TSS_mg_L, Greywater_Source_Mixed. FINAL DECISION: Bio-filtration was approved with action 'PROCEED_WITH_TREATMENT'. No safety, anomaly, meteorological, or storage overrides were triggered."
135,Bio-filtration,0.9849,TSS_mg_L,183.62,0.6368,E_coli_CFU_100mL,331987.0,0.3624,DO_mg_L,1.87,0.3165,Bio-filtration,PROCEED_WITH_TREATMENT,False,WQ_HIGH_ECOLI|WQ_HIGH_BOD|WQ_HIGH_TURBIDITY|ANOMALY_CLEAN|MODEL_HIGH_CONFIDENCE|ROUTE_BIOFILTRATION|STORAGE_NORMAL|WEATHER_FAVORABLE,"MODEL DECISION: Bio-filtration (Confidence: 98.5%). MODEL EXPLANATION: SHAP indicates the primary model contributors were TSS_mg_L, E_coli_CFU_100mL, DO_mg_L. FINAL DECISION: Bio-filtration was approved with action 'PROCEED_WITH_TREATMENT'. No safety, anomaly, meteorological, or storage overrides were triggered."
136,Bio-filtration,0.9749,E_coli_CFU_100mL,80784.0,0.581,TSS_mg_L,62.47,-0.4403,Greywater_Source_Mixed,0.0,-0.3223,Bio-filtration,PROCEED_WITH_TREATMENT,False,WQ_ACCEPTABLE|ANOMALY_CLEAN|MODEL_HIGH_CONFIDENCE|ROUTE_BIOFILTRATION|STORAGE_NORMAL|WEATHER_FAVORABLE,"MODEL DECISION: Bio-filtration (Confidence: 97.5%). MODEL EXPLANATION: SHAP indicates the primary model contributors were E_coli_CFU_100mL, TSS_mg_L, Greywater_Source_Mixed. FINAL DECISION: Bio-filtration was approved with action 'PROCEED_WITH_TREATMENT'. No safety, anomaly, meteorological, or storage overrides were triggered."
137,Sewer Bypass,0.9997,COD_mg_L,942.13,2.1146,DO_mg_L,0.79,2.0517,BOD_mg_L,457.1,1.7491,Sewer Bypass,SAFETY_OVERRIDE,True,WQ_HIGH_COD|WQ_HIGH_BOD|WQ_HIGH_TURBIDITY|WQ_HIGH_SALINITY|WQ_SEPTIC_RISK|WQ_CRITICAL|ANOMALY_CLEAN|MODEL_HIGH_CONFIDENCE|ROUTE_SEWER|STORAGE_NORMAL|OVERRIDE_SAFETY_CRITICAL,"MODEL DECISION: Sewer Bypass (Confidence: 100.0%). MODEL EXPLANATION: SHAP indicates the primary model contributors were COD_mg_L, DO_mg_L, BOD_mg_L. SAFETY OVERRIDE: Although the ML model predicted Sewer Bypass, an independent critical water-quality condition triggered the highest-priority safety rule. Therefore, the final route was changed to Sewer Bypass."
138,Sewer Bypass,0.9999,DO_mg_L,0.3,2.3299,COD_mg_L,678.9,2.2404,BOD_mg_L,484.93,1.8345,Sewer Bypass,SAFETY_OVERRIDE,True,WQ_HIGH_COD|WQ_HIGH_BOD|WQ_HIGH_TURBIDITY|WQ_SEPTIC_RISK|WQ_CRITICAL|ANOMALY_CLEAN|MODEL_HIGH_CONFIDENCE|ROUTE_SEWER|STORAGE_NORMAL|OVERRIDE_SAFETY_CRITICAL,"MODEL DECISION: Sewer Bypass (Confidence: 100.0%). MODEL EXPLANATION: SHAP indicates the primary model contributors were DO_mg_L, COD_mg_L, BOD_mg_L. SAFETY OVERRIDE: Although the ML model predicted Sewer Bypass, an independent critical water-quality condition triggered the highest-priority safety rule. Therefore, the final route was changed to Sewer Bypass."
139,Bio-filtration,0.9929,TSS_mg_L,109.51,0.664,E_coli_CFU_100mL,172224.0,0.3856,DO_mg_L,2.57,0.3086,Bio-filtration,PROCEED_WITH_TREATMENT,False,WQ_HIGH_ECOLI|WQ_HIGH_COD|WQ_HIGH_BOD|ANOMALY_CLEAN|MODEL_HIGH_CONFIDENCE|ROUTE_BIOFILTRATION|STORAGE_NORMAL|WEATHER_FAVORABLE,"MODEL DECISION: Bio-filtration (Confidence: 99.3%). MODEL EXPLANATION: SHAP indicates the primary model contributors were TSS_mg_L, E_coli_CFU_100mL, DO_mg_L. FINAL DECISION: Bio-filtration was approved with action 'PROCEED_WITH_TREATMENT'. No safety, anomaly, meteorological, or storage overrides were triggered."
140,Sewer Bypass,0.9998,TSS_mg_L,268.45,2.2087,DO_mg_L,0.3,2.1184,COD_mg_L,852.08,1.5366,Sewer Bypass,SAFETY_OVERRIDE,True,WQ_HIGH_COD|WQ_HIGH_TURBIDITY|WQ_HIGH_TSS|WQ_SEPTIC_RISK|WQ_CRITICAL|ANOMALY_CLEAN|MODEL_HIGH_CONFIDENCE|ROUTE_SEWER|STORAGE_NORMAL|OVERRIDE_SAFETY_CRITICAL,"MODEL DECISION: Sewer Bypass (Confidence: 100.0%). MODEL EXPLANATION: SHAP indicates the primary model contributors were TSS_mg_L, DO_mg_L, COD_mg_L. SAFETY OVERRIDE: Although the ML model predicted Sewer Bypass, an independent critical water-quality condition triggered the highest-priority safety rule. Therefore, the final route was changed to Sewer Bypass."
141,Bio-filtration,0.9992,Greywater_Source_Mixed,1.0,0.853,TSS_mg_L,91.22,0.5431,E_coli_CFU_100mL,103289.0,0.447,Bio-filtration,PROCEED_WITH_TREATMENT,False,WQ_HIGH_ECOLI|ANOMALY_CLEAN|MODEL_HIGH_CONFIDENCE|ROUTE_BIOFILTRATION|STORAGE_NORMAL|WEATHER_FAVORABLE,"MODEL DECISION: Bio-filtration (Confidence: 99.9%). MODEL EXPLANATION: SHAP indicates the primary model contributors were Greywater_Source_Mixed, TSS_mg_L, E_coli_CFU_100mL. FINAL DECISION: Bio-filtration was approved with action 'PROCEED_WITH_TREATMENT'. No safety, anomaly, meteorological, or storage overrides were triggered."
142,Sewer Bypass,0.9983,DO_mg_L,0.3,2.8163,COD_mg_L,973.59,2.0393,SAL_ppt,0.6,0.6116,Sewer Bypass,SAFETY_OVERRIDE,True,WQ_HIGH_COD|WQ_HIGH_BOD|WQ_HIGH_TURBIDITY|WQ_HIGH_SALINITY|WQ_SEPTIC_RISK|WQ_CRITICAL|ANOMALY_CLEAN|MODEL_HIGH_CONFIDENCE|ROUTE_SEWER|STORAGE_NORMAL|OVERRIDE_SAFETY_CRITICAL,"MODEL DECISION: Sewer Bypass (Confidence: 99.8%). MODEL EXPLANATION: SHAP indicates the primary model contributors were DO_mg_L, COD_mg_L, SAL_ppt. SAFETY OVERRIDE: Although the ML model predicted Sewer Bypass, an independent critical water-quality condition triggered the highest-priority safety rule. Therefore, the final route was changed to Sewer Bypass."
143,Bio-filtration,0.9916,E_coli_CFU_100mL,290843.0,0.42,BOD_mg_L,169.04,0.332,Greywater_Source_Mixed,0.0,-0.2739,Bio-filtration,PROCEED_WITH_TREATMENT,False,WQ_HIGH_ECOLI|ANOMALY_CLEAN|MODEL_HIGH_CONFIDENCE|ROUTE_BIOFILTRATION|STORAGE_NORMAL|WEATHER_FAVORABLE,"MODEL DECISION: Bio-filtration (Confidence: 99.2%). MODEL EXPLANATION: SHAP indicates the primary model contributors were E_coli_CFU_100mL, BOD_mg_L, Greywater_Source_Mixed. FINAL DECISION: Bio-filtration was approved with action 'PROCEED_WITH_TREATMENT'. No safety, anomaly, meteorological, or storage overrides were triggered."
144,Bio-filtration,0.957,E_coli_CFU_100mL,189884.0,0.513,TSS_mg_L,29.72,-0.3757,Greywater_Source_Mixed,0.0,-0.2972,Bio-filtration,PROCEED_WITH_TREATMENT,False,WQ_HIGH_ECOLI|WQ_HIGH_BOD|ANOMALY_CLEAN|MODEL_HIGH_CONFIDENCE|ROUTE_BIOFILTRATION|STORAGE_NORMAL|WEATHER_FAVORABLE,"MODEL DECISION: Bio-filtration (Confidence: 95.7%). MODEL EXPLANATION: SHAP indicates the primary model contributors were E_coli_CFU_100mL, TSS_mg_L, Greywater_Source_Mixed. FINAL DECISION: Bio-filtration was approved with action 'PROCEED_WITH_TREATMENT'. No safety, anomaly, meteorological, or storage overrides were triggered."
145,Bio-filtration,0.9749,Greywater_Source_Mixed,1.0,1.0561,TSS_mg_L,42.96,-0.3614,BOD_mg_L,242.78,0.3563,Bio-filtration,PROCEED_WITH_TREATMENT,False,WQ_ACCEPTABLE|ANOMALY_CLEAN|MODEL_HIGH_CONFIDENCE|ROUTE_BIOFILTRATION|STORAGE_NORMAL|WEATHER_FAVORABLE,"MODEL DECISION: Bio-filtration (Confidence: 97.5%). MODEL EXPLANATION: SHAP indicates the primary model contributors were Greywater_Source_Mixed, TSS_mg_L, BOD_mg_L. FINAL DECISION: Bio-filtration was approved with action 'PROCEED_WITH_TREATMENT'. No safety, anomaly, meteorological, or storage overrides were triggered."
146,Sewer Bypass,0.9906,DO_mg_L,0.32,2.9332,COD_mg_L,774.32,2.3108,BOD_mg_L,242.22,-0.4262,Sewer Bypass,SAFETY_OVERRIDE,True,WQ_HIGH_COD|WQ_HIGH_TURBIDITY|WQ_SEPTIC_RISK|WQ_CRITICAL|ANOMALY_CLEAN|MODEL_HIGH_CONFIDENCE|ROUTE_SEWER|STORAGE_NORMAL|OVERRIDE_SAFETY_CRITICAL,"MODEL DECISION: Sewer Bypass (Confidence: 99.1%). MODEL EXPLANATION: SHAP indicates the primary model contributors were DO_mg_L, COD_mg_L, BOD_mg_L. SAFETY OVERRIDE: Although the ML model predicted Sewer Bypass, an independent critical water-quality condition triggered the highest-priority safety rule. Therefore, the final route was changed to Sewer Bypass."
147,Restricted Irrigation,0.9781,TSS_mg_L,12.51,1.0159,E_coli_CFU_100mL,6895.0,0.752,COD_mg_L,134.28,0.7418,Restricted Irrigation,ALLOW_ROUTE,False,WQ_ACCEPTABLE|ANOMALY_CLEAN|MODEL_HIGH_CONFIDENCE|ROUTE_IRRIGATION|STORAGE_NORMAL|WEATHER_FAVORABLE,"MODEL DECISION: Restricted Irrigation (Confidence: 97.8%). MODEL EXPLANATION: SHAP indicates the primary model contributors were TSS_mg_L, E_coli_CFU_100mL, COD_mg_L. FINAL DECISION: Restricted Irrigation was approved with action 'ALLOW_ROUTE'. No safety, anomaly, meteorological, or storage overrides were triggered."
148,Sewer Bypass,0.9999,E_coli_CFU_100mL,2031686.0,1.9789,DO_mg_L,0.61,1.8044,COD_mg_L,785.76,1.2608,Sewer Bypass,SAFETY_OVERRIDE,True,WQ_HIGH_ECOLI|WQ_HIGH_COD|WQ_HIGH_BOD|WQ_HIGH_TURBIDITY|WQ_SEPTIC_RISK|WQ_CRITICAL|ANOMALY_CLEAN|MODEL_HIGH_CONFIDENCE|ROUTE_SEWER|STORAGE_NORMAL|OVERRIDE_SAFETY_CRITICAL,"MODEL DECISION: Sewer Bypass (Confidence: 100.0%). MODEL EXPLANATION: SHAP indicates the primary model contributors were E_coli_CFU_100mL, DO_mg_L, COD_mg_L. SAFETY OVERRIDE: Although the ML model predicted Sewer Bypass, an independent critical water-quality condition triggered the highest-priority safety rule. Therefore, the final route was changed to Sewer Bypass."
149,Bio-filtration,0.9843,E_coli_CFU_100mL,168644.0,0.5312,Greywater_Source_Mixed,0.0,-0.2847,DO_mg_L,4.49,0.1294,Bio-filtration,PROCEED_WITH_TREATMENT,False,WQ_HIGH_ECOLI|ANOMALY_CLEAN|MODEL_HIGH_CONFIDENCE|ROUTE_BIOFILTRATION|STORAGE_NORMAL|WEATHER_FAVORABLE,"MODEL DECISION: Bio-filtration (Confidence: 98.4%). MODEL EXPLANATION: SHAP indicates the primary model contributors were E_coli_CFU_100mL, Greywater_Source_Mixed, DO_mg_L. FINAL DECISION: Bio-filtration was approved with action 'PROCEED_WITH_TREATMENT'. No safety, anomaly, meteorological, or storage overrides were triggered."
150,Bio-filtration,0.9807,TSS_mg_L,211.51,0.6693,BOD_mg_L,273.09,0.3573,DO_mg_L,3.04,0.3013,Bio-filtration,PROCEED_WITH_TREATMENT,False,WQ_EXTREME_PH|WQ_HIGH_COD|WQ_HIGH_BOD|WQ_HIGH_TURBIDITY|ANOMALY_CLEAN|MODEL_HIGH_CONFIDENCE|ROUTE_BIOFILTRATION|STORAGE_NORMAL|WEATHER_FAVORABLE,"MODEL DECISION: Bio-filtration (Confidence: 98.1%). MODEL EXPLANATION: SHAP indicates the primary model contributors were TSS_mg_L, BOD_mg_L, DO_mg_L. FINAL DECISION: Bio-filtration was approved with action 'PROCEED_WITH_TREATMENT'. No safety, anomaly, meteorological, or storage overrides were triggered."
151,Sewer Bypass,0.9574,TSS_mg_L,298.17,2.7108,COD_mg_L,658.7,0.9323,DO_mg_L,1.03,-0.6141,Sewer Bypass,SAFETY_OVERRIDE,True,WQ_HIGH_ECOLI|WQ_HIGH_COD|WQ_HIGH_BOD|WQ_HIGH_TURBIDITY|WQ_HIGH_TSS|WQ_CRITICAL|ANOMALY_CLEAN|MODEL_HIGH_CONFIDENCE|ROUTE_SEWER|STORAGE_NORMAL|OVERRIDE_SAFETY_CRITICAL,"MODEL DECISION: Sewer Bypass (Confidence: 95.7%). MODEL EXPLANATION: SHAP indicates the primary model contributors were TSS_mg_L, COD_mg_L, DO_mg_L. SAFETY OVERRIDE: Although the ML model predicted Sewer Bypass, an independent critical water-quality condition triggered the highest-priority safety rule. Therefore, the final route was changed to Sewer Bypass."
152,Bio-filtration,0.9729,E_coli_CFU_100mL,75452.0,0.5822,TSS_mg_L,26.84,-0.4364,Greywater_Source_Mixed,0.0,-0.3193,Bio-filtration,PROCEED_WITH_TREATMENT,False,WQ_ACCEPTABLE|ANOMALY_CLEAN|MODEL_HIGH_CONFIDENCE|ROUTE_BIOFILTRATION|STORAGE_NORMAL|WEATHER_FAVORABLE,"MODEL DECISION: Bio-filtration (Confidence: 97.3%). MODEL EXPLANATION: SHAP indicates the primary model contributors were E_coli_CFU_100mL, TSS_mg_L, Greywater_Source_Mixed. FINAL DECISION: Bio-filtration was approved with action 'PROCEED_WITH_TREATMENT'. No safety, anomaly, meteorological, or storage overrides were triggered."
153,Bio-filtration,0.98,TSS_mg_L,189.95,0.6552,DO_mg_L,1.56,0.3502,BOD_mg_L,348.1,0.268,Bio-filtration,PROCEED_WITH_TREATMENT,False,WQ_HIGH_COD|WQ_HIGH_BOD|WQ_HIGH_TURBIDITY|ANOMALY_CLEAN|MODEL_HIGH_CONFIDENCE|ROUTE_BIOFILTRATION|STORAGE_NORMAL|WEATHER_FAVORABLE,"MODEL DECISION: Bio-filtration (Confidence: 98.0%). MODEL EXPLANATION: SHAP indicates the primary model contributors were TSS_mg_L, DO_mg_L, BOD_mg_L. FINAL DECISION: Bio-filtration was approved with action 'PROCEED_WITH_TREATMENT'. No safety, anomaly, meteorological, or storage overrides were triggered."
154,Sewer Bypass,0.9998,TSS_mg_L,350.0,2.9046,TUR_NTU,149.93,1.74,DO_mg_L,2.18,-0.9085,Sewer Bypass,SAFETY_OVERRIDE,True,WQ_HIGH_COD|WQ_HIGH_BOD|WQ_HIGH_TURBIDITY|WQ_HIGH_TSS|WQ_CRITICAL|ANOMALY_CLEAN|MODEL_HIGH_CONFIDENCE|ROUTE_SEWER|STORAGE_NORMAL|OVERRIDE_SAFETY_CRITICAL,"MODEL DECISION: Sewer Bypass (Confidence: 100.0%). MODEL EXPLANATION: SHAP indicates the primary model contributors were TSS_mg_L, TUR_NTU, DO_mg_L. SAFETY OVERRIDE: Although the ML model predicted Sewer Bypass, an independent critical water-quality condition triggered the highest-priority safety rule. Therefore, the final route was changed to Sewer Bypass."
155,Bio-filtration,0.9755,TSS_mg_L,105.76,0.756,Greywater_Source_Mixed,0.0,-0.2755,DO_mg_L,2.92,0.1761,Bio-filtration,PROCEED_WITH_TREATMENT,False,WQ_EXTREME_PH|ANOMALY_CLEAN|MODEL_HIGH_CONFIDENCE|ROUTE_BIOFILTRATION|STORAGE_NORMAL|WEATHER_FAVORABLE,"MODEL DECISION: Bio-filtration (Confidence: 97.5%). MODEL EXPLANATION: SHAP indicates the primary model contributors were TSS_mg_L, Greywater_Source_Mixed, DO_mg_L. FINAL DECISION: Bio-filtration was approved with action 'PROCEED_WITH_TREATMENT'. No safety, anomaly, meteorological, or storage overrides were triggered."
156,Sewer Bypass,0.9981,DO_mg_L,0.3,2.791,COD_mg_L,1000.0,2.0469,TUR_NTU,132.83,0.4308,Sewer Bypass,SAFETY_OVERRIDE,True,WQ_HIGH_COD|WQ_HIGH_BOD|WQ_HIGH_TURBIDITY|WQ_SEPTIC_RISK|WQ_CRITICAL|ANOMALY_CLEAN|MODEL_HIGH_CONFIDENCE|ROUTE_SEWER|STORAGE_NORMAL|OVERRIDE_SAFETY_CRITICAL,"MODEL DECISION: Sewer Bypass (Confidence: 99.8%). MODEL EXPLANATION: SHAP indicates the primary model contributors were DO_mg_L, COD_mg_L, TUR_NTU. SAFETY OVERRIDE: Although the ML model predicted Sewer Bypass, an independent critical water-quality condition triggered the highest-priority safety rule. Therefore, the final route was changed to Sewer Bypass."
157,Bio-filtration,0.9115,TSS_mg_L,65.23,-0.4666,BOD_mg_L,220.8,0.3677,Greywater_Source_Mixed,0.0,-0.3059,Bio-filtration,PROCEED_WITH_TREATMENT,False,WQ_ACCEPTABLE|ANOMALY_CLEAN|MODEL_HIGH_CONFIDENCE|ROUTE_BIOFILTRATION|STORAGE_NORMAL|WEATHER_FAVORABLE,"MODEL DECISION: Bio-filtration (Confidence: 91.1%). MODEL EXPLANATION: SHAP indicates the primary model contributors were TSS_mg_L, BOD_mg_L, Greywater_Source_Mixed. FINAL DECISION: Bio-filtration was approved with action 'PROCEED_WITH_TREATMENT'. No safety, anomaly, meteorological, or storage overrides were triggered."
158,Restricted Irrigation,0.9847,TSS_mg_L,63.27,1.1892,COD_mg_L,124.4,0.804,E_coli_CFU_100mL,9427.0,0.7297,Restricted Irrigation,ALLOW_ROUTE,False,WQ_ACCEPTABLE|ANOMALY_CLEAN|MODEL_HIGH_CONFIDENCE|ROUTE_IRRIGATION|STORAGE_NORMAL|WEATHER_FAVORABLE,"MODEL DECISION: Restricted Irrigation (Confidence: 98.5%). MODEL EXPLANATION: SHAP indicates the primary model contributors were TSS_mg_L, COD_mg_L, E_coli_CFU_100mL. FINAL DECISION: Restricted Irrigation was approved with action 'ALLOW_ROUTE'. No safety, anomaly, meteorological, or storage overrides were triggered."
159,Restricted Irrigation,0.9859,TSS_mg_L,72.28,1.1473,E_coli_CFU_100mL,10534.0,0.7478,COD_mg_L,133.36,0.7173,Restricted Irrigation,ALLOW_ROUTE,False,WQ_ACCEPTABLE|ANOMALY_CLEAN|MODEL_HIGH_CONFIDENCE|ROUTE_IRRIGATION|STORAGE_NORMAL|WEATHER_FAVORABLE,"MODEL DECISION: Restricted Irrigation (Confidence: 98.6%). MODEL EXPLANATION: SHAP indicates the primary model contributors were TSS_mg_L, E_coli_CFU_100mL, COD_mg_L. FINAL DECISION: Restricted Irrigation was approved with action 'ALLOW_ROUTE'. No safety, anomaly, meteorological, or storage overrides were triggered."
160,Restricted Irrigation,0.989,TSS_mg_L,56.54,1.1894,E_coli_CFU_100mL,2266.0,0.7719,Greywater_Source_Bathroom,1.0,0.6372,Restricted Irrigation,ALLOW_ROUTE,False,WQ_ACCEPTABLE|ANOMALY_CLEAN|MODEL_HIGH_CONFIDENCE|ROUTE_IRRIGATION|STORAGE_NORMAL|WEATHER_FAVORABLE,"MODEL DECISION: Restricted Irrigation (Confidence: 98.9%). MODEL EXPLANATION: SHAP indicates the primary model contributors were TSS_mg_L, E_coli_CFU_100mL, Greywater_Source_Bathroom. FINAL DECISION: Restricted Irrigation was approved with action 'ALLOW_ROUTE'. No safety, anomaly, meteorological, or storage overrides were triggered."
161,Sewer Bypass,0.9999,E_coli_CFU_100mL,1119282.0,2.0527,DO_mg_L,0.37,1.9759,COD_mg_L,873.65,1.1783,Sewer Bypass,SAFETY_OVERRIDE,True,WQ_HIGH_ECOLI|WQ_HIGH_COD|WQ_HIGH_BOD|WQ_HIGH_SALINITY|WQ_SEPTIC_RISK|WQ_CRITICAL|ANOMALY_DETECTED|MODEL_HIGH_CONFIDENCE|ROUTE_SEWER|STORAGE_NORMAL|OVERRIDE_SAFETY_CRITICAL,"MODEL DECISION: Sewer Bypass (Confidence: 100.0%). MODEL EXPLANATION: SHAP indicates the primary model contributors were E_coli_CFU_100mL, DO_mg_L, COD_mg_L. SAFETY OVERRIDE: Although the ML model predicted Sewer Bypass, an independent critical water-quality condition triggered the highest-priority safety rule. Therefore, the final route was changed to Sewer Bypass."
162,Bio-filtration,0.9993,Greywater_Source_Mixed,1.0,0.9003,TSS_mg_L,111.05,0.6196,BOD_mg_L,227.78,0.3533,Bio-filtration,PROCEED_WITH_TREATMENT,False,WQ_ACCEPTABLE|ANOMALY_CLEAN|MODEL_HIGH_CONFIDENCE|ROUTE_BIOFILTRATION|STORAGE_NORMAL|WEATHER_FAVORABLE,"MODEL DECISION: Bio-filtration (Confidence: 99.9%). MODEL EXPLANATION: SHAP indicates the primary model contributors were Greywater_Source_Mixed, TSS_mg_L, BOD_mg_L. FINAL DECISION: Bio-filtration was approved with action 'PROCEED_WITH_TREATMENT'. No safety, anomaly, meteorological, or storage overrides were triggered."
163,Sewer Bypass,0.9842,DO_mg_L,0.55,2.8019,COD_mg_L,901.34,2.3675,BOD_mg_L,187.78,-0.4461,Sewer Bypass,SAFETY_OVERRIDE,True,WQ_HIGH_ECOLI|WQ_HIGH_COD|WQ_HIGH_TURBIDITY|WQ_SEPTIC_RISK|WQ_CRITICAL|ANOMALY_CLEAN|MODEL_HIGH_CONFIDENCE|ROUTE_SEWER|STORAGE_NORMAL|OVERRIDE_SAFETY_CRITICAL,"MODEL DECISION: Sewer Bypass (Confidence: 98.4%). MODEL EXPLANATION: SHAP indicates the primary model contributors were DO_mg_L, COD_mg_L, BOD_mg_L. SAFETY OVERRIDE: Although the ML model predicted Sewer Bypass, an independent critical water-quality condition triggered the highest-priority safety rule. Therefore, the final route was changed to Sewer Bypass."
164,Sewer Bypass,0.9998,E_coli_CFU_100mL,649560.0,2.1839,DO_mg_L,0.45,1.9059,COD_mg_L,754.42,1.3564,Sewer Bypass,SAFETY_OVERRIDE,True,WQ_HIGH_ECOLI|WQ_HIGH_COD|WQ_HIGH_TURBIDITY|WQ_SEPTIC_RISK|WQ_CRITICAL|ANOMALY_CLEAN|MODEL_HIGH_CONFIDENCE|ROUTE_SEWER|STORAGE_NORMAL|OVERRIDE_SAFETY_CRITICAL,"MODEL DECISION: Sewer Bypass (Confidence: 100.0%). MODEL EXPLANATION: SHAP indicates the primary model contributors were E_coli_CFU_100mL, DO_mg_L, COD_mg_L. SAFETY OVERRIDE: Although the ML model predicted Sewer Bypass, an independent critical water-quality condition triggered the highest-priority safety rule. Therefore, the final route was changed to Sewer Bypass."
165,Bio-filtration,0.9992,Greywater_Source_Mixed,1.0,0.8809,TSS_mg_L,207.47,0.5674,BOD_mg_L,145.14,0.3364,Bio-filtration,PROCEED_WITH_TREATMENT,False,WQ_ACCEPTABLE|ANOMALY_CLEAN|MODEL_HIGH_CONFIDENCE|ROUTE_BIOFILTRATION|STORAGE_NORMAL|WEATHER_FAVORABLE,"MODEL DECISION: Bio-filtration (Confidence: 99.9%). MODEL EXPLANATION: SHAP indicates the primary model contributors were Greywater_Source_Mixed, TSS_mg_L, BOD_mg_L. FINAL DECISION: Bio-filtration was approved with action 'PROCEED_WITH_TREATMENT'. No safety, anomaly, meteorological, or storage overrides were triggered."
166,Bio-filtration,0.9382,TSS_mg_L,190.83,0.6009,E_coli_CFU_100mL,181477.0,0.3883,DO_mg_L,2.91,0.3631,Bio-filtration,PROCEED_WITH_TREATMENT,False,WQ_HIGH_ECOLI|WQ_HIGH_COD|WQ_HIGH_BOD|WQ_HIGH_TURBIDITY|ANOMALY_CLEAN|MODEL_HIGH_CONFIDENCE|ROUTE_BIOFILTRATION|STORAGE_NORMAL|WEATHER_FAVORABLE,"MODEL DECISION: Bio-filtration (Confidence: 93.8%). MODEL EXPLANATION: SHAP indicates the primary model contributors were TSS_mg_L, E_coli_CFU_100mL, DO_mg_L. FINAL DECISION: Bio-filtration was approved with action 'PROCEED_WITH_TREATMENT'. No safety, anomaly, meteorological, or storage overrides were triggered."
167,Sewer Bypass,0.8895,DO_mg_L,0.3,2.4445,COD_mg_L,573.75,0.5716,TSS_mg_L,62.26,-0.3795,Sewer Bypass,DISCHARGE_TO_SEWER,False,WQ_HIGH_COD|WQ_HIGH_BOD|ANOMALY_CLEAN|MODEL_HIGH_CONFIDENCE|ROUTE_SEWER|STORAGE_NORMAL,"MODEL DECISION: Sewer Bypass (Confidence: 88.9%). MODEL EXPLANATION: SHAP indicates the primary model contributors were DO_mg_L, COD_mg_L, TSS_mg_L. FINAL DECISION: Sewer Bypass was approved with action 'DISCHARGE_TO_SEWER'. No safety, anomaly, meteorological, or storage overrides were triggered."
168,Restricted Irrigation,0.9929,TSS_mg_L,46.7,1.1744,E_coli_CFU_100mL,45093.0,0.8767,COD_mg_L,152.87,0.7735,Restricted Irrigation,ALLOW_ROUTE,False,WQ_ACCEPTABLE|ANOMALY_CLEAN|MODEL_HIGH_CONFIDENCE|ROUTE_IRRIGATION|STORAGE_NORMAL|WEATHER_FAVORABLE,"MODEL DECISION: Restricted Irrigation (Confidence: 99.3%). MODEL EXPLANATION: SHAP indicates the primary model contributors were TSS_mg_L, E_coli_CFU_100mL, COD_mg_L. FINAL DECISION: Restricted Irrigation was approved with action 'ALLOW_ROUTE'. No safety, anomaly, meteorological, or storage overrides were triggered."
169,Restricted Irrigation,0.9932,TSS_mg_L,31.32,1.1786,E_coli_CFU_100mL,17464.0,0.7894,COD_mg_L,143.17,0.7422,Restricted Irrigation,ALLOW_ROUTE,False,WQ_ACCEPTABLE|ANOMALY_CLEAN|MODEL_HIGH_CONFIDENCE|ROUTE_IRRIGATION|STORAGE_NORMAL|WEATHER_FAVORABLE,"MODEL DECISION: Restricted Irrigation (Confidence: 99.3%). MODEL EXPLANATION: SHAP indicates the primary model contributors were TSS_mg_L, E_coli_CFU_100mL, COD_mg_L. FINAL DECISION: Restricted Irrigation was approved with action 'ALLOW_ROUTE'. No safety, anomaly, meteorological, or storage overrides were triggered."
170,Bio-filtration,0.9674,Greywater_Source_Mixed,1.0,1.0643,TSS_mg_L,41.28,-0.3495,BOD_mg_L,179.99,0.3482,Bio-filtration,PROCEED_WITH_TREATMENT,False,WQ_ACCEPTABLE|ANOMALY_CLEAN|MODEL_HIGH_CONFIDENCE|ROUTE_BIOFILTRATION|STORAGE_NORMAL|WEATHER_FAVORABLE,"MODEL DECISION: Bio-filtration (Confidence: 96.7%). MODEL EXPLANATION: SHAP indicates the primary model contributors were Greywater_Source_Mixed, TSS_mg_L, BOD_mg_L. FINAL DECISION: Bio-filtration was approved with action 'PROCEED_WITH_TREATMENT'. No safety, anomaly, meteorological, or storage overrides were triggered."
171,Sewer Bypass,0.9998,DO_mg_L,0.58,2.2656,COD_mg_L,724.73,2.176,BOD_mg_L,414.13,1.8812,Sewer Bypass,SAFETY_OVERRIDE,True,WQ_HIGH_ECOLI|WQ_HIGH_COD|WQ_HIGH_BOD|WQ_HIGH_TURBIDITY|WQ_SEPTIC_RISK|WQ_CRITICAL|ANOMALY_CLEAN|MODEL_HIGH_CONFIDENCE|ROUTE_SEWER|STORAGE_NORMAL|OVERRIDE_SAFETY_CRITICAL,"MODEL DECISION: Sewer Bypass (Confidence: 100.0%). MODEL EXPLANATION: SHAP indicates the primary model contributors were DO_mg_L, COD_mg_L, BOD_mg_L. SAFETY OVERRIDE: Although the ML model predicted Sewer Bypass, an independent critical water-quality condition triggered the highest-priority safety rule. Therefore, the final route was changed to Sewer Bypass."
172,Bio-filtration,0.9499,TSS_mg_L,171.57,0.6069,DO_mg_L,1.32,0.4054,E_coli_CFU_100mL,212510.0,0.3823,Sewer Bypass,SAFETY_OVERRIDE,True,WQ_HIGH_ECOLI|WQ_HIGH_COD|WQ_HIGH_BOD|WQ_HIGH_TURBIDITY|WQ_CRITICAL|ANOMALY_CLEAN|MODEL_HIGH_CONFIDENCE|ROUTE_BIOFILTRATION|STORAGE_NORMAL|WEATHER_FAVORABLE|OVERRIDE_SAFETY_CRITICAL,"MODEL DECISION: Bio-filtration (Confidence: 95.0%). MODEL EXPLANATION: SHAP indicates the primary model contributors were TSS_mg_L, DO_mg_L, E_coli_CFU_100mL. SAFETY OVERRIDE: Although the ML model predicted Bio-filtration, an independent critical water-quality condition triggered the highest-priority safety rule. Therefore, the final route was changed to Sewer Bypass."
173,Sewer Bypass,0.9519,TSS_mg_L,263.53,4.3943,COD_mg_L,283.79,-1.0057,DO_mg_L,3.41,-0.4631,Sewer Bypass,SAFETY_OVERRIDE,True,WQ_HIGH_TURBIDITY|WQ_HIGH_TSS|WQ_CRITICAL|ANOMALY_CLEAN|MODEL_HIGH_CONFIDENCE|ROUTE_SEWER|STORAGE_NORMAL|OVERRIDE_SAFETY_CRITICAL,"MODEL DECISION: Sewer Bypass (Confidence: 95.2%). MODEL EXPLANATION: SHAP indicates the primary model contributors were TSS_mg_L, COD_mg_L, DO_mg_L. SAFETY OVERRIDE: Although the ML model predicted Sewer Bypass, an independent critical water-quality condition triggered the highest-priority safety rule. Therefore, the final route was changed to Sewer Bypass."
174,Restricted Irrigation,0.992,TSS_mg_L,42.56,1.196,E_coli_CFU_100mL,6941.0,0.802,Greywater_Source_Bathroom,1.0,0.6353,Restricted Irrigation,ALLOW_ROUTE,False,WQ_ACCEPTABLE|ANOMALY_CLEAN|MODEL_HIGH_CONFIDENCE|ROUTE_IRRIGATION|STORAGE_NORMAL|WEATHER_FAVORABLE,"MODEL DECISION: Restricted Irrigation (Confidence: 99.2%). MODEL EXPLANATION: SHAP indicates the primary model contributors were TSS_mg_L, E_coli_CFU_100mL, Greywater_Source_Bathroom. FINAL DECISION: Restricted Irrigation was approved with action 'ALLOW_ROUTE'. No safety, anomaly, meteorological, or storage overrides were triggered."
175,Bio-filtration,0.9349,DO_mg_L,0.67,-1.1535,Greywater_Source_Mixed,1.0,1.1244,TSS_mg_L,163.65,0.4891,Bio-filtration,PROCEED_WITH_TREATMENT,False,WQ_HIGH_TURBIDITY|ANOMALY_CLEAN|MODEL_HIGH_CONFIDENCE|ROUTE_BIOFILTRATION|STORAGE_NORMAL|WEATHER_FAVORABLE,"MODEL DECISION: Bio-filtration (Confidence: 93.5%). MODEL EXPLANATION: SHAP indicates the primary model contributors were DO_mg_L, Greywater_Source_Mixed, TSS_mg_L. FINAL DECISION: Bio-filtration was approved with action 'PROCEED_WITH_TREATMENT'. No safety, anomaly, meteorological, or storage overrides were triggered."
176,Sewer Bypass,0.9805,TSS_mg_L,278.97,4.0292,E_coli_CFU_100mL,363937.0,0.5912,DO_mg_L,3.13,-0.4374,Sewer Bypass,SAFETY_OVERRIDE,True,WQ_HIGH_ECOLI|WQ_HIGH_TURBIDITY|WQ_HIGH_TSS|WQ_CRITICAL|ANOMALY_CLEAN|MODEL_HIGH_CONFIDENCE|ROUTE_SEWER|STORAGE_NORMAL|OVERRIDE_SAFETY_CRITICAL,"MODEL DECISION: Sewer Bypass (Confidence: 98.0%). MODEL EXPLANATION: SHAP indicates the primary model contributors were TSS_mg_L, E_coli_CFU_100mL, DO_mg_L. SAFETY OVERRIDE: Although the ML model predicted Sewer Bypass, an independent critical water-quality condition triggered the highest-priority safety rule. Therefore, the final route was changed to Sewer Bypass."
177,Bio-filtration,0.9933,TSS_mg_L,181.7,0.6692,BOD_mg_L,164.32,0.3672,TUR_NTU,110.21,0.2638,Bio-filtration,PROCEED_WITH_TREATMENT,False,WQ_HIGH_TURBIDITY|ANOMALY_CLEAN|MODEL_HIGH_CONFIDENCE|ROUTE_BIOFILTRATION|STORAGE_NORMAL|WEATHER_FAVORABLE,"MODEL DECISION: Bio-filtration (Confidence: 99.3%). MODEL EXPLANATION: SHAP indicates the primary model contributors were TSS_mg_L, BOD_mg_L, TUR_NTU. FINAL DECISION: Bio-filtration was approved with action 'PROCEED_WITH_TREATMENT'. No safety, anomaly, meteorological, or storage overrides were triggered."
178,Bio-filtration,0.9919,TSS_mg_L,104.11,0.736,BOD_mg_L,123.21,0.3492,Greywater_Source_Mixed,0.0,-0.2665,Bio-filtration,PROCEED_WITH_TREATMENT,False,WQ_ACCEPTABLE|ANOMALY_CLEAN|MODEL_HIGH_CONFIDENCE|ROUTE_BIOFILTRATION|STORAGE_NORMAL|WEATHER_FAVORABLE,"MODEL DECISION: Bio-filtration (Confidence: 99.2%). MODEL EXPLANATION: SHAP indicates the primary model contributors were TSS_mg_L, BOD_mg_L, Greywater_Source_Mixed. FINAL DECISION: Bio-filtration was approved with action 'PROCEED_WITH_TREATMENT'. No safety, anomaly, meteorological, or storage overrides were triggered."
179,Restricted Irrigation,0.9887,TSS_mg_L,67.23,1.1523,E_coli_CFU_100mL,33014.0,0.8329,Greywater_Source_Bathroom,1.0,0.6351,Restricted Irrigation,ALLOW_ROUTE,False,WQ_ACCEPTABLE|ANOMALY_CLEAN|MODEL_HIGH_CONFIDENCE|ROUTE_IRRIGATION|STORAGE_NORMAL|WEATHER_FAVORABLE,"MODEL DECISION: Restricted Irrigation (Confidence: 98.9%). MODEL EXPLANATION: SHAP indicates the primary model contributors were TSS_mg_L, E_coli_CFU_100mL, Greywater_Source_Bathroom. FINAL DECISION: Restricted Irrigation was approved with action 'ALLOW_ROUTE'. No safety, anomaly, meteorological, or storage overrides were triggered."
180,Bio-filtration,0.8423,TSS_mg_L,234.75,0.5098,DO_mg_L,1.29,0.3986,E_coli_CFU_100mL,431902.0,0.3241,Bio-filtration,PROCEED_WITH_TREATMENT,False,WQ_HIGH_ECOLI|WQ_HIGH_COD|WQ_HIGH_TURBIDITY|ANOMALY_CLEAN|MODEL_HIGH_CONFIDENCE|ROUTE_BIOFILTRATION|STORAGE_NORMAL|WEATHER_FAVORABLE,"MODEL DECISION: Bio-filtration (Confidence: 84.2%). MODEL EXPLANATION: SHAP indicates the primary model contributors were TSS_mg_L, DO_mg_L, E_coli_CFU_100mL. FINAL DECISION: Bio-filtration was approved with action 'PROCEED_WITH_TREATMENT'. No safety, anomaly, meteorological, or storage overrides were triggered."
181,Restricted Irrigation,0.9823,TSS_mg_L,16.23,1.0092,E_coli_CFU_100mL,40022.0,0.8904,Greywater_Source_Bathroom,1.0,0.6127,Restricted Irrigation,ALLOW_ROUTE,False,WQ_ACCEPTABLE|ANOMALY_CLEAN|MODEL_HIGH_CONFIDENCE|ROUTE_IRRIGATION|STORAGE_NORMAL|WEATHER_FAVORABLE,"MODEL DECISION: Restricted Irrigation (Confidence: 98.2%). MODEL EXPLANATION: SHAP indicates the primary model contributors were TSS_mg_L, E_coli_CFU_100mL, Greywater_Source_Bathroom. FINAL DECISION: Restricted Irrigation was approved with action 'ALLOW_ROUTE'. No safety, anomaly, meteorological, or storage overrides were triggered."
182,Restricted Irrigation,0.9831,TSS_mg_L,66.22,1.1397,E_coli_CFU_100mL,50539.0,0.88,Greywater_Source_Bathroom,1.0,0.6164,Restricted Irrigation,ALLOW_ROUTE,False,WQ_ACCEPTABLE|ANOMALY_CLEAN|MODEL_HIGH_CONFIDENCE|ROUTE_IRRIGATION|STORAGE_NORMAL|WEATHER_FAVORABLE,"MODEL DECISION: Restricted Irrigation (Confidence: 98.3%). MODEL EXPLANATION: SHAP indicates the primary model contributors were TSS_mg_L, E_coli_CFU_100mL, Greywater_Source_Bathroom. FINAL DECISION: Restricted Irrigation was approved with action 'ALLOW_ROUTE'. No safety, anomaly, meteorological, or storage overrides were triggered."
183,Sewer Bypass,0.5438,TUR_NTU,152.62,2.0049,DO_mg_L,2.04,-0.6515,BOD_mg_L,229.6,-0.4679,Sewer Bypass,SAFETY_OVERRIDE,True,WQ_HIGH_TURBIDITY|WQ_CRITICAL|ANOMALY_CLEAN|MODEL_LOW_CONFIDENCE|ROUTE_SEWER|STORAGE_NORMAL|OVERRIDE_SAFETY_CRITICAL,"MODEL DECISION: Sewer Bypass (Confidence: 54.4%). MODEL EXPLANATION: SHAP indicates the primary model contributors were TUR_NTU, DO_mg_L, BOD_mg_L. SAFETY OVERRIDE: Although the ML model predicted Sewer Bypass, an independent critical water-quality condition triggered the highest-priority safety rule. Therefore, the final route was changed to Sewer Bypass."
184,Sewer Bypass,0.9995,TSS_mg_L,307.43,2.3985,TUR_NTU,149.71,1.3007,DO_mg_L,0.42,1.0433,Sewer Bypass,SAFETY_OVERRIDE,True,WQ_HIGH_COD|WQ_HIGH_TURBIDITY|WQ_HIGH_TSS|WQ_CRITICAL|ANOMALY_CLEAN|MODEL_HIGH_CONFIDENCE|ROUTE_SEWER|STORAGE_NORMAL|OVERRIDE_SAFETY_CRITICAL,"MODEL DECISION: Sewer Bypass (Confidence: 100.0%). MODEL EXPLANATION: SHAP indicates the primary model contributors were TSS_mg_L, TUR_NTU, DO_mg_L. SAFETY OVERRIDE: Although the ML model predicted Sewer Bypass, an independent critical water-quality condition triggered the highest-priority safety rule. Therefore, the final route was changed to Sewer Bypass."
185,Bio-filtration,0.9957,TSS_mg_L,126.58,0.6617,E_coli_CFU_100mL,81432.0,0.3684,DO_mg_L,2.3,0.3101,Bio-filtration,PROCEED_WITH_TREATMENT,False,WQ_HIGH_BOD|WQ_HIGH_TURBIDITY|ANOMALY_CLEAN|MODEL_HIGH_CONFIDENCE|ROUTE_BIOFILTRATION|STORAGE_NORMAL|WEATHER_FAVORABLE,"MODEL DECISION: Bio-filtration (Confidence: 99.6%). MODEL EXPLANATION: SHAP indicates the primary model contributors were TSS_mg_L, E_coli_CFU_100mL, DO_mg_L. FINAL DECISION: Bio-filtration was approved with action 'PROCEED_WITH_TREATMENT'. No safety, anomaly, meteorological, or storage overrides were triggered."
186,Sewer Bypass,0.9877,DO_mg_L,0.3,2.9293,COD_mg_L,806.9,2.4378,BOD_mg_L,80.9,-0.4995,Sewer Bypass,SAFETY_OVERRIDE,True,WQ_HIGH_COD|WQ_SEPTIC_RISK|WQ_CRITICAL|ANOMALY_CLEAN|MODEL_HIGH_CONFIDENCE|ROUTE_SEWER|STORAGE_NORMAL|OVERRIDE_SAFETY_CRITICAL,"MODEL DECISION: Sewer Bypass (Confidence: 98.8%). MODEL EXPLANATION: SHAP indicates the primary model contributors were DO_mg_L, COD_mg_L, BOD_mg_L. SAFETY OVERRIDE: Although the ML model predicted Sewer Bypass, an independent critical water-quality condition triggered the highest-priority safety rule. Therefore, the final route was changed to Sewer Bypass."
187,Bio-filtration,0.99,Greywater_Source_Mixed,1.0,1.0859,TSS_mg_L,23.08,-0.3659,BOD_mg_L,119.41,0.3362,Bio-filtration,PROCEED_WITH_TREATMENT,False,WQ_ACCEPTABLE|ANOMALY_CLEAN|MODEL_HIGH_CONFIDENCE|ROUTE_BIOFILTRATION|STORAGE_NORMAL|WEATHER_FAVORABLE,"MODEL DECISION: Bio-filtration (Confidence: 99.0%). MODEL EXPLANATION: SHAP indicates the primary model contributors were Greywater_Source_Mixed, TSS_mg_L, BOD_mg_L. FINAL DECISION: Bio-filtration was approved with action 'PROCEED_WITH_TREATMENT'. No safety, anomaly, meteorological, or storage overrides were triggered."
188,Restricted Irrigation,0.9889,TSS_mg_L,69.66,1.1414,E_coli_CFU_100mL,35432.0,0.8557,Greywater_Source_Bathroom,1.0,0.6354,Restricted Irrigation,ALLOW_ROUTE,False,WQ_ACCEPTABLE|ANOMALY_CLEAN|MODEL_HIGH_CONFIDENCE|ROUTE_IRRIGATION|STORAGE_NORMAL|WEATHER_FAVORABLE,"MODEL DECISION: Restricted Irrigation (Confidence: 98.9%). MODEL EXPLANATION: SHAP indicates the primary model contributors were TSS_mg_L, E_coli_CFU_100mL, Greywater_Source_Bathroom. FINAL DECISION: Restricted Irrigation was approved with action 'ALLOW_ROUTE'. No safety, anomaly, meteorological, or storage overrides were triggered."
189,Restricted Irrigation,0.9828,TSS_mg_L,68.95,1.1429,COD_mg_L,149.43,0.7905,E_coli_CFU_100mL,15149.0,0.7548,Restricted Irrigation,ALLOW_ROUTE,False,WQ_ACCEPTABLE|ANOMALY_CLEAN|MODEL_HIGH_CONFIDENCE|ROUTE_IRRIGATION|STORAGE_NORMAL|WEATHER_FAVORABLE,"MODEL DECISION: Restricted Irrigation (Confidence: 98.3%). MODEL EXPLANATION: SHAP indicates the primary model contributors were TSS_mg_L, COD_mg_L, E_coli_CFU_100mL. FINAL DECISION: Restricted Irrigation was approved with action 'ALLOW_ROUTE'. No safety, anomaly, meteorological, or storage overrides were triggered."
190,Bio-filtration,0.9963,TSS_mg_L,134.81,0.6799,BOD_mg_L,165.11,0.3634,DO_mg_L,1.64,0.2952,Bio-filtration,PROCEED_WITH_TREATMENT,False,WQ_ACCEPTABLE|ANOMALY_CLEAN|MODEL_HIGH_CONFIDENCE|ROUTE_BIOFILTRATION|STORAGE_NORMAL|WEATHER_FAVORABLE,"MODEL DECISION: Bio-filtration (Confidence: 99.6%). MODEL EXPLANATION: SHAP indicates the primary model contributors were TSS_mg_L, BOD_mg_L, DO_mg_L. FINAL DECISION: Bio-filtration was approved with action 'PROCEED_WITH_TREATMENT'. No safety, anomaly, meteorological, or storage overrides were triggered."
191,Sewer Bypass,0.9935,DO_mg_L,0.3,2.9114,COD_mg_L,1000.0,2.0634,E_coli_CFU_100mL,133366.0,-0.2129,Sewer Bypass,SAFETY_OVERRIDE,True,WQ_HIGH_ECOLI|WQ_HIGH_COD|WQ_HIGH_BOD|WQ_HIGH_TURBIDITY|WQ_SEPTIC_RISK|WQ_CRITICAL|ANOMALY_CLEAN|MODEL_HIGH_CONFIDENCE|ROUTE_SEWER|STORAGE_NORMAL|OVERRIDE_SAFETY_CRITICAL,"MODEL DECISION: Sewer Bypass (Confidence: 99.4%). MODEL EXPLANATION: SHAP indicates the primary model contributors were DO_mg_L, COD_mg_L, E_coli_CFU_100mL. SAFETY OVERRIDE: Although the ML model predicted Sewer Bypass, an independent critical water-quality condition triggered the highest-priority safety rule. Therefore, the final route was changed to Sewer Bypass."
192,Sewer Bypass,0.9928,DO_mg_L,0.3,2.8553,COD_mg_L,730.4,2.3622,BOD_mg_L,239.1,-0.4431,Sewer Bypass,SAFETY_OVERRIDE,True,WQ_HIGH_COD|WQ_HIGH_TURBIDITY|WQ_SEPTIC_RISK|WQ_CRITICAL|ANOMALY_CLEAN|MODEL_HIGH_CONFIDENCE|ROUTE_SEWER|STORAGE_NORMAL|OVERRIDE_SAFETY_CRITICAL,"MODEL DECISION: Sewer Bypass (Confidence: 99.3%). MODEL EXPLANATION: SHAP indicates the primary model contributors were DO_mg_L, COD_mg_L, BOD_mg_L. SAFETY OVERRIDE: Although the ML model predicted Sewer Bypass, an independent critical water-quality condition triggered the highest-priority safety rule. Therefore, the final route was changed to Sewer Bypass."
193,Bio-filtration,0.9928,TSS_mg_L,113.64,0.7487,Greywater_Source_Mixed,0.0,-0.2683,TUR_NTU,57.65,0.2312,Bio-filtration,PROCEED_WITH_TREATMENT,False,WQ_ACCEPTABLE|ANOMALY_CLEAN|MODEL_HIGH_CONFIDENCE|ROUTE_BIOFILTRATION|STORAGE_NORMAL|WEATHER_FAVORABLE,"MODEL DECISION: Bio-filtration (Confidence: 99.3%). MODEL EXPLANATION: SHAP indicates the primary model contributors were TSS_mg_L, Greywater_Source_Mixed, TUR_NTU. FINAL DECISION: Bio-filtration was approved with action 'PROCEED_WITH_TREATMENT'. No safety, anomaly, meteorological, or storage overrides were triggered."
194,Sewer Bypass,0.9999,DO_mg_L,0.3,2.3256,COD_mg_L,812.51,2.2386,BOD_mg_L,527.86,1.8053,Sewer Bypass,SAFETY_OVERRIDE,True,WQ_HIGH_ECOLI|WQ_HIGH_COD|WQ_HIGH_BOD|WQ_HIGH_TURBIDITY|WQ_SEPTIC_RISK|WQ_CRITICAL|ANOMALY_CLEAN|MODEL_HIGH_CONFIDENCE|ROUTE_SEWER|STORAGE_NORMAL|OVERRIDE_SAFETY_CRITICAL,"MODEL DECISION: Sewer Bypass (Confidence: 100.0%). MODEL EXPLANATION: SHAP indicates the primary model contributors were DO_mg_L, COD_mg_L, BOD_mg_L. SAFETY OVERRIDE: Although the ML model predicted Sewer Bypass, an independent critical water-quality condition triggered the highest-priority safety rule. Therefore, the final route was changed to Sewer Bypass."
195,Sewer Bypass,0.9998,DO_mg_L,0.3,2.3457,COD_mg_L,1000.0,1.9045,TUR_NTU,149.03,1.2964,Sewer Bypass,SAFETY_OVERRIDE,True,WQ_HIGH_ECOLI|WQ_HIGH_COD|WQ_HIGH_BOD|WQ_HIGH_TURBIDITY|WQ_SEPTIC_RISK|WQ_CRITICAL|ANOMALY_CLEAN|MODEL_HIGH_CONFIDENCE|ROUTE_SEWER|STORAGE_NORMAL|OVERRIDE_SAFETY_CRITICAL,"MODEL DECISION: Sewer Bypass (Confidence: 100.0%). MODEL EXPLANATION: SHAP indicates the primary model contributors were DO_mg_L, COD_mg_L, TUR_NTU. SAFETY OVERRIDE: Although the ML model predicted Sewer Bypass, an independent critical water-quality condition triggered the highest-priority safety rule. Therefore, the final route was changed to Sewer Bypass."
196,Bio-filtration,0.9709,TSS_mg_L,94.45,0.7733,Greywater_Source_Mixed,0.0,-0.2659,DO_mg_L,4.19,0.1639,Bio-filtration,PROCEED_WITH_TREATMENT,False,WQ_ACCEPTABLE|ANOMALY_CLEAN|MODEL_HIGH_CONFIDENCE|ROUTE_BIOFILTRATION|STORAGE_NORMAL|WEATHER_FAVORABLE,"MODEL DECISION: Bio-filtration (Confidence: 97.1%). MODEL EXPLANATION: SHAP indicates the primary model contributors were TSS_mg_L, Greywater_Source_Mixed, DO_mg_L. FINAL DECISION: Bio-filtration was approved with action 'PROCEED_WITH_TREATMENT'. No safety, anomaly, meteorological, or storage overrides were triggered."
197,Bio-filtration,0.8697,Greywater_Source_Mixed,1.0,1.0672,TSS_mg_L,56.32,-0.3797,COD_mg_L,287.84,0.1157,Bio-filtration,PROCEED_WITH_TREATMENT,False,WQ_ACCEPTABLE|ANOMALY_CLEAN|MODEL_HIGH_CONFIDENCE|ROUTE_BIOFILTRATION|STORAGE_NORMAL|WEATHER_FAVORABLE,"MODEL DECISION: Bio-filtration (Confidence: 87.0%). MODEL EXPLANATION: SHAP indicates the primary model contributors were Greywater_Source_Mixed, TSS_mg_L, COD_mg_L. FINAL DECISION: Bio-filtration was approved with action 'PROCEED_WITH_TREATMENT'. No safety, anomaly, meteorological, or storage overrides were triggered."
198,Restricted Irrigation,0.9443,TSS_mg_L,74.11,1.0922,COD_mg_L,129.73,0.7811,E_coli_CFU_100mL,18141.0,0.6907,Restricted Irrigation,ALLOW_ROUTE,False,WQ_ACCEPTABLE|ANOMALY_CLEAN|MODEL_HIGH_CONFIDENCE|ROUTE_IRRIGATION|STORAGE_NORMAL|WEATHER_FAVORABLE,"MODEL DECISION: Restricted Irrigation (Confidence: 94.4%). MODEL EXPLANATION: SHAP indicates the primary model contributors were TSS_mg_L, COD_mg_L, E_coli_CFU_100mL. FINAL DECISION: Restricted Irrigation was approved with action 'ALLOW_ROUTE'. No safety, anomaly, meteorological, or storage overrides were triggered."
199,Restricted Irrigation,0.9635,TSS_mg_L,78.99,0.9952,COD_mg_L,153.58,0.8141,E_coli_CFU_100mL,14731.0,0.7396,Restricted Irrigation,ALLOW_ROUTE,False,WQ_ACCEPTABLE|ANOMALY_CLEAN|MODEL_HIGH_CONFIDENCE|ROUTE_IRRIGATION|STORAGE_NORMAL|WEATHER_FAVORABLE,"MODEL DECISION: Restricted Irrigation (Confidence: 96.4%). MODEL EXPLANATION: SHAP indicates the primary model contributors were TSS_mg_L, COD_mg_L, E_coli_CFU_100mL. FINAL DECISION: Restricted Irrigation was approved with action 'ALLOW_ROUTE'. No safety, anomaly, meteorological, or storage overrides were triggered."
200,Bio-filtration,0.9991,Greywater_Source_Mixed,1.0,0.8897,TSS_mg_L,123.54,0.6025,BOD_mg_L,260.2,0.3338,Bio-filtration,PROCEED_WITH_TREATMENT,False,WQ_HIGH_BOD|WQ_HIGH_TURBIDITY|ANOMALY_CLEAN|MODEL_HIGH_CONFIDENCE|ROUTE_BIOFILTRATION|STORAGE_NORMAL|WEATHER_FAVORABLE,"MODEL DECISION: Bio-filtration (Confidence: 99.9%). MODEL EXPLANATION: SHAP indicates the primary model contributors were Greywater_Source_Mixed, TSS_mg_L, BOD_mg_L. FINAL DECISION: Bio-filtration was approved with action 'PROCEED_WITH_TREATMENT'. No safety, anomaly, meteorological, or storage overrides were triggered."
201,Sewer Bypass,0.9999,DO_mg_L,0.3,2.2704,COD_mg_L,913.63,2.1115,BOD_mg_L,455.02,1.6595,Sewer Bypass,SAFETY_OVERRIDE,True,WQ_HIGH_COD|WQ_HIGH_BOD|WQ_SEPTIC_RISK|WQ_CRITICAL|ANOMALY_CLEAN|MODEL_HIGH_CONFIDENCE|ROUTE_SEWER|STORAGE_NORMAL|OVERRIDE_SAFETY_CRITICAL,"MODEL DECISION: Sewer Bypass (Confidence: 100.0%). MODEL EXPLANATION: SHAP indicates the primary model contributors were DO_mg_L, COD_mg_L, BOD_mg_L. SAFETY OVERRIDE: Although the ML model predicted Sewer Bypass, an independent critical water-quality condition triggered the highest-priority safety rule. Therefore, the final route was changed to Sewer Bypass."
202,Bio-filtration,0.9988,Greywater_Source_Mixed,1.0,0.8857,TSS_mg_L,150.98,0.5834,TUR_NTU,73.88,0.2387,Bio-filtration,PROCEED_WITH_TREATMENT,False,WQ_ACCEPTABLE|ANOMALY_CLEAN|MODEL_HIGH_CONFIDENCE|ROUTE_BIOFILTRATION|STORAGE_NORMAL|WEATHER_FAVORABLE,"MODEL DECISION: Bio-filtration (Confidence: 99.9%). MODEL EXPLANATION: SHAP indicates the primary model contributors were Greywater_Source_Mixed, TSS_mg_L, TUR_NTU. FINAL DECISION: Bio-filtration was approved with action 'PROCEED_WITH_TREATMENT'. No safety, anomaly, meteorological, or storage overrides were triggered."
203,Restricted Irrigation,0.9887,TSS_mg_L,74.79,1.1169,COD_mg_L,126.54,0.8007,E_coli_CFU_100mL,5755.0,0.7755,Restricted Irrigation,ALLOW_ROUTE,False,WQ_ACCEPTABLE|ANOMALY_CLEAN|MODEL_HIGH_CONFIDENCE|ROUTE_IRRIGATION|STORAGE_NORMAL|WEATHER_FAVORABLE,"MODEL DECISION: Restricted Irrigation (Confidence: 98.9%). MODEL EXPLANATION: SHAP indicates the primary model contributors were TSS_mg_L, COD_mg_L, E_coli_CFU_100mL. FINAL DECISION: Restricted Irrigation was approved with action 'ALLOW_ROUTE'. No safety, anomaly, meteorological, or storage overrides were triggered."
204,Sewer Bypass,0.9922,BOD_mg_L,532.63,2.6434,COD_mg_L,745.68,1.7977,DO_mg_L,1.33,-0.6248,Sewer Bypass,SAFETY_OVERRIDE,True,WQ_HIGH_COD|WQ_HIGH_BOD|WQ_CRITICAL|ANOMALY_CLEAN|MODEL_HIGH_CONFIDENCE|ROUTE_SEWER|STORAGE_NORMAL|OVERRIDE_SAFETY_CRITICAL,"MODEL DECISION: Sewer Bypass (Confidence: 99.2%). MODEL EXPLANATION: SHAP indicates the primary model contributors were BOD_mg_L, COD_mg_L, DO_mg_L. SAFETY OVERRIDE: Although the ML model predicted Sewer Bypass, an independent critical water-quality condition triggered the highest-priority safety rule. Therefore, the final route was changed to Sewer Bypass."
205,Sewer Bypass,0.9665,BOD_mg_L,434.91,2.6523,COD_mg_L,608.88,1.2995,DO_mg_L,2.77,-0.9482,Sewer Bypass,SAFETY_OVERRIDE,True,WQ_HIGH_COD|WQ_HIGH_BOD|WQ_HIGH_TURBIDITY|WQ_CRITICAL|ANOMALY_CLEAN|MODEL_HIGH_CONFIDENCE|ROUTE_SEWER|STORAGE_NORMAL|OVERRIDE_SAFETY_CRITICAL,"MODEL DECISION: Sewer Bypass (Confidence: 96.7%). MODEL EXPLANATION: SHAP indicates the primary model contributors were BOD_mg_L, COD_mg_L, DO_mg_L. SAFETY OVERRIDE: Although the ML model predicted Sewer Bypass, an independent critical water-quality condition triggered the highest-priority safety rule. Therefore, the final route was changed to Sewer Bypass."
206,Bio-filtration,0.9972,TSS_mg_L,131.96,0.6963,BOD_mg_L,272.18,0.3466,DO_mg_L,1.54,0.3168,Bio-filtration,PROCEED_WITH_TREATMENT,False,WQ_HIGH_BOD|ANOMALY_CLEAN|MODEL_HIGH_CONFIDENCE|ROUTE_BIOFILTRATION|STORAGE_NORMAL|WEATHER_FAVORABLE,"MODEL DECISION: Bio-filtration (Confidence: 99.7%). MODEL EXPLANATION: SHAP indicates the primary model contributors were TSS_mg_L, BOD_mg_L, DO_mg_L. FINAL DECISION: Bio-filtration was approved with action 'PROCEED_WITH_TREATMENT'. No safety, anomaly, meteorological, or storage overrides were triggered."
207,Bio-filtration,0.9654,TSS_mg_L,104.65,0.7649,Greywater_Source_Mixed,0.0,-0.2712,DO_mg_L,3.9,0.1502,Bio-filtration,PROCEED_WITH_TREATMENT,False,WQ_ACCEPTABLE|ANOMALY_CLEAN|MODEL_HIGH_CONFIDENCE|ROUTE_BIOFILTRATION|STORAGE_NORMAL|WEATHER_FAVORABLE,"MODEL DECISION: Bio-filtration (Confidence: 96.5%). MODEL EXPLANATION: SHAP indicates the primary model contributors were TSS_mg_L, Greywater_Source_Mixed, DO_mg_L. FINAL DECISION: Bio-filtration was approved with action 'PROCEED_WITH_TREATMENT'. No safety, anomaly, meteorological, or storage overrides were triggered."
208,Bio-filtration,0.9992,Greywater_Source_Mixed,1.0,0.8945,TSS_mg_L,151.23,0.5863,BOD_mg_L,184.68,0.3471,Bio-filtration,PROCEED_WITH_TREATMENT,False,WQ_ACCEPTABLE|ANOMALY_CLEAN|MODEL_HIGH_CONFIDENCE|ROUTE_BIOFILTRATION|STORAGE_NORMAL|WEATHER_FAVORABLE,"MODEL DECISION: Bio-filtration (Confidence: 99.9%). MODEL EXPLANATION: SHAP indicates the primary model contributors were Greywater_Source_Mixed, TSS_mg_L, BOD_mg_L. FINAL DECISION: Bio-filtration was approved with action 'PROCEED_WITH_TREATMENT'. No safety, anomaly, meteorological, or storage overrides were triggered."
209,Bio-filtration,0.9395,TSS_mg_L,135.99,0.6608,DO_mg_L,1.38,0.3993,BOD_mg_L,334.95,0.2986,Bio-filtration,PROCEED_WITH_TREATMENT,False,WQ_HIGH_COD|WQ_HIGH_BOD|ANOMALY_CLEAN|MODEL_HIGH_CONFIDENCE|ROUTE_BIOFILTRATION|STORAGE_NORMAL|WEATHER_FAVORABLE,"MODEL DECISION: Bio-filtration (Confidence: 94.0%). MODEL EXPLANATION: SHAP indicates the primary model contributors were TSS_mg_L, DO_mg_L, BOD_mg_L. FINAL DECISION: Bio-filtration was approved with action 'PROCEED_WITH_TREATMENT'. No safety, anomaly, meteorological, or storage overrides were triggered."
210,Bio-filtration,0.9756,E_coli_CFU_100mL,116873.0,0.6174,TSS_mg_L,61.01,-0.4429,Greywater_Source_Mixed,0.0,-0.3152,Bio-filtration,PROCEED_WITH_TREATMENT,False,WQ_HIGH_ECOLI|ANOMALY_CLEAN|MODEL_HIGH_CONFIDENCE|ROUTE_BIOFILTRATION|STORAGE_NORMAL|WEATHER_FAVORABLE,"MODEL DECISION: Bio-filtration (Confidence: 97.6%). MODEL EXPLANATION: SHAP indicates the primary model contributors were E_coli_CFU_100mL, TSS_mg_L, Greywater_Source_Mixed. FINAL DECISION: Bio-filtration was approved with action 'PROCEED_WITH_TREATMENT'. No safety, anomaly, meteorological, or storage overrides were triggered."
211,Bio-filtration,0.9988,Greywater_Source_Mixed,1.0,0.8743,TSS_mg_L,203.57,0.5361,E_coli_CFU_100mL,89990.0,0.4009,Bio-filtration,PROCEED_WITH_TREATMENT,False,WQ_HIGH_TURBIDITY|ANOMALY_CLEAN|MODEL_HIGH_CONFIDENCE|ROUTE_BIOFILTRATION|STORAGE_NORMAL|WEATHER_FAVORABLE,"MODEL DECISION: Bio-filtration (Confidence: 99.9%). MODEL EXPLANATION: SHAP indicates the primary model contributors were Greywater_Source_Mixed, TSS_mg_L, E_coli_CFU_100mL. FINAL DECISION: Bio-filtration was approved with action 'PROCEED_WITH_TREATMENT'. No safety, anomaly, meteorological, or storage overrides were triggered."
212,Bio-filtration,0.9992,Greywater_Source_Mixed,1.0,0.9941,E_coli_CFU_100mL,85358.0,0.4979,BOD_mg_L,165.01,0.3226,Bio-filtration,PROCEED_WITH_TREATMENT,False,WQ_ACCEPTABLE|ANOMALY_CLEAN|MODEL_HIGH_CONFIDENCE|ROUTE_BIOFILTRATION|STORAGE_NORMAL|WEATHER_FAVORABLE,"MODEL DECISION: Bio-filtration (Confidence: 99.9%). MODEL EXPLANATION: SHAP indicates the primary model contributors were Greywater_Source_Mixed, E_coli_CFU_100mL, BOD_mg_L. FINAL DECISION: Bio-filtration was approved with action 'PROCEED_WITH_TREATMENT'. No safety, anomaly, meteorological, or storage overrides were triggered."
213,Restricted Irrigation,0.9774,TSS_mg_L,73.11,1.1403,E_coli_CFU_100mL,6763.0,0.7337,Greywater_Source_Bathroom,1.0,0.6231,Restricted Irrigation,ALLOW_ROUTE,False,WQ_ACCEPTABLE|ANOMALY_CLEAN|MODEL_HIGH_CONFIDENCE|ROUTE_IRRIGATION|STORAGE_NORMAL|WEATHER_FAVORABLE,"MODEL DECISION: Restricted Irrigation (Confidence: 97.7%). MODEL EXPLANATION: SHAP indicates the primary model contributors were TSS_mg_L, E_coli_CFU_100mL, Greywater_Source_Bathroom. FINAL DECISION: Restricted Irrigation was approved with action 'ALLOW_ROUTE'. No safety, anomaly, meteorological, or storage overrides were triggered."
214,Bio-filtration,0.9689,E_coli_CFU_100mL,131818.0,0.6292,TSS_mg_L,55.72,-0.431,Greywater_Source_Mixed,0.0,-0.3221,Bio-filtration,PROCEED_WITH_TREATMENT,False,WQ_HIGH_ECOLI|ANOMALY_CLEAN|MODEL_HIGH_CONFIDENCE|ROUTE_BIOFILTRATION|STORAGE_NORMAL|WEATHER_FAVORABLE,"MODEL DECISION: Bio-filtration (Confidence: 96.9%). MODEL EXPLANATION: SHAP indicates the primary model contributors were E_coli_CFU_100mL, TSS_mg_L, Greywater_Source_Mixed. FINAL DECISION: Bio-filtration was approved with action 'PROCEED_WITH_TREATMENT'. No safety, anomaly, meteorological, or storage overrides were triggered."
215,Restricted Irrigation,0.986,TSS_mg_L,83.17,1.0545,E_coli_CFU_100mL,19293.0,0.8072,Greywater_Source_Bathroom,1.0,0.612,Restricted Irrigation,ALLOW_ROUTE,False,WQ_ACCEPTABLE|ANOMALY_CLEAN|MODEL_HIGH_CONFIDENCE|ROUTE_IRRIGATION|STORAGE_NORMAL|WEATHER_FAVORABLE,"MODEL DECISION: Restricted Irrigation (Confidence: 98.6%). MODEL EXPLANATION: SHAP indicates the primary model contributors were TSS_mg_L, E_coli_CFU_100mL, Greywater_Source_Bathroom. FINAL DECISION: Restricted Irrigation was approved with action 'ALLOW_ROUTE'. No safety, anomaly, meteorological, or storage overrides were triggered."
216,Bio-filtration,0.9722,TSS_mg_L,164.4,0.6127,DO_mg_L,1.36,0.4052,E_coli_CFU_100mL,252730.0,0.3673,Bio-filtration,PROCEED_WITH_TREATMENT,False,WQ_HIGH_ECOLI|WQ_HIGH_COD|WQ_HIGH_BOD|WQ_HIGH_TURBIDITY|ANOMALY_CLEAN|MODEL_HIGH_CONFIDENCE|ROUTE_BIOFILTRATION|STORAGE_NORMAL|WEATHER_FAVORABLE,"MODEL DECISION: Bio-filtration (Confidence: 97.2%). MODEL EXPLANATION: SHAP indicates the primary model contributors were TSS_mg_L, DO_mg_L, E_coli_CFU_100mL. FINAL DECISION: Bio-filtration was approved with action 'PROCEED_WITH_TREATMENT'. No safety, anomaly, meteorological, or storage overrides were triggered."
217,Restricted Irrigation,0.8175,TSS_mg_L,35.6,1.1544,E_coli_CFU_100mL,11941.0,0.7217,Greywater_Source_Bathroom,1.0,0.6335,Restricted Irrigation,ALLOW_ROUTE,False,WQ_ACCEPTABLE|ANOMALY_CLEAN|MODEL_HIGH_CONFIDENCE|ROUTE_IRRIGATION|STORAGE_NORMAL|WEATHER_FAVORABLE,"MODEL DECISION: Restricted Irrigation (Confidence: 81.8%). MODEL EXPLANATION: SHAP indicates the primary model contributors were TSS_mg_L, E_coli_CFU_100mL, Greywater_Source_Bathroom. FINAL DECISION: Restricted Irrigation was approved with action 'ALLOW_ROUTE'. No safety, anomaly, meteorological, or storage overrides were triggered."
218,Sewer Bypass,0.9152,BOD_mg_L,402.64,2.4116,DO_mg_L,2.37,-0.7891,COD_mg_L,563.69,0.6048,Sewer Bypass,SAFETY_OVERRIDE,True,WQ_HIGH_ECOLI|WQ_HIGH_COD|WQ_HIGH_BOD|WQ_HIGH_TURBIDITY|WQ_CRITICAL|ANOMALY_CLEAN|MODEL_HIGH_CONFIDENCE|ROUTE_SEWER|STORAGE_NORMAL|OVERRIDE_SAFETY_CRITICAL,"MODEL DECISION: Sewer Bypass (Confidence: 91.5%). MODEL EXPLANATION: SHAP indicates the primary model contributors were BOD_mg_L, DO_mg_L, COD_mg_L. SAFETY OVERRIDE: Although the ML model predicted Sewer Bypass, an independent critical water-quality condition triggered the highest-priority safety rule. Therefore, the final route was changed to Sewer Bypass."
219,Restricted Irrigation,0.9865,TSS_mg_L,12.56,1.0076,E_coli_CFU_100mL,11801.0,0.788,COD_mg_L,166.12,0.7743,Restricted Irrigation,ALLOW_ROUTE,False,WQ_ACCEPTABLE|ANOMALY_CLEAN|MODEL_HIGH_CONFIDENCE|ROUTE_IRRIGATION|STORAGE_NORMAL|WEATHER_FAVORABLE,"MODEL DECISION: Restricted Irrigation (Confidence: 98.7%). MODEL EXPLANATION: SHAP indicates the primary model contributors were TSS_mg_L, E_coli_CFU_100mL, COD_mg_L. FINAL DECISION: Restricted Irrigation was approved with action 'ALLOW_ROUTE'. No safety, anomaly, meteorological, or storage overrides were triggered."
220,Bio-filtration,0.9677,TSS_mg_L,110.17,0.6539,E_coli_CFU_100mL,179684.0,0.3891,DO_mg_L,1.32,0.3748,Bio-filtration,PROCEED_WITH_TREATMENT,False,WQ_HIGH_ECOLI|WQ_EXTREME_PH|WQ_HIGH_COD|WQ_HIGH_BOD|WQ_HIGH_TURBIDITY|ANOMALY_CLEAN|MODEL_HIGH_CONFIDENCE|ROUTE_BIOFILTRATION|STORAGE_NORMAL|WEATHER_FAVORABLE,"MODEL DECISION: Bio-filtration (Confidence: 96.8%). MODEL EXPLANATION: SHAP indicates the primary model contributors were TSS_mg_L, E_coli_CFU_100mL, DO_mg_L. FINAL DECISION: Bio-filtration was approved with action 'PROCEED_WITH_TREATMENT'. No safety, anomaly, meteorological, or storage overrides were triggered."
221,Bio-filtration,0.9995,Greywater_Source_Mixed,1.0,0.8873,TSS_mg_L,145.84,0.551,E_coli_CFU_100mL,99088.0,0.4028,Bio-filtration,PROCEED_WITH_TREATMENT,False,WQ_ACCEPTABLE|ANOMALY_CLEAN|MODEL_HIGH_CONFIDENCE|ROUTE_BIOFILTRATION|STORAGE_NORMAL|WEATHER_FAVORABLE,"MODEL DECISION: Bio-filtration (Confidence: 100.0%). MODEL EXPLANATION: SHAP indicates the primary model contributors were Greywater_Source_Mixed, TSS_mg_L, E_coli_CFU_100mL. FINAL DECISION: Bio-filtration was approved with action 'PROCEED_WITH_TREATMENT'. No safety, anomaly, meteorological, or storage overrides were triggered."
222,Sewer Bypass,0.9957,E_coli_CFU_100mL,700488.0,2.5536,TDS_mg_L,812.27,1.0889,DO_mg_L,1.37,-0.8099,Sewer Bypass,SAFETY_OVERRIDE,True,WQ_HIGH_ECOLI|WQ_HIGH_COD|WQ_HIGH_BOD|WQ_HIGH_TURBIDITY|WQ_HIGH_TDS|WQ_CRITICAL|ANOMALY_CLEAN|MODEL_HIGH_CONFIDENCE|ROUTE_SEWER|STORAGE_NORMAL|OVERRIDE_SAFETY_CRITICAL,"MODEL DECISION: Sewer Bypass (Confidence: 99.6%). MODEL EXPLANATION: SHAP indicates the primary model contributors were E_coli_CFU_100mL, TDS_mg_L, DO_mg_L. SAFETY OVERRIDE: Although the ML model predicted Sewer Bypass, an independent critical water-quality condition triggered the highest-priority safety rule. Therefore, the final route was changed to Sewer Bypass."
223,Bio-filtration,0.9949,TSS_mg_L,200.51,0.6695,BOD_mg_L,233.46,0.3608,DO_mg_L,1.66,0.2871,Bio-filtration,PROCEED_WITH_TREATMENT,False,WQ_HIGH_TURBIDITY|ANOMALY_CLEAN|MODEL_HIGH_CONFIDENCE|ROUTE_BIOFILTRATION|STORAGE_NORMAL|WEATHER_FAVORABLE,"MODEL DECISION: Bio-filtration (Confidence: 99.5%). MODEL EXPLANATION: SHAP indicates the primary model contributors were TSS_mg_L, BOD_mg_L, DO_mg_L. FINAL DECISION: Bio-filtration was approved with action 'PROCEED_WITH_TREATMENT'. No safety, anomaly, meteorological, or storage overrides were triggered."
224,Restricted Irrigation,0.9723,TSS_mg_L,75.8,1.1174,E_coli_CFU_100mL,60105.0,0.6518,Greywater_Source_Bathroom,1.0,0.6265,Restricted Irrigation,ALLOW_ROUTE,False,WQ_ACCEPTABLE|ANOMALY_CLEAN|MODEL_HIGH_CONFIDENCE|ROUTE_IRRIGATION|STORAGE_NORMAL|WEATHER_FAVORABLE,"MODEL DECISION: Restricted Irrigation (Confidence: 97.2%). MODEL EXPLANATION: SHAP indicates the primary model contributors were TSS_mg_L, E_coli_CFU_100mL, Greywater_Source_Bathroom. FINAL DECISION: Restricted Irrigation was approved with action 'ALLOW_ROUTE'. No safety, anomaly, meteorological, or storage overrides were triggered."
225,Bio-filtration,0.988,TSS_mg_L,163.86,0.6363,E_coli_CFU_100mL,322827.0,0.3641,BOD_mg_L,193.81,0.336,Bio-filtration,PROCEED_WITH_TREATMENT,False,WQ_HIGH_ECOLI|WQ_HIGH_COD|WQ_HIGH_TURBIDITY|ANOMALY_CLEAN|MODEL_HIGH_CONFIDENCE|ROUTE_BIOFILTRATION|STORAGE_NORMAL|WEATHER_FAVORABLE,"MODEL DECISION: Bio-filtration (Confidence: 98.8%). MODEL EXPLANATION: SHAP indicates the primary model contributors were TSS_mg_L, E_coli_CFU_100mL, BOD_mg_L. FINAL DECISION: Bio-filtration was approved with action 'PROCEED_WITH_TREATMENT'. No safety, anomaly, meteorological, or storage overrides were triggered."
